,CHECK,CRV-C,CRV-O,CVC,CVO,DOWN_MONSECTION,DRA_DEG,FR,FROM,FROM FILE,HEADER,LINE,NOTE,SHUTDS,T,TAGS,TO,UP_MONSECTION,XCOORD,YCOORD
,n/a,n/a,n/a,GAL/MIN-PSI.5,GAL/MIN-PSI.5,n/a,PERCENT,FR,n/a,n/a,n/a,n/a,n/a,n/a,MIN,n/a,n/a,n/a,n/a,n/a
B_BELPL_06_4_A0_MLV,No,BALL_NPS34_REMOTE_CAN_9MIN_30_70_EXISTING_CLOSE,BALL_NPS34_REMOTE_CAN_9MIN_30_70_EXISTING_OPEN,,199902,0,,1,NO_BELPL_06_4_S,INPREP_INC\KSTA\KSTA_IMLV.INC,No,69,,"""NO""",9,,NO_BELPL_06_4_D,0,10070,1688
B_BELPL_33_1_A0_MLV,No,BALL_NPS34_REMOTE_CAN_9MIN_30_70_EXISTING_CLOSE,BALL_NPS34_REMOTE_CAN_9MIN_30_70_EXISTING_OPEN,,199902,0,,1,NO_BELPL_33_1_S,INPREP_INC\KSTA\KSTA_IMLV.INC,No,71,,"""NO""",9,,NO_BELPL_33_1_D,0,10270,988
B_BELPL_45_1_A0_MLV,No,BALL_NPS34_REMOTE_CAN_12MIN_30_70_CLOSE,BALL_NPS34_REMOTE_CAN_12MIN_30_70_OPEN,,240300,0,,1,NO_BELPL_45_1_CKV_D,INPREP_INC\KSTA\KSTA_IMLV.INC,No,74,/* Manual,"""NO""",12,,NO_BELPL_45_1_D,0,10470,1688
B_BNDLO_20_5_A0_MLV,No,BALL_NPS30_REMOTE_CAN_6MIN_CLOSE,BALL_NPS30_REMOTE_CAN_6MIN_OPEN,,184400,0,,1,NO_BNDLO_20_5_S,INPREP_INC\KSTA\KSTA_IMLV.INC,No,37,,"""NO""",6,,NO_BNDLO_20_5_D,0,4470,1688
B_BNDLO_22_0_A0_MLV,No,BALL_NPS30_REMOTE_CAN_6MIN_CLOSE,BALL_NPS30_REMOTE_CAN_6MIN_OPEN,,184400,0,,1,NO_BNDLO_22_0_CKV_D,INPREP_INC\KSTA\KSTA_IMLV.INC,No,40,/* Manual,"""NO""",6,,NO_BNDLO_22_0_D,0,4470,1088
B_BRSTL_31_2_A0_MLV,No,BALL_NPS34_REMOTE_CAN_12MIN_30_70_EXISTING_CLOSE,BALL_NPS34_REMOTE_CAN_12MIN_30_70_EXISTING_OPEN,,199902,0,,1,NO_BRSTL_31_2_S,INPREP_INC\KSTA\KSTA_IMLV.INC,No,42,,"""NO""",12,,NO_BRSTL_31_2_D,0,4870,1788
B_BRYAN_01A_B0_MLV,No,BALL_NPS36_REMOTE_CSHNG_4.7MIN_CLOSE,BALL_NPS36_REMOTE_CSHNG_6MIN_80_20_OPEN,,271300,0,,1,NO_BRYAN_01A_S,INPREP_INC\KSTD\KSTD_IMLV.INC,No,93,,"""NO""",4.683,,NO_BRYAN_01A_D,0,37382,5553
B_BRYAN_01B_B0_MLV,No,BALL_NPS36_REMOTE_CSHNG_4.7MIN_CLOSE,BALL_NPS36_REMOTE_CSHNG_6MIN_80_20_OPEN,,271300,0,,1,NO_BRYAN_01B_S,INPREP_INC\KSTD\KSTD_IMLV.INC,No,31,,"""NO""",4.68,,NO_BRYAN_01B_D,0,37382,4953
B_BRYAN_02A_B0_MLV,No,BALL_NPS36_REMOTE_CSHNG_4.7MIN_CLOSE,BALL_NPS36_REMOTE_CSHNG_6MIN_80_20_OPEN,,271300,0,,1,NO_BRYAN_02A_CKV_D,INPREP_INC\KSTD\KSTD_IMLV.INC,No,33,,"""NO""",4.68,,NO_BRYAN_02A_D,0,37580,4153
B_BRYAN_02B_B0_MLV,No,BALL_NPS36_REMOTE_CSHNG_4.7MIN_CLOSE,BALL_NPS36_REMOTE_CSHNG_6MIN_80_20_OPEN,,271300,0,,1,NO_BRYAN_02B_S,INPREP_INC\KSTD\KSTD_IMLV.INC,No,35,,"""NO""",4.683,,NO_BRYAN_02B_D,0,37780,4653
B_BRYAN_03A_B0_MLV,No,BALL_NPS36_REMOTE_CSHNG_4.7MIN_CLOSE,BALL_NPS36_REMOTE_CSHNG_6MIN_80_20_OPEN,,271300,0,,1,NO_BRYAN_03A_S,INPREP_INC\KSTD\KSTD_IMLV.INC,No,37,,"""NO""",4.683,,NO_BRYAN_03A_D,0,37780,5153
B_BRYAN_04A_B0_MLV,No,BALL_NPS36_REMOTE_CSHNG_4.7MIN_CLOSE,BALL_NPS36_REMOTE_CSHNG_6MIN_80_20_OPEN,,271300,0,,1,NO_BRYAN_04A_CKV_D,INPREP_INC\KSTD\KSTD_IMLV.INC,No,39,,"""NO""",4.68,,NO_BRYAN_04A_D,0,37780,5653
B_BURNS_01A_B0_MLV,No,BALL_NPS36_REMOTE_CSHNG_4.7MIN_CLOSE,Linear (built-in),,271300,0,,1,NO_BURNS_01A_S,INPREP_INC\KSTC\KSTC_IMLV.INC,No,24,,"""NO""",4.67,,NO_BURNS_01A_D,0,32025,5436
B_CABRP_25_1_A0_MLV,No,BALL_NPS34_REMOTE_CAN_9MIN_30_70_EXISTING_CLOSE,BALL_NPS34_REMOTE_CAN_9MIN_30_70_EXISTING_OPEN,,199902,0,,1,NO_CABRP_25_1_S,INPREP_INC\KSTA\KSTA_IMLV.INC,No,48,,"""NO""",9,,NO_CABRP_25_1_D,0,6270,1688
B_CARMA_36_4_A0_MLV,No,BALL_NPS30_REMOTE_CAN_9MIN_CLOSE,BALL_NPS30_REMOTE_CAN_9MIN_OPEN,,184400,0,,1,NO_CARMA_36_4_S,INPREP_INC\KSTA\KSTA_IMLV.INC,No,128,,"""NO""",9,,NO_CARMA_36_4_D,0,18269,1602
B_CARMA_49_2_A0_MLV,No,BALL_NPS30_REMOTE_CAN_6MIN_CLOSE,BALL_NPS30_REMOTE_CAN_6MIN_OPEN,,184400,0,,1,NO_CARMA_49_2_CKV_D,INPREP_INC\KSTA\KSTA_IMLV.INC,No,133,/* Manual,"""NO""",6,,NO_CARMA_49_2_D,0,18670,1707
B_CAROP_23_3_A0_MLV,No,BALL_NPS34_REMOTE_CAN_9MIN_30_70_EXISTING_CLOSE,BALL_NPS34_REMOTE_CAN_9MIN_30_70_EXISTING_OPEN,,199902,0,,1,NO_CAROP_23_3_S,INPREP_INC\KSTA\KSTA_IMLV.INC,No,62,,"""NO""",9,,NO_CAROP_23_3_D,0,9270,1688
B_CAROP_39_7_A0_MLV,No,BALL_NPS34_REMOTE_CAN_12MIN_30_70_CLOSE,BALL_NPS34_REMOTE_CAN_12MIN_30_70_OPEN,,240300,0,,1,NO_CAROP_39_7_S,INPREP_INC\KSTA\KSTA_IMLV.INC,No,64,,"""NO""",12,,NO_CAROP_39_7_D,0,9470,988
B_CAROP_40_8_A0_MLV,No,BALL_NPS34_REMOTE_CAN_12MIN_30_70_CLOSE,BALL_NPS34_REMOTE_CAN_12MIN_30_70_OPEN,,240300,0,,1,NO_CAROP_40_8_CKV_D,INPREP_INC\KSTA\KSTA_IMLV.INC,No,67,/* Manual,"""NO""",12,,NO_CAROP_40_8_D,0,9670,1688
B_CHPLN_05_1_A0_MLV,No,BALL_NPS34_REMOTE_CAN_9MIN_30_70_EXISTING_CLOSE,BALL_NPS34_REMOTE_CAN_9MIN_30_70_EXISTING_OPEN,,199902,0,,1,NO_CHPLN_05_1_S,INPREP_INC\KSTA\KSTA_IMLV.INC,No,56,,"""NO""",9,,NO_CHPLN_05_1_D,0,8470,1688
B_CHPLN_32_8_A0_MLV,No,BALL_NPS34_REMOTE_CAN_12MIN_30_70_EXISTING_CLOSE,BALL_NPS34_REMOTE_CAN_12MIN_30_70_EXISTING_OPEN,,199902,0,,1,NO_CHPLN_32_8_S,INPREP_INC\KSTA\KSTA_IMLV.INC,No,58,,"""NO""",12,,NO_CHPLN_32_8_D,0,8670,1088
B_CHPLN_51_6_A0_MLV,No,BALL_NPS34_REMOTE_CAN_12MIN_30_70_CLOSE,BALL_NPS34_REMOTE_CAN_12MIN_30_70_OPEN,,240300,0,,1,NO_CHPLN_51_6_S,INPREP_INC\KSTA\KSTA_IMLV.INC,No,60,,"""NO""",12,,NO_CHPLN_51_6_D,0,8870,1688
B_CNTRL_19_5_A0_MLV,No,BALL_NPS30_REMOTE_US_6MIN_CLOSE,BALL_NPS30_REMOTE_US_6MIN_OPEN,,184400,0,,1,NO_CNTRL_19_5_S,INPREP_INC\KSTB\KSTB_IMLV.INC,No,32,,"""NO""",6,,NO_CNTRL_19_5_D,0,35070,1728
B_CNTRL_21_1_A0_MLV,No,BALL_NPS30_REMOTE_US_6MIN_CLOSE,BALL_NPS30_REMOTE_US_6MIN_OPEN,,184400,0,,1,NO_CNTRL_21_1_CKV_D,INPREP_INC\KSTB\KSTB_IMLV.INC,No,35,/* Manual,"""NO""",6,,NO_CNTRL_21_1_D,0,35470,1628
B_CORGN_01A_B0_MLV,No,BALL_NPS36_REMOTE_CSHNG_4.7MIN_CLOSE,BALL_NPS36_REMOTE_CSHNG_6MIN_80_20_OPEN,,271300,0,,1,NO_CORGN_01A_S,INPREP_INC\KSTD\KSTD_IMLV.INC,No,69,,"""NO""",4.683,,NO_CORGN_01A_D,0,41378,4953
B_CORGN_01B_B0_MLV,No,BALL_NPS36_REMOTE_CSHNG_4.7MIN_CLOSE,BALL_NPS36_REMOTE_CSHNG_6MIN_80_20_OPEN,,271300,0,,1,NO_CORGN_01B_S,INPREP_INC\KSTD\KSTD_IMLV.INC,No,71,,"""NO""",4.683,,NO_CORGN_01B_D,0,41378,5553
B_CORGN_02A_B0_MLV,No,BALL_NPS36_REMOTE_CSHNG_4.7MIN_CLOSE,BALL_NPS36_REMOTE_CSHNG_6MIN_80_20_OPEN,,271300,0,,1,NO_CORGN_02A_S,INPREP_INC\KSTD\KSTD_IMLV.INC,No,73,,"""NO""",4.683,,NO_CORGN_02A_D,0,41780,4953
B_CORGN_03A_B0_MLV,No,BALL_NPS36_REMOTE_CSHNG_4.7MIN_CLOSE,BALL_NPS36_REMOTE_CSHNG_6MIN_80_20_OPEN,,271300,0,,1,NO_CORGN_03A_S,INPREP_INC\KSTD\KSTD_IMLV.INC,No,75,,"""NO""",4.683,,NO_CORGN_03A_D,0,41780,5553
B_CRMWL_01A_B0_MLV,No,BALL_NPS36_REMOTE_CSHNG_4.7MIN_CLOSE,BALL_NPS36_REMOTE_CSHNG_6MIN_80_20_OPEN,,271300,0,,1,NO_CRMWL_01A_S,INPREP_INC\KSTD\KSTD_IMLV.INC,No,83,,"""NO""",4.683,,NO_CRMWL_01A_D,0,35784,5553
B_CRMWL_02A_B0_MLV,No,BALL_NPS36_REMOTE_CSHNG_4.7MIN_CLOSE,BALL_NPS36_REMOTE_CSHNG_6MIN_80_20_OPEN,,271300,0,,1,NO_CRMWL_02A_S,INPREP_INC\KSTD\KSTD_IMLV.INC,No,85,,"""NO""",4.683,,NO_CRMWL_02A_D,0,35980,4953
B_CRMWL_03A_B0_MLV,No,BALL_NPS36_REMOTE_CSHNG_4.7MIN_CLOSE,BALL_NPS36_REMOTE_CSHNG_6MIN_80_20_OPEN,,271300,0,,1,NO_CRMWL_03A_CKV_D,INPREP_INC\KSTD\KSTD_IMLV.INC,No,87,,"""NO""",4.683,,NO_CRMWL_03A_D,0,36180,5566
B_CRNDL_08_1_A0_MLV,No,BALL_NPS34_REMOTE_CAN_9MIN_30_70_CLOSE,BALL_NPS34_REMOTE_CAN_9MIN_30_70_OPEN,,240300,0,,1,NO_CRNDL_08_1_CKV_D,INPREP_INC\KSTA\KSTA_IMLV.INC,No,101,/* Manual,"""NO""",9,,NO_CRNDL_08_1_D,0,14870,1388
B_CRNDL_26_4_A0_MLV,No,BALL_NPS34_REMOTE_CAN_9MIN_30_70_EXISTING_CLOSE,BALL_NPS34_REMOTE_CAN_9MIN_30_70_EXISTING_OPEN,,199902,0,,1,NO_CRNDL_26_4_S,INPREP_INC\KSTA\KSTA_IMLV.INC,No,103,,"""NO""",9,,NO_CRNDL_26_4_D,0,14870,788
B_CRNDL_39_7_A0_MLV,No,BALL_NPS34_REMOTE_CAN_12MIN_30_70_CLOSE,BALL_NPS34_REMOTE_CAN_12MIN_30_70_OPEN,,240300,0,,1,NO_CRNDL_39_7_S,INPREP_INC\KSTA\KSTA_IMLV.INC,No,105,,"""NO""",12,,NO_CRNDL_39_7_D,0,15270,888
B_CRNDL_43_0_A0_MLV,No,BALL_NPS34_REMOTE_CAN_12MIN_30_70_CLOSE,BALL_NPS34_REMOTE_CAN_12MIN_30_70_OPEN,,240300,0,,1,NO_CRNDL_43_0_CKV_D,INPREP_INC\KSTA\KSTA_IMLV.INC,No,108,/* Manual,"""NO""",12,,NO_CRNDL_43_0_D,0,15270,1688
B_CRPTR_15_7_A0_MLV,No,BALL_NPS30_REMOTE_US_6MIN_CLOSE,BALL_NPS30_REMOTE_US_6MIN_OPEN,,184400,0,,1,NO_CRPTR_15_7_S,INPREP_INC\KSTA\KSTA_IMLV.INC,No,168,,"""NO""",6,,NO_CRPTR_15_7_D,0,24670,1688
B_CRPTR_44_2_A0_MLV,No,BALL_NPS30_REMOTE_US_9MIN_CLOSE,BALL_NPS30_REMOTE_US_9MIN_OPEN,,184400,0,,1,NO_CRPTR_44_2_S,INPREP_INC\KSTA\KSTA_IMLV.INC,No,170,,"""NO""",9,,NO_CRPTR_44_2_D,0,25070,1688
B_CSHNG_B0_MOV2201,No,GATE_NPS30_PS_CSHNG_4.6MIN_CLOSE,GATE_NPS30_PS_CSHNG_4.6MIN_OPEN,,138927,0,,1,NO_CSHNG_N1,INPREP_INC\KSTC\LDS\CSHNG.INC,No,6,,"""NO""",4.017,,NO_CSHNG_DEL,0,33995,6078
B_CSHNG_B0_MOV2408,No,Linear (built-in),Linear (built-in),,184400,0,,1,NO_CSHTT_REC,INPREP_INC\KSTD\LDS\CSHTT.INC,No,3,,"""NO""",,,NO_CSHTT_N2,0,33624,6794
B_CSHSP_01A_B0_MLV,No,BALL_NPS36_REMOTE_CSHNG_4.7MIN_CLOSE,BALL_NPS36_REMOTE_CSHNG_6MIN_80_20_OPEN,,271300,0,,1,NO_CSHSP_01A_S,INPREP_INC\KSTD\KSTD_IMLV.INC,No,15,,"""NO""",4.683,,NO_CSHSP_01A_D,0,34984,5045
B_CSHSP_01B_B0_MLV,No,BALL_NPS36_REMOTE_CSHNG_4.7MIN_CLOSE,BALL_NPS36_REMOTE_CSHNG_6MIN_80_20_OPEN,,271300,0,,1,NO_CSHSP_01B_S,INPREP_INC\KSTD\KSTD_IMLV.INC,No,17,,"""NO""",4.683,,NO_CSHSP_01B_D,0,34984,5597
B_CSHSP_02A_B0_MLV,No,BALL_NPS36_REMOTE_CSHNG_4.7MIN_CLOSE,BALL_NPS36_REMOTE_CSHNG_6MIN_80_20_OPEN,,271300,0,,1,NO_CSHSP_02A_CKV_D,INPREP_INC\KSTD\KSTD_IMLV.INC,No,19,,"""NO""",4.68,,NO_CSHSP_02A_D,0,35184,4241
B_CSHSP_03A_B0_MLV,No,BALL_NPS36_REMOTE_CSHNG_4.7MIN_CLOSE,BALL_NPS36_REMOTE_CSHNG_6MIN_80_20_OPEN,,271300,0,,1,NO_CSHSP_03A_S,INPREP_INC\KSTD\KSTD_IMLV.INC,No,25,,"""NO""",4.683,,NO_CSHSP_03A_D,0,35380,4813
B_CSHSP_04A_B0_MLV,No,BALL_NPS36_REMOTE_CSHNG_4.7MIN_CLOSE,BALL_NPS36_REMOTE_CSHNG_6MIN_80_20_OPEN,,271300,0,,1,NO_CSHSP_04A_CKV_D,INPREP_INC\KSTD\KSTD_IMLV.INC,No,27,,"""NO""",4.68,,NO_CSHSP_04A_D,0,35380,5603
B_CSHSP_B0_MOV0100,No,BALL_NPS36_REMOTE_CSHNG_6MIN_80_20_CLOSE,BALL_NPS36_REMOTE_CSHNG_6MIN_80_20_OPEN,,184400,0,,1,NO_CSHNG_S,INPREP_INC\KSTD\LDS\CSHSP.INC,No,16,,"""NO""",6,,NO_CSHSP_N1,0,33625,6184
B_DELTA_01A_B0_MLV,No,BALL_NPS36_REMOTE_CSHNG_4.7MIN_CLOSE,BALL_NPS36_REMOTE_CSHNG_6MIN_80_20_OPEN,,271300,0,,1,NO_DELTA_01A_S,INPREP_INC\KSTD\KSTD_IMLV.INC,No,41,,"""NO""",4.683,,NO_DELTA_01A_D,0,38182,5559
B_DELTA_02A_B0_MLV,No,BALL_NPS36_REMOTE_CSHNG_4.7MIN_CLOSE,BALL_NPS36_REMOTE_CSHNG_6MIN_80_20_OPEN,,271300,0,,1,NO_DELTA_02A_CKV_D,INPREP_INC\KSTD\KSTD_IMLV.INC,No,43,,"""NO""",4.68,,NO_DELTA_02A_D,0,38182,4659
B_DELTA_03A_B0_MLV,No,BALL_NPS36_REMOTE_CSHNG_4.7MIN_CLOSE,BALL_NPS36_REMOTE_CSHNG_6MIN_80_20_OPEN,,271300,0,,1,NO_DELTA_03A_S,INPREP_INC\KSTD\KSTD_IMLV.INC,No,45,,"""NO""",4.683,,NO_DELTA_03A_D,0,38580,4559
B_DELTA_04A_B0_MLV,No,BALL_NPS36_REMOTE_CSHNG_4.7MIN_CLOSE,BALL_NPS36_REMOTE_CSHNG_6MIN_80_20_OPEN,,271300,0,,1,NO_DELTA_04A_S,INPREP_INC\KSTD\KSTD_IMLV.INC,No,47,,"""NO""",4.683,,NO_DELTA_04A_D,0,38580,5059
B_DVDCT_21_5_A0_MLV,No,BALL_NPS30_REMOTE_US_6MIN_CLOSE,BALL_NPS30_REMOTE_US_6MIN_OPEN,,184400,0,,1,NO_DVDCT_21_5_S,INPREP_INC\KSTA\KSTA_IMLV.INC,No,205,,"""NO""",6,,NO_DVDCT_21_5_D,0,28670,1788
B_DVDCT_25_6_A0_MLV,No,WALHL_CURVE_6MIN,BALL_NPS30_REMOTE_US_6MIN_OPEN,,184400,0,,1,NO_DVDCT_25_6_S,INPREP_INC\KSTA\KSTA_IMLV.INC,No,208,/* Manual,"""NO""",6,,NO_DVDCT_25_6_D,0,28670,1088
B_DVDCT_36_8_A0_MLV,No,BALL_NPS30_REMOTE_US_9MIN_CLOSE,BALL_NPS30_REMOTE_US_9MIN_OPEN,,184400,0,,1,NO_DVDCT_36_8_S,INPREP_INC\KSTA\KSTA_IMLV.INC,No,210,,"""NO""",9,,NO_DVDCT_36_8_D,0,29070,888
B_DVDCT_39_2_A0_MLV,No,BALL_NPS30_REMOTE_US_9MIN_CLOSE,BALL_NPS30_REMOTE_US_9MIN_OPEN,,184400,0,,1,NO_DVDCT_39_2_S,INPREP_INC\KSTA\KSTA_IMLV.INC,No,212,,"""NO""",9,,NO_DVDCT_39_2_D,0,29070,1227
B_DVDCT_41_6_A0_MLV,No,BALL_NPS30_REMOTE_US_9MIN_CLOSE,BALL_NPS30_REMOTE_US_9MIN_OPEN,,184400,0,,1,NO_DVDCT_41_6_CKV_D,INPREP_INC\KSTA\KSTA_IMLV.INC,No,215,/* Manual,"""NO""",9,,NO_DVDCT_41_6_D,0,29070,1688
B_EDNBG_15_5_A0_MLV,No,BALL_NPS30_REMOTE_US_6MIN_CLOSE,BALL_NPS30_REMOTE_US_6MIN_OPEN,,184400,0,,1,NO_EDNBG_15_5_CKV_D,INPREP_INC\KSTA\KSTA_IMLV.INC,No,145,/* Manual,"""NO""",6,,NO_EDNBG_15_5_D,0,20070,1488
B_ELMCK_VIRT,No,BALL_NPS30_REMOTE_CAN_9MIN_CLOSE,BALL_NPS30_REMOTE_CAN_9MIN_OPEN,,184400,0,,1,NO_ELMCK_VIRT_S,INPREP_INC\KSTA\KSTA_IMLV.INC,No,130,,"""NO""",9,,NO_ELMCK_VIRT_D,0,17670,1522
B_FERNY_14_3_A0_MLV,No,BALL_NPS30_REMOTE_US_6MIN_CLOSE,BALL_NPS30_REMOTE_US_6MIN_OPEN,,184400,0,,1,NO_FERNY_14_3_S,INPREP_INC\KSTA\KSTA_IMLV.INC,No,160,,"""NO""",6,,NO_FERNY_14_3_D,0,23870,1688
B_FERNY_30_8_A0_MLV,No,BALL_NPS30_REMOTE_US_9MIN_CLOSE,BALL_NPS30_REMOTE_US_9MIN_OPEN,,184400,0,,1,NO_FERNY_30_8_S,INPREP_INC\KSTA\KSTA_IMLV.INC,No,163,/* Manual,"""NO""",9,,NO_FERNY_30_8_D,0,23870,1088
B_FERNY_38_9_A0_MLV,No,BALL_NPS30_REMOTE_US_6MIN_CLOSE,BALL_NPS30_REMOTE_US_6MIN_OPEN,,184400,0,,1,NO_FERNY_38_9_CKV_D,INPREP_INC\KSTA\KSTA_IMLV.INC,No,166,/* Manual,"""NO""",6,,NO_FERNY_38_9_D,0,24270,1388
B_FREMA_12_1_A0_MLV,No,BALL_NPS30_REMOTE_US_6MIN_CLOSE,BALL_NPS30_REMOTE_US_6MIN_OPEN,,184400,0,,1,NO_FREMA_12_1_S,INPREP_INC\KSTA\KSTA_IMLV.INC,No,179,,"""NO""",6,,NO_FREMA_12_1_D,0,26270,1688
B_FREMA_25_7_A0_MLV,No,BALL_NPS30_REMOTE_US_12MIN_30_70_CLOSE,BALL_NPS30_REMOTE_US_6MIN_OPEN,,184400,0,,1,NO_FREMA_25_7_S,INPREP_INC\KSTA\KSTA_IMLV.INC,No,181,,"""NO""",12,,NO_FREMA_25_7_D,0,26270,1080
B_FREMA_30_8_A0_MLV,No,BALL_NPS30_REMOTE_US_12MIN_30_70_CLOSE,BALL_NPS30_REMOTE_US_6MIN_OPEN,,184400,0,,1,NO_FREMA_30_8_S,INPREP_INC\KSTA\KSTA_IMLV.INC,No,183,,"""NO""",12,,NO_FREMA_30_8_D,0,26453,800
B_FREMA_39_3_A0_MLV,No,BALL_NPS30_REMOTE_US_6MIN_CLOSE,BALL_NPS30_REMOTE_US_6MIN_OPEN,,184400,0,,1,NO_FREMA_39_3_CKV_D,INPREP_INC\KSTA\KSTA_IMLV.INC,No,186,/* Manual,"""NO""",6,,NO_FREMA_39_3_D,0,26670,1588
B_FTRSM_09_5_A0_MLV,No,BALL_NPS30_REMOTE_US_6MIN_CLOSE,BALL_NPS30_REMOTE_US_6MIN_OPEN,,184400,0,,1,NO_FTRSM_09_5_S,INPREP_INC\KSTA\KSTA_IMLV.INC,No,151,,"""NO""",6,,NO_FTRSM_09_5_D,0,22270,1688
B_FTRSM_15_5_A0_MLV,No,BALL_NPS30_REMOTE_US_6MIN_CLOSE,BALL_NPS30_REMOTE_US_6MIN_OPEN,,184400,0,,1,NO_FTRSM_15_5_CKV_D,INPREP_INC\KSTA\KSTA_IMLV.INC,No,154,/* Manual,"""NO""",6,,NO_FTRSM_15_5_D,0,22470,888
B_FTRSM_31_7_A0_MLV,No,BALL_NPS30_REMOTE_US_6MIN_CLOSE,BALL_NPS30_REMOTE_US_6MIN_OPEN,,184400,0,,1,NO_FTRSM_31_7_S,INPREP_INC\KSTA\KSTA_IMLV.INC,No,156,,"""NO""",6,,NO_FTRSM_31_7_D,0,22670,1688
B_GRNFL_26_2_A0_MLV,No,BALL_NPS34_REMOTE_CAN_9MIN_30_70_EXISTING_CLOSE,BALL_NPS34_REMOTE_CAN_9MIN_30_70_EXISTING_OPEN,,199902,0,,1,NO_GRNFL_26_2_S,INPREP_INC\KSTA\KSTA_IMLV.INC,No,85,,"""NO""",9,,NO_GRNFL_26_2_D,0,12470,1588
B_HOPEP_01A_B0_MLV,No,BALL_NPS36_REMOTE_CSHNG_4.7MIN_CLOSE,BALL_NPS36_REMOTE_CSHNG_4.7MIN_OPEN,,271300,0,,1,NO_HOPEP_01A_S,INPREP_INC\KSTC\KSTC_IMLV.INC,No,19,,"""NO""",4.683,,NO_HOPEP_01A_D,0,31625,5436
B_HOPEP_02A_B0_MLV,No,BALL_NPS36_REMOTE_CSHNG_9MIN_80_20_CLOSE,BALL_NPS36_REMOTE_CSHNG_4.7MIN_OPEN,,271300,0,,1,NO_HOPEP_02A_CKV_D,INPREP_INC\KSTC\KSTC_IMLV.INC,No,22,/* Manual,"""NO""",9,,NO_HOPEP_02A_D,0,31625,4376
B_HRBRT_25_9_A0_MLV,No,BALL_NPS34_REMOTE_CAN_9MIN_30_70_EXISTING_CLOSE,BALL_NPS34_REMOTE_CAN_9MIN_30_70_EXISTING_OPEN,,199902,0,,1,NO_HRBRT_25_9_S,INPREP_INC\KSTA\KSTA_IMLV.INC,No,54,,"""NO""",9,,NO_HRBRT_25_9_D,0,7870,1788
B_HRDSY_32_1_A0_MLV,No,BALL_NPS30_REMOTE_CAN_6MIN_CLOSE,BALL_NPS30_REMOTE_CAN_6MIN_OPEN,,184400,0,,1,NO_HRDSY_32_1_S,INPREP_INC\KSTA\KSTA_IMLV.INC,No,3,,"""NO""",6,,NO_HRDSY_32_1_D,0,1370,1690
B_HRTFD_22_0_A0_MLV,No,BALL_NPS30_REMOTE_US_6MIN_CLOSE,BALL_NPS30_REMOTE_US_6MIN_OPEN,,184400,0,,1,NO_HRTFD_22_0_S,INPREP_INC\KSTB\KSTB_IMLV.INC,No,49,,"""NO""",6,,NO_HRTFD_22_0_D,0,38114,1758
B_HRTGT_25_2_A0_MLV,No,BALL_NPS30_REMOTE_US_6MIN_CLOSE,BALL_NPS30_REMOTE_US_6MIN_OPEN,,184400,0,,1,NO_HRTGT_25_2_S,INPREP_INC\KSTA\KSTA_IMLV.INC,No,188,,"""NO""",6,,NO_HRTGT_25_2_D,0,27070,1688
B_HRTGT_48_6_A0_MLV,No,BALL_NPS30_REMOTE_US_9MIN_CLOSE,BALL_NPS30_REMOTE_US_9MIN_OPEN,,184400,0,,1,NO_HRTGT_48_6_S,INPREP_INC\KSTA\KSTA_IMLV.INC,No,190,,"""NO""",9,,NO_HRTGT_48_6_D,0,27470,1688
B_HSTNL_01A_B0_MLV,No,BALL_NPS30_PS_CSHNG_4.7MIN_CLOSE,Linear (built-in),,264986,0,,1,NO_HSTNL_01A_S,INPREP_INC\KSTD\KSTD_IMLV.INC,No,3,,"""NO""",4.6,,NO_HSTNL_01A_D,0,42582,6713
B_HSTNL_02A_B0_MLV,No,BALL_NPS30_PS_CSHNG_4.7MIN_CLOSE,Linear (built-in),,264986,0,,1,NO_HSTNL_02A_S,INPREP_INC\KSTD\KSTD_IMLV.INC,No,5,,"""NO""",4.6,,NO_HSTNL_02A_D,0,42580,7278
B_HSTNL_03A_B0_MLV,No,BALL_NPS36_PS_CSHNG_4.7MIN_CLOSE,Linear (built-in),,264986,0,,1,NO_HSTNL_03A_CKV_D,INPREP_INC\KSTD\KSTD_IMLV.INC,No,7,,"""NO""",4.6,,NO_HSTNL_03A_D,0,42780,7953
B_HSTNL_04A_B0_MLV,No,BALL_NPS36_REMOTE_CSHNG_4.7MIN_CLOSE,Linear (built-in),,264986,0,,1,NO_HSTNL_04A_S,INPREP_INC\KSTD\KSTD_IMLV.INC,No,9,,"""NO""",4.6,,NO_HSTNL_04A_D,0,42980,7353
B_HSTNL_05A_B0_MLV,No,BALL_NPS36_PS_CSHNG_4.7MIN_CLOSE,Linear (built-in),,264986,0,,1,NO_HSTNL_05A_S,INPREP_INC\KSTD\KSTD_IMLV.INC,No,11,,"""NO""",4.6,,NO_HSTNL_05A_D,0,42980,6753
B_HSTNL_06A_B0_MLV,No,BALL_NPS36_PS_CSHNG_4.7MIN_CLOSE,Linear (built-in),,264986,0,,1,NO_HSTNL_06A_CKV_D,INPREP_INC\KSTD\KSTD_IMLV.INC,No,13,,"""NO""",4.6,,NO_HSTNL_06A_D,0,43135,6058
B_KENDL_08_2_A0_MLV,No,BALL_NPS34_REMOTE_CAN_9MIN_30_70_EXISTING_CLOSE,BALL_NPS34_REMOTE_CAN_9MIN_30_70_EXISTING_OPEN,,199902,0,,1,NO_KENDL_08_2_S,INPREP_INC\KSTA\KSTA_IMLV.INC,No,78,,"""NO""",9,,NO_KENDL_08_2_D,0,11670,1688
B_KENDL_32_8_A0_MLV,No,BALL_NPS34_REMOTE_CAN_9MIN_30_70_EXISTING_CLOSE,BALL_NPS34_REMOTE_CAN_9MIN_30_70_EXISTING_OPEN,,199902,0,,1,NO_KENDL_32_8_S,INPREP_INC\KSTA\KSTA_IMLV.INC,No,80,,"""NO""",9,,NO_KENDL_32_8_D,0,11670,1060
B_KENDL_41_1_A0_MLV,No,BALL_NPS34_REMOTE_CAN_9MIN_30_70_CLOSE,BALL_NPS34_REMOTE_CAN_9MIN_30_70_OPEN,,240300,0,,1,NO_KENDL_41_1_CKV_D,INPREP_INC\KSTA\KSTA_IMLV.INC,No,83,/* Manual,"""NO""",9,,NO_KENDL_41_1_D,0,12070,1488
B_LBNTL_05_6_A0_MLV,No,BALL_NPS34_REMOTE_CAN_12MIN_30_70_CLOSE,BALL_NPS34_REMOTE_CAN_9MIN_30_70_OPEN,,240300,0,,1,NO_LBNTL_05_6_S,INPREP_INC\KSTA\KSTA_IMLV.INC,No,44,,"""NO""",12,,NO_LBNTL_05_6_D,0,5270,1688
B_LBNTL_25_3_A0_MLV,No,BALL_NPS34_REMOTE_CAN_12MIN_30_70_EXISTING_CLOSE,BALL_NPS34_REMOTE_CAN_9MIN_30_70_EXISTING_OPEN,,199902,0,,1,NO_LBNTL_25_3_S,INPREP_INC\KSTA\KSTA_IMLV.INC,No,46,,"""NO""",12,,NO_LBNTL_25_3_D,0,5670,1588
B_LIBRT_02A_B0_MLV,No,BALL_NPS36_REMOTE_CSHNG_4.7MIN_CLOSE,BALL_NPS36_REMOTE_CSHNG_6MIN_80_20_OPEN,,271300,0,,1,NO_LIBRT_02A_S,INPREP_INC\KSTD\KSTD_IMLV.INC,No,77,,"""NO""",4.683,,NO_LIBRT_02A_D,0,42577,4863
B_LIBRT_03A_B0_MLV,No,BALL_NPS36_REMOTE_CSHNG_4.7MIN_CLOSE,BALL_NPS36_REMOTE_CSHNG_6MIN_80_20_OPEN,,271300,0,,1,NO_LIBRT_03A_S,INPREP_INC\KSTD\KSTD_IMLV.INC,No,79,,"""NO""",4.683,,NO_LIBRT_03A_D,0,42780,4253
B_LIBRT_04A_B0_MLV,No,BALL_NPS36_REMOTE_CSHNG_4.7MIN_CLOSE,BALL_NPS36_REMOTE_CSHNG_6MIN_80_20_OPEN,,271300,0,,1,NO_LIBRT_04A_S,INPREP_INC\KSTD\KSTD_IMLV.INC,No,81,,"""NO""",4.683,,NO_LIBRT_04A_D,0,42979,4753
B_LIBRT_B0_MOV0206,No,Linear (built-in),Linear (built-in),,264986,0,,1,NO_LIBRT_D,INPREP_INC\KSTD\LDS\LIBRT.INC,No,15,,"""NO""",4.6,,NO_LIBRT_N3,0,42175,5838
B_LKSND_05_8_A0_MLV,No,BALL_NPS30_REMOTE_CAN_6MIN_CLOSE,BALL_NPS30_REMOTE_CAN_6MIN_OPEN,,184400,0,,1,NO_LKSND_05_8_CKV_D,INPREP_INC\KSTA\KSTA_IMLV.INC,No,8,/* Manual,"""NO""",6,,NO_LKSND_05_8_D,0,2070,1488
B_LKSND_29_7_A0_MLV,No,BALL_NPS30_REMOTE_CAN_6MIN_CLOSE,BALL_NPS30_REMOTE_CAN_6MIN_OPEN,,184400,0,,1,NO_LKSND_29_7_S,INPREP_INC\KSTA\KSTA_IMLV.INC,No,13,,"""NO""",6,,NO_LKSND_29_7_D,0,2070,988
B_LKSND_36_8_A0_MLV,No,BALL_NPS30_REMOTE_CAN_6MIN_CLOSE,BALL_NPS30_REMOTE_CAN_6MIN_OPEN,,184400,0,,1,NO_LKSND_36_8_CKV_D,INPREP_INC\KSTA\KSTA_IMLV.INC,No,18,/* Manual,"""NO""",6,,NO_LKSND_36_8_D,0,2470,1188
B_LKSND_51_4_A0_MLV,No,BALL_NPS30_REMOTE_CAN_6MIN_CLOSE,BALL_NPS30_REMOTE_CAN_6MIN_OPEN,,184400,0,,1,NO_LKSND_51_4_S,INPREP_INC\KSTA\KSTA_IMLV.INC,No,20,,"""NO""",6,,NO_LKSND_51_4_D,0,2470,1650
B_LKTLR_01A_B0_MLV,No,BALL_NPS36_REMOTE_CSHNG_4.7MIN_CLOSE,BALL_NPS36_REMOTE_CSHNG_6MIN_80_20_OPEN,,271300,0,,1,NO_LKTLR_01A_S,INPREP_INC\KSTD\KSTD_IMLV.INC,No,57,,"""NO""",4.683,,NO_LKTLR_01A_D,0,39788,5453
B_LKTLR_02A_B0_MLV,No,BALL_NPS36_REMOTE_CSHNG_4.7MIN_CLOSE,BALL_NPS36_REMOTE_CSHNG_6MIN_80_20_OPEN,,271300,0,,1,NO_LKTLR_02A_S,INPREP_INC\KSTD\KSTD_IMLV.INC,No,59,,"""NO""",4.683,,NO_LKTLR_02A_D,0,39980,4753
B_LKTLR_03A_B0_MLV,No,BALL_NPS36_REMOTE_CSHNG_4.7MIN_CLOSE,BALL_NPS36_REMOTE_CSHNG_6MIN_80_20_OPEN,,271300,0,,1,NO_LKTLR_03A_S,INPREP_INC\KSTD\KSTD_IMLV.INC,No,61,,"""NO""",4.683,,NO_LKTLR_03A_D,0,40180,5453
B_LUCAS_B0_MOV2003,No,Linear (built-in),Linear (built-in),,271300,0,,1,NO_LUCAS_S,INPREP_INC\KSTD\LDS\LUCAS.INC,No,8,,"""NO""",4.683,,NO_LUCAS_CKV_S,0,43106,5257
B_LUCAS_B0_MOV2007,No,CLOSE_BALL_36,OPEN_BALL_36,,35342,0,,1,NO_LUCAS_S,INPREP_INC\KSTD\LDS\LUCAS.INC,No,4,,"""NO""",3,,NO_LUCAS_N1,0,42977,5378
B_LUCAS_B0_MOV2011,No,CLOSE_BALL_36,OPEN_BALL_36,,35342,0,,1,NO_LUCAS_N1,INPREP_INC\KSTD\LDS\LUCAS.INC,No,6,,"""NO""",3,,NO_LUCAS_N2,0,43117,5498
B_LUDDE_23_8_A0_MLV,No,BALL_NPS30_REMOTE_US_6MIN_CLOSE,BALL_NPS30_REMOTE_US_6MIN_OPEN,,184400,0,,1,NO_LUDDE_23_8_S,INPREP_INC\KSTA\KSTA_IMLV.INC,No,158,,"""NO""",6,,NO_LUDDE_23_8_D,0,23270,1688
B_LUFKN_01A_B0_MLV,No,BALL_NPS36_REMOTE_CSHNG_4.7MIN_CLOSE,BALL_NPS36_REMOTE_CSHNG_6MIN_80_20_OPEN,,271300,0,,1,NO_LUFKN_01A_S,INPREP_INC\KSTD\KSTD_IMLV.INC,No,63,,"""NO""",4.683,,NO_LUFKN_01A_D,0,40584,4953
B_LUFKN_01B_B0_MLV,No,BALL_NPS36_REMOTE_CSHNG_4.7MIN_CLOSE,BALL_NPS36_REMOTE_CSHNG_6MIN_80_20_OPEN,,271300,0,,1,NO_LUFKN_01B_S,INPREP_INC\KSTD\KSTD_IMLV.INC,No,65,,"""NO""",4.683,,NO_LUFKN_01B_D,0,40584,5553
B_LUFKN_02A_B0_MLV,No,BALL_NPS36_REMOTE_CSHNG_4.7MIN_CLOSE,BALL_NPS36_REMOTE_CSHNG_6MIN_80_20_OPEN,,271300,0,,1,NO_LUFKN_02A_CKV_D,INPREP_INC\KSTD\KSTD_IMLV.INC,No,67,,"""NO""",4.68,,NO_LUFKN_02A_D,0,40980,5371
B_LUVER_44_2_A0_MLV,No,BALL_NPS30_REMOTE_US_9MIN_CLOSE,BALL_NPS30_REMOTE_US_9MIN_OPEN,,184400,0,,1,NO_LUVER_44_2_S,INPREP_INC\KSTA\KSTA_IMLV.INC,No,149,,"""NO""",9,,NO_LUVER_44_2_D,0,21870,1688
B_MDLTP_23_6_A0_MLV,No,BALL_NPS30_REMOTE_US_6MIN_CLOSE,BALL_NPS30_REMOTE_US_6MIN_OPEN,,184400,0,,1,NO_MDLTP_23_6_S,INPREP_INC\KSTB\KSTB_IMLV.INC,No,37,,"""NO""",6,,NO_MDLTP_23_6_D,0,35870,1628
B_MDLTP_28_3_A0_MLV,No,BALL_NPS30_REMOTE_US_9MIN_CLOSE,BALL_NPS30_REMOTE_US_9MIN_OPEN,,184400,0,,1,NO_MDLTP_28_3_CKV_D,INPREP_INC\KSTB\KSTB_IMLV.INC,No,40,/* Manual,"""NO""",9,,NO_MDLTP_28_3_D,0,36270,1628
B_MNTOR_35_6_A0_MLV,No,BALL_NPS30_REMOTE_CAN_6MIN_CLOSE,BALL_NPS30_REMOTE_CAN_6MIN_OPEN,,184400,0,,1,NO_MNTOR_35_6_S,INPREP_INC\KSTA\KSTA_IMLV.INC,No,22,,"""NO""",6,,NO_MNTOR_35_6_D,0,2870,1688
B_MNTOR_45_4_A0_MLV,No,BALL_NPS30_REMOTE_CAN_6MIN_CLOSE,BALL_NPS30_REMOTE_CAN_6MIN_OPEN,,184400,0,,1,NO_MNTOR_45_4_CKV_D,INPREP_INC\KSTA\KSTA_IMLV.INC,No,25,/* Manual,"""NO""",6,,NO_MNTOR_45_4_D,0,3270,1488
B_MOSMI_07_8_A0_MLV,No,BALL_NPS34_REMOTE_CAN_9MIN_30_70_CLOSE,BALL_NPS34_REMOTE_CAN_9MIN_30_70_OPEN,,240300,0,,1,NO_MOSMI_07_8_S,INPREP_INC\KSTA\KSTA_IMLV.INC,No,89,,"""NO""",9,,NO_MOSMI_07_8_D,0,14070,1788
B_MOSMI_30_0_A0_MLV,No,BALL_NPS34_REMOTE_CAN_9MIN_30_70_CLOSE,BALL_NPS34_REMOTE_CAN_9MIN_30_70_OPEN,,240300,0,,1,NO_MOSMI_30_0_S,INPREP_INC\KSTA\KSTA_IMLV.INC,No,91,,"""NO""",9,,NO_MOSMI_30_0_D,0,14070,1288
B_MOSMI_31_8_A0_MLV,No,BALL_NPS34_REMOTE_CAN_12MIN_30_70_EXISTING_CLOSE,BALL_NPS34_REMOTE_CAN_12MIN_30_70_EXISTING_OPEN,,199902,0,,1,NO_MOSMI_31_8_S,INPREP_INC\KSTA\KSTA_IMLV.INC,No,93,,"""NO""",12,,NO_MOSMI_31_8_D,0,14070,588
B_MOSMI_42_5_A0_MLV,No,BALL_NPS34_REMOTE_CAN_12MIN_30_70_CLOSE,BALL_NPS34_REMOTE_CAN_12MIN_30_70_OPEN,,240300,0,,1,NO_MOSMI_42_5_S,INPREP_INC\KSTA\KSTA_IMLV.INC,No,95,,"""NO""",12,,NO_MOSMI_42_5_D,0,14470,588
B_MOSMI_50_5_A0_MLV,No,BALL_NPS34_REMOTE_CAN_15MIN_30_70_CLOSE,BALL_NPS34_REMOTE_CAN_15MIN_30_70_OPEN,,240300,0,,1,NO_MOSMI_50_5_CKV_D,INPREP_INC\KSTA\KSTA_IMLV.INC,No,98,/* Manual,"""NO""",15,,NO_MOSMI_50_5_D,0,14470,1588
B_NAGRA_23_9_A0_MLV,No,BALL_NPS30_REMOTE_US_6MIN_CLOSE,BALL_NPS30_REMOTE_US_6MIN_OPEN,,184400,0,,1,NO_NAGRA_23_9_S,INPREP_INC\KSTA\KSTA_IMLV.INC,No,147,,"""NO""",6,,NO_NAGRA_23_9_D,0,20866,1686
B_NDRLD_B0_MOV2210,No,CLOSE_BALL_36,OPEN_BALL_36,,160980,0,,1,NO_NDRLD_D,INPREP_INC\KSTD\LDS\NDRLD.INC,No,10,,"""NO""",2.93,,NO_NDRLD_N1,0,44093,5256
B_NDRLD_B0_MOV2211,No,CLOSE_BALL_36,OPEN_BALL_36,,160980,0,,1,NO_NDRLD_N1,INPREP_INC\KSTD\LDS\NDRLD.INC,No,12,,"""NO""",2.93,,NO_NDRLD_DEL,0,44363,5256
B_NDRLD_B0_MOV2212,No,CLOSE_BALL_36,OPEN_BALL_36,,160980,0,,1,NO_NDRLD_D,INPREP_INC\KSTD\LDS\NDRLD.INC,No,6,,"""NO""",2.93,,NO_NDRLD_MOV2212_D,0,43963,5134
B_NDRLD_B0_MOV2213,No,CLOSE_BALL_36,OPEN_BALL_36,,160980,0,,1,NO_NDRLD_MOV2212_D,INPREP_INC\KSTD\LDS\NDRLD.INC,No,8,,"""NO""",2.93,,NO_NDLPS_S,0,43963,4984
B_OYENP_25_9_A0_MLV,No,BALL_NPS30_REMOTE_CAN_6MIN_CLOSE,BALL_NPS30_REMOTE_CAN_6MIN_OPEN,,184400,0,,1,NO_OYENP_25_9_CKV_D,INPREP_INC\KSTA\KSTA_IMLV.INC,No,28,/* Manual,"""NO""",6,,NO_OYENP_25_9_D,0,3670,1488
B_OYENP_47_5_A0_MLV,No,BALL_NPS30_REMOTE_CAN_6MIN_CLOSE,BALL_NPS30_REMOTE_CAN_6MIN_OPEN,,184400,0,,1,NO_OYENP_47_5_S,INPREP_INC\KSTA\KSTA_IMLV.INC,No,30,,"""NO""",6,,NO_OYENP_47_5_D,0,3670,988
B_OYENP_57_7_A0_MLV,No,BALL_NPS30_REMOTE_CAN_6MIN_CLOSE,BALL_NPS30_REMOTE_CAN_6MIN_OPEN,,184400,0,,1,NO_OYENP_57_7_S,INPREP_INC\KSTA\KSTA_IMLV.INC,No,32,,"""NO""",6,,NO_OYENP_57_7_D,0,4070,988
B_OYENP_63_5_A0_MLV,No,BALL_NPS30_REMOTE_CAN_12MIN_CLOSE,BALL_NPS30_REMOTE_CAN_12MIN_OPEN,,184400,0,,1,NO_OYENP_63_5_CKV_D,INPREP_INC\KSTA\KSTA_IMLV.INC,No,35,/* Manual,"""NO""",12,,NO_OYENP_63_5_D,0,4070,1688
B_PEROP_15_8_A0_MLV,No,BALL_NPS30_REMOTE_US_6MIN_CLOSE,BALL_NPS30_REMOTE_US_6MIN_OPEN,,184400,0,,1,NO_PEROP_15_8_S,INPREP_INC\KSTB\KSTB_IMLV.INC,No,54,,"""NO""",6,,NO_PEROP_15_8_D,0,38513,1618
B_PEROP_25_3_A0_MLV,No,BALL_NPS30_REMOTE_US_6MIN_CLOSE,BALL_NPS30_REMOTE_US_6MIN_OPEN,,184400,0,,1,NO_PEROP_25_3_CKV_D,INPREP_INC\KSTB\KSTB_IMLV.INC,No,52,/* Manual,"""NO""",6,,NO_PEROP_25_3_D,0,38913,1718
B_PNCCP_01A_B0_MLV,No,BALL_NPS36_REMOTE_CSHNG_4.7MIN_CLOSE,BALL_NPS36_REMOTE_CSHNG_4.7MIN_OPEN,,271300,0,,1,NO_PNCCP_01A_CKV_D,INPREP_INC\KSTC\KSTC_IMLV.INC,No,39,/* Manual,"""NO""",4.683,,NO_PNCCP_01A_D,0,33225,5236
B_PNCCP_02A_B0_MLV,No,BALL_NPS36_REMOTE_CSHNG_4.7MIN_CLOSE,BALL_NPS36_REMOTE_CSHNG_4.7MIN_OPEN,,271300,0,,1,NO_PNCCP_02A_S,INPREP_INC\KSTC\KSTC_IMLV.INC,No,41,,"""NO""",4.68,,NO_PNCCP_02A_D,0,33425,4636
B_PNCCP_03A_B0_MLV,No,BALL_NPS36_REMOTE_CSHNG_6MIN_80_20_CLOSE,BALL_NPS36_PS_CSHNG_4.7MIN_OPEN,,271300,0,,1,NO_PNCCP_03A_CKV_D,INPREP_INC\KSTC\KSTC_IMLV.INC,No,36,/* Manual,"""NO""",6,,NO_PNCCP_03A_D,0,33625,5436
B_PNLPN_B0_M0V0201,No,CLOSE_BALL_36,OPEN_BALL_36,,35342,0,,1,NO_PNLPN_N3,INPREP_INC\KSTD\LDS\PNLPN.INC,No,3,,"""NO""",3,,NO_PNLPN_D,0,45263,4964
B_PNLPN_B0_MLV0001,No,CLOSE_BALL_36,OPEN_BALL_36,,35342,0,,1,NO_PNLPN_N1,INPREP_INC\KSTD\KSTD_IMLV.INC,No,21,,"""NO""",3,,NO_PNLPN_N2,0,44903,4884
B_PNLPN_B0_MLV0002,No,CLOSE_BALL_36,OPEN_BALL_36,,35342,0,,1,NO_PNLPN_N2,INPREP_INC\KSTD\KSTD_IMLV.INC,No,23,,"""NO""",3,,NO_PNLPN_D,0,45143,4884
B_PNLPN_VIRT_1,No,Linear (built-in),Linear (built-in),,35342,0,,1,NO_PNLPN_S,INPREP_INC\KSTD\LDS\PNLPN.INC,No,5,,"""NO""",3,,NO_PNLPN_N3,0,45263,5133
B_PRTLP_08_4_A0_MLV,No,BALL_NPS34_REMOTE_CAN_12MIN_30_70_CLOSE,BALL_NPS34_REMOTE_CAN_12MIN_30_70_OPEN,,240300,0,,1,NO_PRTLP_08_4_S,INPREP_INC\KSTA\KSTA_IMLV.INC,No,120,,"""NO""",12,,NO_PRTLP_08_4_D,0,17270,1688
B_PRTLP_09_9_A0_MLV,No,BALL_NPS34_REMOTE_CAN_15MIN_30_70_EXISTING_CLOSE,BALL_NPS34_REMOTE_CAN_15MIN_30_70_EXISTING_OPEN,,199902,0,,1,NO_PRTLP_09_9_S,INPREP_INC\KSTA\KSTA_IMLV.INC,No,122,,"""NO""",15,,NO_PRTLP_09_9_D,0,17270,1088
B_PRTLP_25_1_A0_MLV,No,BALL_NPS34_REMOTE_CAN_15MIN_30_70_CLOSE,BALL_NPS34_REMOTE_CAN_15MIN_30_70_OPEN,,240300,0,,1,NO_PRTLP_25_1_S,INPREP_INC\KSTA\KSTA_IMLV.INC,No,124,,"""NO""",15,,NO_PRTLP_25_1_D,0,17470,488
B_PRTLP_38_3_A0_MLV,No,BALL_NPS34_REMOTE_CAN_15MIN_30_70_CLOSE,BALL_NPS34_REMOTE_CAN_15MIN_30_70_OPEN,,240300,0,,1,NO_PRTLP_38_3_S,INPREP_INC\KSTA\KSTA_IMLV.INC,No,126,,"""NO""",15,,NO_PRTLP_38_3_D,0,17670,972
B_REGNA_26_4_A0_MLV,No,BALL_NPS34_REMOTE_CAN_9MIN_30_70_EXISTING_CLOSE,BALL_NPS34_REMOTE_CAN_9MIN_30_70_EXISTING_OPEN,,199902,0,,1,NO_REGNA_26_4_S,INPREP_INC\KSTA\KSTA_IMLV.INC,No,76,,"""NO""",9,,NO_REGNA_26_4_D,0,11070,1688
B_RILEY_01A_B0_MLV,No,BALL_NPS36_REMOTE_CSHNG_9MIN_80_20_CLOSE,BALL_NPS36_REMOTE_CSHNG_4.7MIN_OPEN,,271300,0,,1,NO_RILEY_01A_CKV_D,INPREP_INC\KSTC\KSTC_IMLV.INC,No,9,/* Manual,"""NO""",9,,NO_RILEY_01A_D,0,30825,5236
B_RILEY_02A_B0_MLV,No,BALL_NPS36_REMOTE_CSHNG_4.7MIN_CLOSE,BALL_NPS36_REMOTE_CSHNG_4.7MIN_OPEN,,271300,0,,1,NO_RILEY_02A_S,INPREP_INC\KSTC\KSTC_IMLV.INC,No,11,,"""NO""",4.68,,NO_RILEY_02A_D,0,31025,4636
B_RILEY_02B_B0_MLV,No,BALL_NPS36_REMOTE_CSHNG_9MIN_80_20_CLOSE,BALL_NPS36_REMOTE_CSHNG_4.7MIN_OPEN,,271300,0,,1,NO_RILEY_02B_S,INPREP_INC\KSTC\KSTC_IMLV.INC,No,14,/* Manual,"""NO""",9,,NO_RILEY_02B_D,0,31222,4950
B_RILEY_03A_B0_MLV,No,BALL_NPS36_REMOTE_CSHNG_9MIN_80_20_CLOSE,BALL_NPS36_REMOTE_CSHNG_4.7MIN_OPEN,,271300,0,,1,NO_RILEY_03A_CKV_D,INPREP_INC\KSTC\KSTC_IMLV.INC,No,17,/* Manual,"""NO""",9,,NO_RILEY_03A_D,0,31225,5436
B_ROCKP_01A_B0_MLV,No,BALL_NPS36_REMOTE_CSHNG_4.7MIN_CLOSE,BALL_NPS36_REMOTE_CSHNG_4.7MIN_OPEN,,271300,0,,1,NO_ROCKP_01A_S,INPREP_INC\KSTC\KSTC_IMLV.INC,No,26,,"""NO""",4.683,,NO_ROCKP_01A_D,0,32425,5436
B_ROCKP_02A_B0_MLV,No,BALL_NPS36_REMOTE_CSHNG_6MIN_80_20_CLOSE,BALL_NPS36_PS_CSHNG_4.7MIN_OPEN,,271300,0,,1,NO_ROCKP_02A_CKV_D,INPREP_INC\KSTC\KSTC_IMLV.INC,No,29,/* Manual,"""NO""",6,,NO_ROCKP_02A_D,0,32625,4136
B_ROCKP_03A_B0_MLV,No,BALL_NPS36_REMOTE_CSHNG_4.7MIN_CLOSE,BALL_NPS36_PS_CSHNG_4.7MIN_OPEN,,271300,0,,1,NO_ROCKP_03A_S,INPREP_INC\KSTC\KSTC_IMLV.INC,No,31,,"""NO""",4.68,,NO_ROCKP_03A_D,0,32825,4788
B_ROCKP_04A_B0_MLV,No,BALL_NPS36_REMOTE_CSHNG_4.7MIN_CLOSE,BALL_NPS36_PS_CSHNG_4.7MIN_OPEN,,271300,0,,1,NO_ROCKP_04A_S,INPREP_INC\KSTC\KSTC_IMLV.INC,No,33,,"""NO""",4.68,,NO_ROCKP_04A_D,0,32825,5436
B_ROSWL_15_9_A0_MLV,No,BALL_NPS30_REMOTE_US_6MIN_CLOSE,BALL_NPS30_REMOTE_US_6MIN_OPEN,,184400,0,,1,NO_ROSWL_15_9_S,INPREP_INC\KSTA\KSTA_IMLV.INC,No,172,,"""NO""",6,,NO_ROSWL_15_9_D,0,25470,1688
B_ROSWL_31_4_A0_MLV,No,BALL_NPS30_REMOTE_US_6MIN_CLOSE,BALL_NPS30_REMOTE_US_6MIN_OPEN,,184400,0,,1,NO_ROSWL_31_4_S,INPREP_INC\KSTA\KSTA_IMLV.INC,No,174,,"""NO""",6,,NO_ROSWL_31_4_D,0,25670,888
B_ROSWL_36_8_A0_MLV,No,BALL_NPS30_REMOTE_US_6MIN_CLOSE,BALL_NPS30_REMOTE_US_6MIN_OPEN,,184400,0,,1,NO_ROSWL_36_8_CKV_D,INPREP_INC\KSTA\KSTA_IMLV.INC,No,177,/* Manual,"""NO""",6,,NO_ROSWL_36_8_D,0,25870,1688
B_RPDCT_11_6_A0_MLV,No,BALL_NPS34_REMOTE_CAN_9MIN_30_70_CLOSE,BALL_NPS34_REMOTE_CAN_9MIN_30_70_OPEN,,240300,0,,1,NO_RPDCT_11_6_S,INPREP_INC\KSTA\KSTA_IMLV.INC,No,110,,"""NO""",9,,NO_RPDCT_11_6_D,0,15670,1688
B_RPDCT_25_1_A0_MLV,No,BALL_NPS34_REMOTE_CAN_15MIN_30_70_EXISTING_CLOSE,BALL_NPS34_REMOTE_CAN_15MIN_30_70_EXISTING_OPEN,,199902,0,,1,NO_RPDCT_25_1_S,INPREP_INC\KSTA\KSTA_IMLV.INC,No,112,,"""NO""",15,,NO_RPDCT_25_1_D,0,16070,1688
B_SLBRY_19_1_A0_MLV,No,BALL_NPS30_REMOTE_US_6MIN_CLOSE,BALL_NPS30_REMOTE_US_6MIN_OPEN,,184400,0,,1,NO_SLBRY_19_1_S,INPREP_INC\KSTB\KSTB_IMLV.INC,No,30,,"""NO""",6,,NO_SLBRY_19_1_D,0,34470,1728
B_SNECA_09_8_A0_MLV,No,BALL_NPS30_REMOTE_US_6MIN_CLOSE,BALL_NPS30_REMOTE_US_6MIN_OPEN,,184400,0,,1,NO_SNECA_09_8_S,INPREP_INC\KSTB\KSTB_IMLV.INC,No,3,,"""NO""",6,,NO_SNECA_09_8_D,0,31070,1730
B_SNECA_29_2_A0_MLV,No,BALL_NPS30_REMOTE_US_6MIN_CLOSE,BALL_NPS30_REMOTE_US_6MIN_OPEN,,184400,0,,1,NO_SNECA_29_2_CKV_D,INPREP_INC\KSTB\KSTB_IMLV.INC,No,6,/* Manual,"""NO""",6,,NO_SNECA_29_2_D,0,31470,1728
B_SNTPL_04_8_A0_MLV,No,BALL_NPS30_REMOTE_US_6MIN_CLOSE,BALL_NPS30_REMOTE_US_6MIN_OPEN,,184400,0,,1,NO_SNTPL_04_8_CKV_D,INPREP_INC\KSTB\KSTB_IMLV.INC,No,43,/* Manual,"""NO""",6,,NO_SNTPL_04_8_D,0,36670,1528
B_SNTPL_20_9_A0_MLV,No,BALL_NPS30_REMOTE_US_6MIN_CLOSE,BALL_NPS30_REMOTE_US_6MIN_OPEN,,184400,0,,1,NO_SNTPL_20_9_S,INPREP_INC\KSTB\KSTB_IMLV.INC,No,45,,"""NO""",6,,NO_SNTPL_20_9_D,0,36870,928
B_SNTPL_36_1_A0_MLV,No,BALL_NPS30_REMOTE_US_6MIN_CLOSE,BALL_NPS30_REMOTE_US_6MIN_OPEN,,184400,0,,1,NO_SNTPL_36_1_S,INPREP_INC\KSTB\KSTB_IMLV.INC,No,47,,"""NO""",6,,NO_SNTPL_36_1_D,0,37070,1628
B_STLCB_01A_B0_MLV,No,BALL_NPS36_REMOTE_CSHNG_4.7MIN_CLOSE,BALL_NPS36_REMOTE_CSHNG_4.7MIN_OPEN,,271300,0,,1,NO_STLCB_01A_CKV_D,INPREP_INC\KSTC\KSTC_IMLV.INC,No,4,/* Manual,"""NO""",4.683,,NO_STLCB_01A_D,0,30423,4730
B_STLCB_02A_B0_MLV,No,BALL_NPS36_REMOTE_CSHNG_4.7MIN_CLOSE,BALL_NPS36_PS_CSHNG_4.7MIN_OPEN,,271300,0,,1,NO_STLCB_02A_S,INPREP_INC\KSTC\KSTC_IMLV.INC,No,6,,"""NO""",4.68,,NO_STLCB_02A_D,0,30425,5336
B_STLCT_17_7_A0_MLV,No,BALL_NPS30_REMOTE_US_6MIN_CLOSE,BALL_NPS30_REMOTE_US_6MIN_OPEN,,184400,0,,1,NO_STLCT_17_7_S,INPREP_INC\KSTA\KSTA_IMLV.INC,No,5,,"""NO""",6,,NO_STLCT_17_7_D,0,30270,1228
B_STLCT_30_3_A0_MLV,No,BALL_NPS30_REMOTE_US_6MIN_CLOSE,BALL_NPS30_REMOTE_US_6MIN_OPEN,,184400,0,,1,NO_STLCT_30_3_CKV_D,INPREP_INC\KSTA\KSTA_IMLV.INC,No,11,/* Manual,"""NO""",6,,NO_STLCT_30_3_D,0,30470,228
B_STLCT_44_8_A0_MLV,No,BALL_NPS30_REMOTE_US_9MIN_CLOSE,BALL_NPS30_REMOTE_US_9MIN_OPEN,,184400,0,,1,NO_STLCT_44_8_S,INPREP_INC\KSTA\KSTA_IMLV.INC,No,15,,"""NO""",9,,NO_STLCT_44_8_D,0,30670,828
B_STNTO_00_5_A0_MLV,No,BALL_NPS30_REMOTE_US_6MIN_CLOSE,BALL_NPS30_REMOTE_US_6MIN_OPEN,,184400,0,,1,NO_STNTO_00_5_CKV_D,INPREP_INC\KSTA\KSTA_IMLV.INC,No,193,/* Manual,"""NO""",6,,NO_STNTO_00_5_D,0,27870,1488
B_STNTO_28_6_A0_MLV,No,BALL_NPS30_REMOTE_US_6MIN_CLOSE,BALL_NPS30_REMOTE_US_6MIN_OPEN,,184400,0,,1,NO_STNTO_28_6_S,INPREP_INC\KSTA\KSTA_IMLV.INC,No,195,,"""NO""",6,,NO_STNTO_28_6_D,0,27870,888
B_STNTO_32_8_A0_MLV,No,BALL_NPS30_REMOTE_US_6MIN_CLOSE,BALL_NPS30_REMOTE_US_6MIN_OPEN,,184400,0,,1,NO_STNTO_32_8_CKV_D,INPREP_INC\KSTA\KSTA_IMLV.INC,No,200,/* Manual,"""NO""",6,,NO_STNTO_32_8_D,0,28269,1095
B_STNTO_37_6_A0_MLV,No,BALL_NPS30_REMOTE_US_6MIN_CLOSE,BALL_NPS30_REMOTE_US_6MIN_OPEN,,184400,0,,1,NO_STNTO_37_6_S,INPREP_INC\KSTA\KSTA_IMLV.INC,No,197,,"""NO""",6,,NO_STNTO_37_6_D,0,28270,1400
B_STNTO_39_5_A0_MLV,No,BALL_NPS30_REMOTE_US_6MIN_CLOSE,BALL_NPS30_REMOTE_US_6MIN_OPEN,,184400,0,,1,NO_STNTO_39_5_CKV_D,INPREP_INC\KSTA\KSTA_IMLV.INC,No,203,/* Manual,"""NO""",6,,NO_STNTO_39_5_D,0,28270,1788
B_STWTV_11_6_A0_MLV,No,BALL_NPS34_REMOTE_CAN_9MIN_30_70_EXISTING_CLOSE,BALL_NPS34_REMOTE_CAN_9MIN_30_70_EXISTING_OPEN,,199902,0,,1,NO_STWTV_11_6_S,INPREP_INC\KSTA\KSTA_IMLV.INC,No,50,,"""NO""",9,,NO_STWTV_11_6_D,0,6870,1588
B_STWTV_31_2_A0_MLV,No,BALL_NPS34_REMOTE_CAN_9MIN_30_70_EXISTING_CLOSE,BALL_NPS34_REMOTE_CAN_9MIN_30_70_EXISTING_OPEN,,199902,0,,1,NO_STWTV_31_2_S,INPREP_INC\KSTA\KSTA_IMLV.INC,No,52,,"""NO""",9,,NO_STWTV_31_2_D,0,7270,1588
B_SVRNC_02_1_A0_MLV,No,BALL_NPS30_REMOTE_US_6MIN_CLOSE,BALL_NPS30_REMOTE_US_6MIN_OPEN,,184400,0,,1,NO_SVRNC_02_1_S,INPREP_INC\KSTB\KSTB_IMLV.INC,No,8,,"""NO""",6,,NO_SVRNC_02_1_D,0,31870,1728
B_SVRNC_08_5_A0_MLV,No,WALHL_CURVE_6MIN,BALL_NPS30_REMOTE_US_6MIN_OPEN,,184400,0,,1,NO_SVRNC_08_5_S,INPREP_INC\KSTB\KSTB_IMLV.INC,No,11,/* Manual,"""NO""",6,,NO_SVRNC_08_5_D,0,31870,1128
B_SVRNC_10_5_A0_MLV,No,BALL_NPS30_REMOTE_US_6MIN_CLOSE,BALL_NPS30_REMOTE_US_6MIN_OPEN,,184400,0,,1,NO_SVRNC_10_5_CKV_D,INPREP_INC\KSTB\KSTB_IMLV.INC,No,14,/* Manual,"""NO""",6,,NO_SVRNC_10_5_D,0,32070,328
B_SVRNC_16_6_A0_MLV,No,BALL_NPS30_REMOTE_US_6MIN_CLOSE,BALL_NPS30_REMOTE_US_6MIN_OPEN,,184400,0,,1,NO_SVRNC_16_6_S,INPREP_INC\KSTB\KSTB_IMLV.INC,No,16,,"""NO""",6,,NO_SVRNC_16_6_D,0,32270,828
B_SVRNC_24_5_A0_MLV,No,BALL_NPS30_REMOTE_US_6MIN_CLOSE,BALL_NPS30_REMOTE_US_6MIN_OPEN,,184400,0,,1,NO_SVRNC_24_5_CKV_D,INPREP_INC\KSTB\KSTB_IMLV.INC,No,19,/* Manual,"""NO""",6,,NO_SVRNC_24_5_D,0,32270,1628
B_TINAP_10_3_A0_MLV,No,BALL_NPS30_REMOTE_US_6MIN_CLOSE,BALL_NPS30_REMOTE_US_6MIN_OPEN,,184400,0,,1,NO_TINAP_10_3_S,INPREP_INC\KSTB\KSTB_IMLV.INC,No,23,,"""NO""",6,,NO_TINAP_10_3_D,0,33470,1728
B_TINAP_17_9_A0_MLV,No,BALL_NPS30_REMOTE_US_6MIN_CLOSE,BALL_NPS30_REMOTE_US_6MIN_OPEN,,184400,0,,1,NO_TINAP_17_9_CKV_D,INPREP_INC\KSTB\KSTB_IMLV.INC,No,26,/* Manual,"""NO""",6,,NO_TINAP_17_9_D,0,33870,1128
B_TINAP_30_5_A0_MLV,No,BALL_NPS30_REMOTE_US_6MIN_CLOSE,BALL_NPS30_REMOTE_US_6MIN_OPEN,,184400,0,,1,NO_TINAP_30_5_S,INPREP_INC\KSTB\KSTB_IMLV.INC,No,28,,"""NO""",6,,NO_TINAP_30_5_D,0,33870,1728
B_TPELO_01A_B0_MLV,No,BALL_NPS36_REMOTE_CSHNG_4.7MIN_CLOSE,BALL_NPS36_REMOTE_CSHNG_6MIN_80_20_OPEN,,271300,0,,1,NO_TPELO_01A_S,INPREP_INC\KSTD\KSTD_IMLV.INC,No,89,,"""NO""",4.683,,NO_TPELO_01A_D,0,36582,5553
B_TPELO_02A_B0_MLV,No,BALL_NPS36_REMOTE_CSHNG_4.7MIN_CLOSE,BALL_NPS36_REMOTE_CSHNG_6MIN_80_20_OPEN,,271300,0,,1,NO_TPELO_02A_S,INPREP_INC\KSTD\KSTD_IMLV.INC,No,91,,"""NO""",4.683,,NO_TPELO_02A_D,0,36780,4853
B_TPELO_03A_B0_MLV,No,BALL_NPS36_REMOTE_CSHNG_4.7MIN_CLOSE,BALL_NPS36_REMOTE_CSHNG_6MIN_80_20_OPEN,,271300,0,,1,NO_TPELO_03A_CKV_D,INPREP_INC\KSTD\KSTD_IMLV.INC,No,29,,"""NO""",4.68,,NO_TPELO_03A_D,0,36980,5553
B_TRNEY_22_5_A0_MLV,No,BALL_NPS30_REMOTE_US_6MIN_CLOSE,BALL_NPS30_REMOTE_US_6MIN_OPEN,,184400,0,,1,NO_TRNEY_22_5_S,INPREP_INC\KSTB\KSTB_IMLV.INC,No,21,,"""NO""",6,,NO_TRNEY_22_5_D,0,32870,1728
B_WALHL_05_6_A0_MLV,No,BALL_NPS30_REMOTE_US_6MIN_CLOSE,BALL_NPS30_REMOTE_US_6MIN_OPEN,,184400,0,,1,NO_WALHL_05_6_S,INPREP_INC\KSTA\KSTA_IMLV.INC,No,135,,"""NO""",6,,NO_WALHL_05_6_D,0,19070,1288
B_WALHL_08_2_A0_MLV,No,BALL_NPS30_REMOTE_US_6MIN_CLOSE,BALL_NPS30_REMOTE_US_6MIN_OPEN,,184400,0,,1,NO_WALHL_08_2_CKV_D,INPREP_INC\KSTA\KSTA_IMLV.INC,No,138,/* Manual,"""NO""",6,,NO_WALHL_08_2_D,0,19070,488
B_WALHL_15_7_A0_MLV,No,BALL_NPS30_REMOTE_US_6MIN_CLOSE,BALL_NPS30_REMOTE_US_6MIN_OPEN,,184400,0,,1,NO_WALHL_15_7_S,INPREP_INC\KSTA\KSTA_IMLV.INC,No,140,,"""NO""",6,,NO_WALHL_15_7_D,0,19470,660
B_WALHL_19_8_A0_MLV,No,WALHL_CURVE_6MIN,BALL_NPS30_REMOTE_US_6MIN_OPEN,,184400,0,,1,NO_WALHL_19_8_CKV_D,INPREP_INC\KSTA\KSTA_IMLV.INC,No,142,,"""NO""",6,,NO_WALHL_19_8_D,0,19470,1588
B_WELWD_08_1_A0_MLV,No,BALL_NPS34_REMOTE_CAN_9MIN_30_70_EXISTING_CLOSE,BALL_NPS34_REMOTE_CAN_9MIN_30_70_EXISTING_OPEN,,199902,0,,1,NO_WELWD_08_1_S,INPREP_INC\KSTA\KSTA_IMLV.INC,No,114,,"""NO""",9,,NO_WELWD_08_1_D,0,16470,1688
B_WELWD_23_2_A0_MLV,No,BALL_NPS34_REMOTE_CAN_9MIN_30_70_CLOSE,BALL_NPS34_REMOTE_CAN_9MIN_30_70_OPEN,,240300,0,,1,NO_WELWD_23_2_S,INPREP_INC\KSTA\KSTA_IMLV.INC,No,116,,"""NO""",9,,NO_WELWD_23_2_D,0,16670,1088
B_WELWD_35_2_A0_MLV,No,BALL_NPS34_REMOTE_CAN_12MIN_30_70_EXISTING_CLOSE,BALL_NPS34_REMOTE_CAN_12MIN_30_70_EXISTING_OPEN,,199902,0,,1,NO_WELWD_35_2_S,INPREP_INC\KSTA\KSTA_IMLV.INC,No,118,,"""NO""",12,,NO_WELWD_35_2_D,0,16870,1688
B_WLBER_09_9_A0_MLV,No,BALL_NPS30_REMOTE_US_6MIN_CLOSE,BALL_NPS30_REMOTE_US_6MIN_OPEN,,184400,0,,1,NO_WLBER_09_9_S,INPREP_INC\KSTA\KSTA_IMLV.INC,No,217,,"""NO""",6,,NO_WLBER_09_9_D,0,29670,1688
B_WNSBR_01A_B0_MLV,No,BALL_NPS36_REMOTE_CSHNG_4.7MIN_CLOSE,BALL_NPS36_REMOTE_CSHNG_6MIN_80_20_OPEN,,271300,0,,1,NO_WNSBR_01A_S,INPREP_INC\KSTD\KSTD_IMLV.INC,No,49,,"""NO""",4.683,,NO_WNSBR_01A_D,0,38980,4953
B_WNSBR_01B_B0_MLV,No,BALL_NPS36_REMOTE_CSHNG_4.7MIN_CLOSE,BALL_NPS36_REMOTE_CSHNG_6MIN_80_20_OPEN,,271300,0,,1,NO_WNSBR_01B_S,INPREP_INC\KSTD\KSTD_IMLV.INC,No,51,,"""NO""",4.683,,NO_WNSBR_01B_D,0,38980,5553
B_WNSBR_02A_B0_MLV,No,BALL_NPS36_REMOTE_CSHNG_4.7MIN_CLOSE,BALL_NPS36_REMOTE_CSHNG_6MIN_80_20_OPEN,,271300,0,,1,NO_WNSBR_02A_S,INPREP_INC\KSTD\KSTD_IMLV.INC,No,53,,"""NO""",4.68,,NO_WNSBR_02A_D,0,39380,4653
B_WNSBR_03A_B0_MLV,No,BALL_NPS36_REMOTE_CSHNG_4.7MIN_CLOSE,BALL_NPS36_REMOTE_CSHNG_6MIN_80_20_OPEN,,271300,0,,1,NO_WNSBR_03A_S,INPREP_INC\KSTD\KSTD_IMLV.INC,No,55,,"""NO""",4.683,,NO_WNSBR_03A_D,0,39380,5253
B_WTWOD_24_7_A0_MLV,No,BALL_NPS34_REMOTE_CAN_9MIN_30_70_CLOSE,BALL_NPS34_REMOTE_CAN_9MIN_30_70_OPEN,,240300,0,,1,NO_WTWOD_24_7_S,INPREP_INC\KSTA\KSTA_IMLV.INC,No,87,,"""NO""",9,,NO_WTWOD_24_7_D,0,13470,1688
