,Opening Time,Valve Coef (dimensionless)
,MIN,n/a
BALL_NPS24_OPEN,0,0
BALL_NPS24_OPEN,5.6,40
BALL_NPS24_OPEN,11.1,162
BALL_NPS24_OPEN,16.7,370
BALL_NPS24_OPEN,22.2,673
BALL_NPS24_OPEN,27.8,1082
BALL_NPS24_OPEN,33.3,1615
BALL_NPS24_OPEN,38.9,2298
BALL_NPS24_OPEN,44.4,3164
BALL_NPS24_OPEN,50,4266
BALL_NPS24_OPEN,55.6,5673
BALL_NPS24_OPEN,61.1,7494
BALL_NPS24_OPEN,66.7,9885
BALL_NPS24_OPEN,72.2,13089
BALL_NPS24_OPEN,77.8,17461
BALL_NPS24_OPEN,83.3,23475
BALL_NPS24_OPEN,88.9,31468
BALL_NPS24_OPEN,94.4,40500
BALL_NPS24_OPEN,100,102093
BALL_NPS24_PS_CAN_12MIN_FLANGED_OPEN,0,0
BALL_NPS24_PS_CAN_12MIN_FLANGED_OPEN,8.611,325
BALL_NPS24_PS_CAN_12MIN_FLANGED_OPEN,10.333,520
BALL_NPS24_PS_CAN_12MIN_FLANGED_OPEN,10.38,650
BALL_NPS24_PS_CAN_12MIN_FLANGED_OPEN,10.495,1000
BALL_NPS24_PS_CAN_12MIN_FLANGED_OPEN,10.611,1500
BALL_NPS24_PS_CAN_12MIN_FLANGED_OPEN,10.727,2000
BALL_NPS24_PS_CAN_12MIN_FLANGED_OPEN,10.843,2750
BALL_NPS24_PS_CAN_12MIN_FLANGED_OPEN,10.958,3500
BALL_NPS24_PS_CAN_12MIN_FLANGED_OPEN,11.074,4750
BALL_NPS24_PS_CAN_12MIN_FLANGED_OPEN,11.19,6000
BALL_NPS24_PS_CAN_12MIN_FLANGED_OPEN,11.306,8000
BALL_NPS24_PS_CAN_12MIN_FLANGED_OPEN,11.421,10800
BALL_NPS24_PS_CAN_12MIN_FLANGED_OPEN,11.537,14200
BALL_NPS24_PS_CAN_12MIN_FLANGED_OPEN,11.653,20000
BALL_NPS24_PS_CAN_12MIN_FLANGED_OPEN,12,98600
BALL_NPS24_PS_CAN_12MIN_OPEN,0,0
BALL_NPS24_PS_CAN_12MIN_OPEN,2.323,325
BALL_NPS24_PS_CAN_12MIN_OPEN,10.222,520
BALL_NPS24_PS_CAN_12MIN_OPEN,10.38,650
BALL_NPS24_PS_CAN_12MIN_OPEN,10.495,1000
BALL_NPS24_PS_CAN_12MIN_OPEN,10.611,1500
BALL_NPS24_PS_CAN_12MIN_OPEN,10.727,2000
BALL_NPS24_PS_CAN_12MIN_OPEN,10.843,2750
BALL_NPS24_PS_CAN_12MIN_OPEN,10.958,3500
BALL_NPS24_PS_CAN_12MIN_OPEN,11.074,4750
BALL_NPS24_PS_CAN_12MIN_OPEN,11.19,6000
BALL_NPS24_PS_CAN_12MIN_OPEN,11.306,8000
BALL_NPS24_PS_CAN_12MIN_OPEN,11.421,10800
BALL_NPS24_PS_CAN_12MIN_OPEN,11.537,14200
BALL_NPS24_PS_CAN_12MIN_OPEN,11.653,20000
BALL_NPS24_PS_CAN_12MIN_OPEN,12,110500
BALL_NPS24_PS_CAN_15MIN_FLANGED_OPEN,0,0
BALL_NPS24_PS_CAN_15MIN_FLANGED_OPEN,11.111,325
BALL_NPS24_PS_CAN_15MIN_FLANGED_OPEN,13.333,520
BALL_NPS24_PS_CAN_15MIN_FLANGED_OPEN,13.38,650
BALL_NPS24_PS_CAN_15MIN_FLANGED_OPEN,13.495,1000
BALL_NPS24_PS_CAN_15MIN_FLANGED_OPEN,13.611,1500
BALL_NPS24_PS_CAN_15MIN_FLANGED_OPEN,13.727,2000
BALL_NPS24_PS_CAN_15MIN_FLANGED_OPEN,13.843,2750
BALL_NPS24_PS_CAN_15MIN_FLANGED_OPEN,13.958,3500
BALL_NPS24_PS_CAN_15MIN_FLANGED_OPEN,14.074,4750
BALL_NPS24_PS_CAN_15MIN_FLANGED_OPEN,14.19,6000
BALL_NPS24_PS_CAN_15MIN_FLANGED_OPEN,14.306,8000
BALL_NPS24_PS_CAN_15MIN_FLANGED_OPEN,14.421,10800
BALL_NPS24_PS_CAN_15MIN_FLANGED_OPEN,14.537,14200
BALL_NPS24_PS_CAN_15MIN_FLANGED_OPEN,14.653,20000
BALL_NPS24_PS_CAN_15MIN_FLANGED_OPEN,15,98600
BALL_NPS24_PS_CAN_15MIN_OPEN,0,0
BALL_NPS24_PS_CAN_15MIN_OPEN,3.005,325
BALL_NPS24_PS_CAN_15MIN_OPEN,13.222,520
BALL_NPS24_PS_CAN_15MIN_OPEN,13.38,650
BALL_NPS24_PS_CAN_15MIN_OPEN,13.495,1000
BALL_NPS24_PS_CAN_15MIN_OPEN,13.611,1500
BALL_NPS24_PS_CAN_15MIN_OPEN,13.727,2000
BALL_NPS24_PS_CAN_15MIN_OPEN,13.843,2750
BALL_NPS24_PS_CAN_15MIN_OPEN,13.958,3500
BALL_NPS24_PS_CAN_15MIN_OPEN,14.074,4750
BALL_NPS24_PS_CAN_15MIN_OPEN,14.19,6000
BALL_NPS24_PS_CAN_15MIN_OPEN,14.306,8000
BALL_NPS24_PS_CAN_15MIN_OPEN,14.421,10800
BALL_NPS24_PS_CAN_15MIN_OPEN,14.537,14200
BALL_NPS24_PS_CAN_15MIN_OPEN,14.653,20000
BALL_NPS24_PS_CAN_15MIN_OPEN,15,110500
BALL_NPS24_PS_CAN_6MIN_FLANGED_OPEN,0,0
BALL_NPS24_PS_CAN_6MIN_FLANGED_OPEN,3.611,325
BALL_NPS24_PS_CAN_6MIN_FLANGED_OPEN,4.333,520
BALL_NPS24_PS_CAN_6MIN_FLANGED_OPEN,4.38,650
BALL_NPS24_PS_CAN_6MIN_FLANGED_OPEN,4.495,1000
BALL_NPS24_PS_CAN_6MIN_FLANGED_OPEN,4.611,1500
BALL_NPS24_PS_CAN_6MIN_FLANGED_OPEN,4.727,2000
BALL_NPS24_PS_CAN_6MIN_FLANGED_OPEN,4.843,2750
BALL_NPS24_PS_CAN_6MIN_FLANGED_OPEN,4.958,3500
BALL_NPS24_PS_CAN_6MIN_FLANGED_OPEN,5.074,4750
BALL_NPS24_PS_CAN_6MIN_FLANGED_OPEN,5.19,6000
BALL_NPS24_PS_CAN_6MIN_FLANGED_OPEN,5.306,8000
BALL_NPS24_PS_CAN_6MIN_FLANGED_OPEN,5.421,10800
BALL_NPS24_PS_CAN_6MIN_FLANGED_OPEN,5.537,14200
BALL_NPS24_PS_CAN_6MIN_FLANGED_OPEN,5.653,20000
BALL_NPS24_PS_CAN_6MIN_FLANGED_OPEN,6,98600
BALL_NPS24_PS_CAN_6MIN_OPEN,0,0
BALL_NPS24_PS_CAN_6MIN_OPEN,0.96,325
BALL_NPS24_PS_CAN_6MIN_OPEN,4.222,520
BALL_NPS24_PS_CAN_6MIN_OPEN,4.38,650
BALL_NPS24_PS_CAN_6MIN_OPEN,4.495,1000
BALL_NPS24_PS_CAN_6MIN_OPEN,4.611,1500
BALL_NPS24_PS_CAN_6MIN_OPEN,4.727,2000
BALL_NPS24_PS_CAN_6MIN_OPEN,4.843,2750
BALL_NPS24_PS_CAN_6MIN_OPEN,4.958,3500
BALL_NPS24_PS_CAN_6MIN_OPEN,5.074,4750
BALL_NPS24_PS_CAN_6MIN_OPEN,5.19,6000
BALL_NPS24_PS_CAN_6MIN_OPEN,5.306,8000
BALL_NPS24_PS_CAN_6MIN_OPEN,5.421,10800
BALL_NPS24_PS_CAN_6MIN_OPEN,5.537,14200
BALL_NPS24_PS_CAN_6MIN_OPEN,5.653,20000
BALL_NPS24_PS_CAN_6MIN_OPEN,6,110500
BALL_NPS24_PS_CAN_9MIN_FLANGED_OPEN,0,0
BALL_NPS24_PS_CAN_9MIN_FLANGED_OPEN,6.111,325
BALL_NPS24_PS_CAN_9MIN_FLANGED_OPEN,7.333,520
BALL_NPS24_PS_CAN_9MIN_FLANGED_OPEN,7.38,650
BALL_NPS24_PS_CAN_9MIN_FLANGED_OPEN,7.495,1000
BALL_NPS24_PS_CAN_9MIN_FLANGED_OPEN,7.611,1500
BALL_NPS24_PS_CAN_9MIN_FLANGED_OPEN,7.727,2000
BALL_NPS24_PS_CAN_9MIN_FLANGED_OPEN,7.843,2750
BALL_NPS24_PS_CAN_9MIN_FLANGED_OPEN,7.958,3500
BALL_NPS24_PS_CAN_9MIN_FLANGED_OPEN,8.074,4750
BALL_NPS24_PS_CAN_9MIN_FLANGED_OPEN,8.19,6000
BALL_NPS24_PS_CAN_9MIN_FLANGED_OPEN,8.306,8000
BALL_NPS24_PS_CAN_9MIN_FLANGED_OPEN,8.421,10800
BALL_NPS24_PS_CAN_9MIN_FLANGED_OPEN,8.537,14200
BALL_NPS24_PS_CAN_9MIN_FLANGED_OPEN,8.653,20000
BALL_NPS24_PS_CAN_9MIN_FLANGED_OPEN,9,98600
BALL_NPS24_PS_CAN_9MIN_OPEN,0,0
BALL_NPS24_PS_CAN_9MIN_OPEN,1.641,325
BALL_NPS24_PS_CAN_9MIN_OPEN,7.222,520
BALL_NPS24_PS_CAN_9MIN_OPEN,7.38,650
BALL_NPS24_PS_CAN_9MIN_OPEN,7.495,1000
BALL_NPS24_PS_CAN_9MIN_OPEN,7.611,1500
BALL_NPS24_PS_CAN_9MIN_OPEN,7.727,2000
BALL_NPS24_PS_CAN_9MIN_OPEN,7.843,2750
BALL_NPS24_PS_CAN_9MIN_OPEN,7.958,3500
BALL_NPS24_PS_CAN_9MIN_OPEN,8.074,4750
BALL_NPS24_PS_CAN_9MIN_OPEN,8.19,6000
BALL_NPS24_PS_CAN_9MIN_OPEN,8.306,8000
BALL_NPS24_PS_CAN_9MIN_OPEN,8.421,10800
BALL_NPS24_PS_CAN_9MIN_OPEN,8.537,14200
BALL_NPS24_PS_CAN_9MIN_OPEN,8.653,20000
BALL_NPS24_PS_CAN_9MIN_OPEN,9,110500
BALL_NPS24_PS_US_12MIN_FLANGED_OPEN,0,0
BALL_NPS24_PS_US_12MIN_FLANGED_OPEN,8.611,325
BALL_NPS24_PS_US_12MIN_FLANGED_OPEN,10.333,520
BALL_NPS24_PS_US_12MIN_FLANGED_OPEN,10.38,650
BALL_NPS24_PS_US_12MIN_FLANGED_OPEN,10.495,1000
BALL_NPS24_PS_US_12MIN_FLANGED_OPEN,10.611,1500
BALL_NPS24_PS_US_12MIN_FLANGED_OPEN,10.727,2000
BALL_NPS24_PS_US_12MIN_FLANGED_OPEN,10.843,2750
BALL_NPS24_PS_US_12MIN_FLANGED_OPEN,10.958,3500
BALL_NPS24_PS_US_12MIN_FLANGED_OPEN,11.074,4750
BALL_NPS24_PS_US_12MIN_FLANGED_OPEN,11.19,6000
BALL_NPS24_PS_US_12MIN_FLANGED_OPEN,11.306,8000
BALL_NPS24_PS_US_12MIN_FLANGED_OPEN,11.421,10800
BALL_NPS24_PS_US_12MIN_FLANGED_OPEN,11.537,14200
BALL_NPS24_PS_US_12MIN_FLANGED_OPEN,11.653,20000
BALL_NPS24_PS_US_12MIN_FLANGED_OPEN,12,98600
BALL_NPS24_PS_US_12MIN_OPEN,0,0
BALL_NPS24_PS_US_12MIN_OPEN,8.611,325
BALL_NPS24_PS_US_12MIN_OPEN,10.333,520
BALL_NPS24_PS_US_12MIN_OPEN,10.38,650
BALL_NPS24_PS_US_12MIN_OPEN,10.495,1000
BALL_NPS24_PS_US_12MIN_OPEN,10.611,1500
BALL_NPS24_PS_US_12MIN_OPEN,10.727,2000
BALL_NPS24_PS_US_12MIN_OPEN,10.843,2750
BALL_NPS24_PS_US_12MIN_OPEN,10.958,3500
BALL_NPS24_PS_US_12MIN_OPEN,11.074,4750
BALL_NPS24_PS_US_12MIN_OPEN,11.19,6000
BALL_NPS24_PS_US_12MIN_OPEN,11.306,8000
BALL_NPS24_PS_US_12MIN_OPEN,11.421,10800
BALL_NPS24_PS_US_12MIN_OPEN,11.537,14200
BALL_NPS24_PS_US_12MIN_OPEN,11.653,20000
BALL_NPS24_PS_US_12MIN_OPEN,12,110500
BALL_NPS24_PS_US_15MIN_FLANGED_OPEN,0,0
BALL_NPS24_PS_US_15MIN_FLANGED_OPEN,11.111,325
BALL_NPS24_PS_US_15MIN_FLANGED_OPEN,13.333,520
BALL_NPS24_PS_US_15MIN_FLANGED_OPEN,13.38,650
BALL_NPS24_PS_US_15MIN_FLANGED_OPEN,13.495,1000
BALL_NPS24_PS_US_15MIN_FLANGED_OPEN,13.611,1500
BALL_NPS24_PS_US_15MIN_FLANGED_OPEN,13.727,2000
BALL_NPS24_PS_US_15MIN_FLANGED_OPEN,13.843,2750
BALL_NPS24_PS_US_15MIN_FLANGED_OPEN,13.958,3500
BALL_NPS24_PS_US_15MIN_FLANGED_OPEN,14.074,4750
BALL_NPS24_PS_US_15MIN_FLANGED_OPEN,14.19,6000
BALL_NPS24_PS_US_15MIN_FLANGED_OPEN,14.306,8000
BALL_NPS24_PS_US_15MIN_FLANGED_OPEN,14.421,10800
BALL_NPS24_PS_US_15MIN_FLANGED_OPEN,14.537,14200
BALL_NPS24_PS_US_15MIN_FLANGED_OPEN,14.653,20000
BALL_NPS24_PS_US_15MIN_FLANGED_OPEN,15,98600
BALL_NPS24_PS_US_15MIN_OPEN,0,0
BALL_NPS24_PS_US_15MIN_OPEN,11.111,325
BALL_NPS24_PS_US_15MIN_OPEN,13.333,520
BALL_NPS24_PS_US_15MIN_OPEN,13.38,650
BALL_NPS24_PS_US_15MIN_OPEN,13.495,1000
BALL_NPS24_PS_US_15MIN_OPEN,13.611,1500
BALL_NPS24_PS_US_15MIN_OPEN,13.727,2000
BALL_NPS24_PS_US_15MIN_OPEN,13.843,2750
BALL_NPS24_PS_US_15MIN_OPEN,13.958,3500
BALL_NPS24_PS_US_15MIN_OPEN,14.074,4750
BALL_NPS24_PS_US_15MIN_OPEN,14.19,6000
BALL_NPS24_PS_US_15MIN_OPEN,14.306,8000
BALL_NPS24_PS_US_15MIN_OPEN,14.421,10800
BALL_NPS24_PS_US_15MIN_OPEN,14.537,14200
BALL_NPS24_PS_US_15MIN_OPEN,14.653,20000
BALL_NPS24_PS_US_15MIN_OPEN,15,110500
BALL_NPS24_PS_US_6MIN_FLANGED_OPEN,0,0
BALL_NPS24_PS_US_6MIN_FLANGED_OPEN,3.611,325
BALL_NPS24_PS_US_6MIN_FLANGED_OPEN,4.333,520
BALL_NPS24_PS_US_6MIN_FLANGED_OPEN,4.38,650
BALL_NPS24_PS_US_6MIN_FLANGED_OPEN,4.495,1000
BALL_NPS24_PS_US_6MIN_FLANGED_OPEN,4.611,1500
BALL_NPS24_PS_US_6MIN_FLANGED_OPEN,4.727,2000
BALL_NPS24_PS_US_6MIN_FLANGED_OPEN,4.843,2750
BALL_NPS24_PS_US_6MIN_FLANGED_OPEN,4.958,3500
BALL_NPS24_PS_US_6MIN_FLANGED_OPEN,5.074,4750
BALL_NPS24_PS_US_6MIN_FLANGED_OPEN,5.19,6000
BALL_NPS24_PS_US_6MIN_FLANGED_OPEN,5.306,8000
BALL_NPS24_PS_US_6MIN_FLANGED_OPEN,5.421,10800
BALL_NPS24_PS_US_6MIN_FLANGED_OPEN,5.537,14200
BALL_NPS24_PS_US_6MIN_FLANGED_OPEN,5.653,20000
BALL_NPS24_PS_US_6MIN_FLANGED_OPEN,6,98600
BALL_NPS24_PS_US_6MIN_OPEN,0,0
BALL_NPS24_PS_US_6MIN_OPEN,3.611,325
BALL_NPS24_PS_US_6MIN_OPEN,4.333,520
BALL_NPS24_PS_US_6MIN_OPEN,4.38,650
BALL_NPS24_PS_US_6MIN_OPEN,4.495,1000
BALL_NPS24_PS_US_6MIN_OPEN,4.611,1500
BALL_NPS24_PS_US_6MIN_OPEN,4.727,2000
BALL_NPS24_PS_US_6MIN_OPEN,4.843,2750
BALL_NPS24_PS_US_6MIN_OPEN,4.958,3500
BALL_NPS24_PS_US_6MIN_OPEN,5.074,4750
BALL_NPS24_PS_US_6MIN_OPEN,5.19,6000
BALL_NPS24_PS_US_6MIN_OPEN,5.306,8000
BALL_NPS24_PS_US_6MIN_OPEN,5.421,10800
BALL_NPS24_PS_US_6MIN_OPEN,5.537,14200
BALL_NPS24_PS_US_6MIN_OPEN,5.653,20000
BALL_NPS24_PS_US_6MIN_OPEN,6,110500
BALL_NPS24_PS_US_9MIN_FLANGED_OPEN,0,0
BALL_NPS24_PS_US_9MIN_FLANGED_OPEN,6.111,325
BALL_NPS24_PS_US_9MIN_FLANGED_OPEN,7.333,520
BALL_NPS24_PS_US_9MIN_FLANGED_OPEN,7.38,650
BALL_NPS24_PS_US_9MIN_FLANGED_OPEN,7.495,1000
BALL_NPS24_PS_US_9MIN_FLANGED_OPEN,7.611,1500
BALL_NPS24_PS_US_9MIN_FLANGED_OPEN,7.727,2000
BALL_NPS24_PS_US_9MIN_FLANGED_OPEN,7.843,2750
BALL_NPS24_PS_US_9MIN_FLANGED_OPEN,7.958,3500
BALL_NPS24_PS_US_9MIN_FLANGED_OPEN,8.074,4750
BALL_NPS24_PS_US_9MIN_FLANGED_OPEN,8.19,6000
BALL_NPS24_PS_US_9MIN_FLANGED_OPEN,8.306,8000
BALL_NPS24_PS_US_9MIN_FLANGED_OPEN,8.421,10800
BALL_NPS24_PS_US_9MIN_FLANGED_OPEN,8.537,14200
BALL_NPS24_PS_US_9MIN_FLANGED_OPEN,8.653,20000
BALL_NPS24_PS_US_9MIN_FLANGED_OPEN,9,98600
BALL_NPS24_PS_US_9MIN_OPEN,0,0
BALL_NPS24_PS_US_9MIN_OPEN,6.111,325
BALL_NPS24_PS_US_9MIN_OPEN,7.333,520
BALL_NPS24_PS_US_9MIN_OPEN,7.38,650
BALL_NPS24_PS_US_9MIN_OPEN,7.495,1000
BALL_NPS24_PS_US_9MIN_OPEN,7.611,1500
BALL_NPS24_PS_US_9MIN_OPEN,7.727,2000
BALL_NPS24_PS_US_9MIN_OPEN,7.843,2750
BALL_NPS24_PS_US_9MIN_OPEN,7.958,3500
BALL_NPS24_PS_US_9MIN_OPEN,8.074,4750
BALL_NPS24_PS_US_9MIN_OPEN,8.19,6000
BALL_NPS24_PS_US_9MIN_OPEN,8.306,8000
BALL_NPS24_PS_US_9MIN_OPEN,8.421,10800
BALL_NPS24_PS_US_9MIN_OPEN,8.537,14200
BALL_NPS24_PS_US_9MIN_OPEN,8.653,20000
BALL_NPS24_PS_US_9MIN_OPEN,9,110500
BALL_NPS24RB_PS_CAN34_OPEN,0,0
BALL_NPS24RB_PS_CAN34_OPEN,6.111,270
BALL_NPS24RB_PS_CAN34_OPEN,7.333,408
BALL_NPS24RB_PS_CAN34_OPEN,7.38,500
BALL_NPS24RB_PS_CAN34_OPEN,7.495,800
BALL_NPS24RB_PS_CAN34_OPEN,7.611,1200
BALL_NPS24RB_PS_CAN34_OPEN,7.727,1700
BALL_NPS24RB_PS_CAN34_OPEN,7.843,2200
BALL_NPS24RB_PS_CAN34_OPEN,7.958,2800
BALL_NPS24RB_PS_CAN34_OPEN,8.074,3500
BALL_NPS24RB_PS_CAN34_OPEN,8.19,4500
BALL_NPS24RB_PS_CAN34_OPEN,8.306,6000
BALL_NPS24RB_PS_CAN34_OPEN,8.421,7600
BALL_NPS24RB_PS_CAN34_OPEN,8.537,10000
BALL_NPS24RB_PS_CAN34_OPEN,8.653,14000
BALL_NPS24RB_PS_CAN34_OPEN,8.769,19000
BALL_NPS24RB_PS_CAN34_OPEN,9,51900
BALL_NPS24RB_PS_CAN_OPEN,0,0
BALL_NPS24RB_PS_CAN_OPEN,3.611,270
BALL_NPS24RB_PS_CAN_OPEN,4.333,408
BALL_NPS24RB_PS_CAN_OPEN,4.38,500
BALL_NPS24RB_PS_CAN_OPEN,4.495,800
BALL_NPS24RB_PS_CAN_OPEN,4.611,1200
BALL_NPS24RB_PS_CAN_OPEN,4.727,1700
BALL_NPS24RB_PS_CAN_OPEN,4.843,2200
BALL_NPS24RB_PS_CAN_OPEN,4.958,2800
BALL_NPS24RB_PS_CAN_OPEN,5.074,3500
BALL_NPS24RB_PS_CAN_OPEN,5.19,4500
BALL_NPS24RB_PS_CAN_OPEN,5.306,6000
BALL_NPS24RB_PS_CAN_OPEN,5.421,7600
BALL_NPS24RB_PS_CAN_OPEN,5.537,10000
BALL_NPS24RB_PS_CAN_OPEN,5.653,14000
BALL_NPS24RB_PS_CAN_OPEN,5.769,19000
BALL_NPS24RB_PS_CAN_OPEN,6,51900
BALL_NPS24RB_PS_US_OPEN,0,0
BALL_NPS24RB_PS_US_OPEN,3.611,270
BALL_NPS24RB_PS_US_OPEN,4.333,408
BALL_NPS24RB_PS_US_OPEN,4.38,500
BALL_NPS24RB_PS_US_OPEN,4.495,800
BALL_NPS24RB_PS_US_OPEN,4.611,1200
BALL_NPS24RB_PS_US_OPEN,4.727,1700
BALL_NPS24RB_PS_US_OPEN,4.843,2200
BALL_NPS24RB_PS_US_OPEN,4.958,2800
BALL_NPS24RB_PS_US_OPEN,5.074,3500
BALL_NPS24RB_PS_US_OPEN,5.19,4500
BALL_NPS24RB_PS_US_OPEN,5.306,6000
BALL_NPS24RB_PS_US_OPEN,5.421,7600
BALL_NPS24RB_PS_US_OPEN,5.537,10000
BALL_NPS24RB_PS_US_OPEN,5.653,14000
BALL_NPS24RB_PS_US_OPEN,5.769,19000
BALL_NPS24RB_PS_US_OPEN,6,51900
BALL_NPS30_PS_CAN_12MIN_30_70_OPEN,0,0
BALL_NPS30_PS_CAN_12MIN_30_70_OPEN,5.856,500
BALL_NPS30_PS_CAN_12MIN_30_70_OPEN,7.809,1000
BALL_NPS30_PS_CAN_12MIN_30_70_OPEN,9.761,1550
BALL_NPS30_PS_CAN_12MIN_30_70_OPEN,10.542,1890
BALL_NPS30_PS_CAN_12MIN_30_70_OPEN,10.611,2400
BALL_NPS30_PS_CAN_12MIN_30_70_OPEN,10.727,3200
BALL_NPS30_PS_CAN_12MIN_30_70_OPEN,10.843,4400
BALL_NPS30_PS_CAN_12MIN_30_70_OPEN,10.958,5800
BALL_NPS30_PS_CAN_12MIN_30_70_OPEN,11.074,7700
BALL_NPS30_PS_CAN_12MIN_30_70_OPEN,11.19,9600
BALL_NPS30_PS_CAN_12MIN_30_70_OPEN,11.306,13000
BALL_NPS30_PS_CAN_12MIN_30_70_OPEN,11.421,16000
BALL_NPS30_PS_CAN_12MIN_30_70_OPEN,11.537,22000
BALL_NPS30_PS_CAN_12MIN_30_70_OPEN,11.653,30000
BALL_NPS30_PS_CAN_12MIN_30_70_OPEN,12,184400
BALL_NPS30_PS_CAN_12MIN_FLANGED_OPEN,0,0
BALL_NPS30_PS_CAN_12MIN_FLANGED_OPEN,8.611,500
BALL_NPS30_PS_CAN_12MIN_FLANGED_OPEN,10.333,800
BALL_NPS30_PS_CAN_12MIN_FLANGED_OPEN,10.38,1000
BALL_NPS30_PS_CAN_12MIN_FLANGED_OPEN,10.495,1550
BALL_NPS30_PS_CAN_12MIN_FLANGED_OPEN,10.611,2400
BALL_NPS30_PS_CAN_12MIN_FLANGED_OPEN,10.727,3200
BALL_NPS30_PS_CAN_12MIN_FLANGED_OPEN,10.843,4400
BALL_NPS30_PS_CAN_12MIN_FLANGED_OPEN,10.958,5800
BALL_NPS30_PS_CAN_12MIN_FLANGED_OPEN,11.074,7700
BALL_NPS30_PS_CAN_12MIN_FLANGED_OPEN,11.19,9600
BALL_NPS30_PS_CAN_12MIN_FLANGED_OPEN,11.306,13000
BALL_NPS30_PS_CAN_12MIN_FLANGED_OPEN,11.421,16000
BALL_NPS30_PS_CAN_12MIN_FLANGED_OPEN,11.537,22000
BALL_NPS30_PS_CAN_12MIN_FLANGED_OPEN,11.653,30000
BALL_NPS30_PS_CAN_12MIN_FLANGED_OPEN,12,160100
BALL_NPS30_PS_CAN_12MIN_OPEN,0,0
BALL_NPS30_PS_CAN_12MIN_OPEN,8.611,500
BALL_NPS30_PS_CAN_12MIN_OPEN,10.333,800
BALL_NPS30_PS_CAN_12MIN_OPEN,10.38,1000
BALL_NPS30_PS_CAN_12MIN_OPEN,10.495,1550
BALL_NPS30_PS_CAN_12MIN_OPEN,10.611,2400
BALL_NPS30_PS_CAN_12MIN_OPEN,10.727,3200
BALL_NPS30_PS_CAN_12MIN_OPEN,10.843,4400
BALL_NPS30_PS_CAN_12MIN_OPEN,10.958,5800
BALL_NPS30_PS_CAN_12MIN_OPEN,11.074,7700
BALL_NPS30_PS_CAN_12MIN_OPEN,11.19,9600
BALL_NPS30_PS_CAN_12MIN_OPEN,11.306,13000
BALL_NPS30_PS_CAN_12MIN_OPEN,11.421,16000
BALL_NPS30_PS_CAN_12MIN_OPEN,11.537,22000
BALL_NPS30_PS_CAN_12MIN_OPEN,11.653,30000
BALL_NPS30_PS_CAN_12MIN_OPEN,12,184400
BALL_NPS30_PS_CAN_15MIN_30_70_OPEN,0,0
BALL_NPS30_PS_CAN_15MIN_30_70_OPEN,7.523,500
BALL_NPS30_PS_CAN_15MIN_30_70_OPEN,10.031,1000
BALL_NPS30_PS_CAN_15MIN_30_70_OPEN,12.539,1550
BALL_NPS30_PS_CAN_15MIN_30_70_OPEN,13.542,1890
BALL_NPS30_PS_CAN_15MIN_30_70_OPEN,13.611,2400
BALL_NPS30_PS_CAN_15MIN_30_70_OPEN,13.727,3200
BALL_NPS30_PS_CAN_15MIN_30_70_OPEN,13.843,4400
BALL_NPS30_PS_CAN_15MIN_30_70_OPEN,13.958,5800
BALL_NPS30_PS_CAN_15MIN_30_70_OPEN,14.074,7700
BALL_NPS30_PS_CAN_15MIN_30_70_OPEN,14.19,9600
BALL_NPS30_PS_CAN_15MIN_30_70_OPEN,14.306,13000
BALL_NPS30_PS_CAN_15MIN_30_70_OPEN,14.421,16000
BALL_NPS30_PS_CAN_15MIN_30_70_OPEN,14.537,22000
BALL_NPS30_PS_CAN_15MIN_30_70_OPEN,14.653,30000
BALL_NPS30_PS_CAN_15MIN_30_70_OPEN,15,184400
BALL_NPS30_PS_CAN_15MIN_FLANGED_OPEN,0,0
BALL_NPS30_PS_CAN_15MIN_FLANGED_OPEN,11.111,500
BALL_NPS30_PS_CAN_15MIN_FLANGED_OPEN,13.333,800
BALL_NPS30_PS_CAN_15MIN_FLANGED_OPEN,13.38,1000
BALL_NPS30_PS_CAN_15MIN_FLANGED_OPEN,13.495,1550
BALL_NPS30_PS_CAN_15MIN_FLANGED_OPEN,13.611,2400
BALL_NPS30_PS_CAN_15MIN_FLANGED_OPEN,13.727,3200
BALL_NPS30_PS_CAN_15MIN_FLANGED_OPEN,13.843,4400
BALL_NPS30_PS_CAN_15MIN_FLANGED_OPEN,13.958,5800
BALL_NPS30_PS_CAN_15MIN_FLANGED_OPEN,14.074,7700
BALL_NPS30_PS_CAN_15MIN_FLANGED_OPEN,14.19,9600
BALL_NPS30_PS_CAN_15MIN_FLANGED_OPEN,14.306,13000
BALL_NPS30_PS_CAN_15MIN_FLANGED_OPEN,14.421,16000
BALL_NPS30_PS_CAN_15MIN_FLANGED_OPEN,14.537,22000
BALL_NPS30_PS_CAN_15MIN_FLANGED_OPEN,14.653,30000
BALL_NPS30_PS_CAN_15MIN_FLANGED_OPEN,15,160100
BALL_NPS30_PS_CAN_15MIN_OPEN,0,0
BALL_NPS30_PS_CAN_15MIN_OPEN,11.111,500
BALL_NPS30_PS_CAN_15MIN_OPEN,13.333,800
BALL_NPS30_PS_CAN_15MIN_OPEN,13.38,1000
BALL_NPS30_PS_CAN_15MIN_OPEN,13.495,1550
BALL_NPS30_PS_CAN_15MIN_OPEN,13.611,2400
BALL_NPS30_PS_CAN_15MIN_OPEN,13.727,3200
BALL_NPS30_PS_CAN_15MIN_OPEN,13.843,4400
BALL_NPS30_PS_CAN_15MIN_OPEN,13.958,5800
BALL_NPS30_PS_CAN_15MIN_OPEN,14.074,7700
BALL_NPS30_PS_CAN_15MIN_OPEN,14.19,9600
BALL_NPS30_PS_CAN_15MIN_OPEN,14.306,13000
BALL_NPS30_PS_CAN_15MIN_OPEN,14.421,16000
BALL_NPS30_PS_CAN_15MIN_OPEN,14.537,22000
BALL_NPS30_PS_CAN_15MIN_OPEN,14.653,30000
BALL_NPS30_PS_CAN_15MIN_OPEN,15,184400
BALL_NPS30_PS_CAN_4MIN_20_80_OPEN,0,0
BALL_NPS30_PS_CAN_4MIN_20_80_OPEN,1.944,500
BALL_NPS30_PS_CAN_4MIN_20_80_OPEN,2.333,800
BALL_NPS30_PS_CAN_4MIN_20_80_OPEN,2.38,1000
BALL_NPS30_PS_CAN_4MIN_20_80_OPEN,2.495,1550
BALL_NPS30_PS_CAN_4MIN_20_80_OPEN,2.611,2400
BALL_NPS30_PS_CAN_4MIN_20_80_OPEN,2.727,3200
BALL_NPS30_PS_CAN_4MIN_20_80_OPEN,2.843,4400
BALL_NPS30_PS_CAN_4MIN_20_80_OPEN,2.958,5800
BALL_NPS30_PS_CAN_4MIN_20_80_OPEN,3.074,7700
BALL_NPS30_PS_CAN_4MIN_20_80_OPEN,3.19,9600
BALL_NPS30_PS_CAN_4MIN_20_80_OPEN,3.306,13000
BALL_NPS30_PS_CAN_4MIN_20_80_OPEN,3.421,16000
BALL_NPS30_PS_CAN_4MIN_20_80_OPEN,3.537,22000
BALL_NPS30_PS_CAN_4MIN_20_80_OPEN,3.653,30000
BALL_NPS30_PS_CAN_4MIN_20_80_OPEN,4,184400
BALL_NPS30_PS_CAN_5MIN_20_80_OPEN,0,0
BALL_NPS30_PS_CAN_5MIN_20_80_OPEN,2.778,500
BALL_NPS30_PS_CAN_5MIN_20_80_OPEN,3.333,800
BALL_NPS30_PS_CAN_5MIN_20_80_OPEN,3.38,1000
BALL_NPS30_PS_CAN_5MIN_20_80_OPEN,3.495,1550
BALL_NPS30_PS_CAN_5MIN_20_80_OPEN,3.611,2400
BALL_NPS30_PS_CAN_5MIN_20_80_OPEN,3.727,3200
BALL_NPS30_PS_CAN_5MIN_20_80_OPEN,3.843,4400
BALL_NPS30_PS_CAN_5MIN_20_80_OPEN,3.958,5800
BALL_NPS30_PS_CAN_5MIN_20_80_OPEN,4.074,7700
BALL_NPS30_PS_CAN_5MIN_20_80_OPEN,4.19,9600
BALL_NPS30_PS_CAN_5MIN_20_80_OPEN,4.306,13000
BALL_NPS30_PS_CAN_5MIN_20_80_OPEN,4.421,16000
BALL_NPS30_PS_CAN_5MIN_20_80_OPEN,4.537,22000
BALL_NPS30_PS_CAN_5MIN_20_80_OPEN,4.653,30000
BALL_NPS30_PS_CAN_5MIN_20_80_OPEN,5,184400
BALL_NPS30_PS_CAN_6MIN_30_70_OPEN,0,0
BALL_NPS30_PS_CAN_6MIN_30_70_OPEN,2.523,500
BALL_NPS30_PS_CAN_6MIN_30_70_OPEN,3.364,1000
BALL_NPS30_PS_CAN_6MIN_30_70_OPEN,4.205,1550
BALL_NPS30_PS_CAN_6MIN_30_70_OPEN,4.542,1890
BALL_NPS30_PS_CAN_6MIN_30_70_OPEN,4.611,2400
BALL_NPS30_PS_CAN_6MIN_30_70_OPEN,4.727,3200
BALL_NPS30_PS_CAN_6MIN_30_70_OPEN,4.843,4400
BALL_NPS30_PS_CAN_6MIN_30_70_OPEN,4.958,5800
BALL_NPS30_PS_CAN_6MIN_30_70_OPEN,5.074,7700
BALL_NPS30_PS_CAN_6MIN_30_70_OPEN,5.19,9600
BALL_NPS30_PS_CAN_6MIN_30_70_OPEN,5.306,13000
BALL_NPS30_PS_CAN_6MIN_30_70_OPEN,5.421,16000
BALL_NPS30_PS_CAN_6MIN_30_70_OPEN,5.537,22000
BALL_NPS30_PS_CAN_6MIN_30_70_OPEN,5.653,30000
BALL_NPS30_PS_CAN_6MIN_30_70_OPEN,6,184400
BALL_NPS30_PS_CAN_6MIN_FLANGED_OPEN,0,0
BALL_NPS30_PS_CAN_6MIN_FLANGED_OPEN,3.611,500
BALL_NPS30_PS_CAN_6MIN_FLANGED_OPEN,4.333,800
BALL_NPS30_PS_CAN_6MIN_FLANGED_OPEN,4.38,1000
BALL_NPS30_PS_CAN_6MIN_FLANGED_OPEN,4.495,1550
BALL_NPS30_PS_CAN_6MIN_FLANGED_OPEN,4.611,2400
BALL_NPS30_PS_CAN_6MIN_FLANGED_OPEN,4.727,3200
BALL_NPS30_PS_CAN_6MIN_FLANGED_OPEN,4.843,4400
BALL_NPS30_PS_CAN_6MIN_FLANGED_OPEN,4.958,5800
BALL_NPS30_PS_CAN_6MIN_FLANGED_OPEN,5.074,7700
BALL_NPS30_PS_CAN_6MIN_FLANGED_OPEN,5.19,9600
BALL_NPS30_PS_CAN_6MIN_FLANGED_OPEN,5.306,13000
BALL_NPS30_PS_CAN_6MIN_FLANGED_OPEN,5.421,16000
BALL_NPS30_PS_CAN_6MIN_FLANGED_OPEN,5.537,22000
BALL_NPS30_PS_CAN_6MIN_FLANGED_OPEN,5.653,30000
BALL_NPS30_PS_CAN_6MIN_FLANGED_OPEN,6,160100
BALL_NPS30_PS_CAN_6MIN_OPEN,0,0
BALL_NPS30_PS_CAN_6MIN_OPEN,3.611,500
BALL_NPS30_PS_CAN_6MIN_OPEN,4.333,800
BALL_NPS30_PS_CAN_6MIN_OPEN,4.38,1000
BALL_NPS30_PS_CAN_6MIN_OPEN,4.495,1550
BALL_NPS30_PS_CAN_6MIN_OPEN,4.611,2400
BALL_NPS30_PS_CAN_6MIN_OPEN,4.727,3200
BALL_NPS30_PS_CAN_6MIN_OPEN,4.843,4400
BALL_NPS30_PS_CAN_6MIN_OPEN,4.958,5800
BALL_NPS30_PS_CAN_6MIN_OPEN,5.074,7700
BALL_NPS30_PS_CAN_6MIN_OPEN,5.19,9600
BALL_NPS30_PS_CAN_6MIN_OPEN,5.306,13000
BALL_NPS30_PS_CAN_6MIN_OPEN,5.421,16000
BALL_NPS30_PS_CAN_6MIN_OPEN,5.537,22000
BALL_NPS30_PS_CAN_6MIN_OPEN,5.653,30000
BALL_NPS30_PS_CAN_6MIN_OPEN,6,184400
BALL_NPS30_PS_CAN_9MIN_30_70_OPEN,0,0
BALL_NPS30_PS_CAN_9MIN_30_70_OPEN,4.19,500
BALL_NPS30_PS_CAN_9MIN_30_70_OPEN,5.586,1000
BALL_NPS30_PS_CAN_9MIN_30_70_OPEN,6.983,1550
BALL_NPS30_PS_CAN_9MIN_30_70_OPEN,7.542,1890
BALL_NPS30_PS_CAN_9MIN_30_70_OPEN,7.611,2400
BALL_NPS30_PS_CAN_9MIN_30_70_OPEN,7.727,3200
BALL_NPS30_PS_CAN_9MIN_30_70_OPEN,7.843,4400
BALL_NPS30_PS_CAN_9MIN_30_70_OPEN,7.958,5800
BALL_NPS30_PS_CAN_9MIN_30_70_OPEN,8.074,7700
BALL_NPS30_PS_CAN_9MIN_30_70_OPEN,8.19,9600
BALL_NPS30_PS_CAN_9MIN_30_70_OPEN,8.306,13000
BALL_NPS30_PS_CAN_9MIN_30_70_OPEN,8.421,16000
BALL_NPS30_PS_CAN_9MIN_30_70_OPEN,8.537,22000
BALL_NPS30_PS_CAN_9MIN_30_70_OPEN,8.653,30000
BALL_NPS30_PS_CAN_9MIN_30_70_OPEN,9,184400
BALL_NPS30_PS_CAN_9MIN_FLANGED_OPEN,0,0
BALL_NPS30_PS_CAN_9MIN_FLANGED_OPEN,6.111,500
BALL_NPS30_PS_CAN_9MIN_FLANGED_OPEN,7.333,800
BALL_NPS30_PS_CAN_9MIN_FLANGED_OPEN,7.38,1000
BALL_NPS30_PS_CAN_9MIN_FLANGED_OPEN,7.495,1550
BALL_NPS30_PS_CAN_9MIN_FLANGED_OPEN,7.611,2400
BALL_NPS30_PS_CAN_9MIN_FLANGED_OPEN,7.727,3200
BALL_NPS30_PS_CAN_9MIN_FLANGED_OPEN,7.843,4400
BALL_NPS30_PS_CAN_9MIN_FLANGED_OPEN,7.958,5800
BALL_NPS30_PS_CAN_9MIN_FLANGED_OPEN,8.074,7700
BALL_NPS30_PS_CAN_9MIN_FLANGED_OPEN,8.19,9600
BALL_NPS30_PS_CAN_9MIN_FLANGED_OPEN,8.306,13000
BALL_NPS30_PS_CAN_9MIN_FLANGED_OPEN,8.421,16000
BALL_NPS30_PS_CAN_9MIN_FLANGED_OPEN,8.537,22000
BALL_NPS30_PS_CAN_9MIN_FLANGED_OPEN,8.653,30000
BALL_NPS30_PS_CAN_9MIN_FLANGED_OPEN,9,160100
BALL_NPS30_PS_CAN_9MIN_OPEN,0,0
BALL_NPS30_PS_CAN_9MIN_OPEN,6.111,500
BALL_NPS30_PS_CAN_9MIN_OPEN,7.333,800
BALL_NPS30_PS_CAN_9MIN_OPEN,7.38,1000
BALL_NPS30_PS_CAN_9MIN_OPEN,7.495,1550
BALL_NPS30_PS_CAN_9MIN_OPEN,7.611,2400
BALL_NPS30_PS_CAN_9MIN_OPEN,7.727,3200
BALL_NPS30_PS_CAN_9MIN_OPEN,7.843,4400
BALL_NPS30_PS_CAN_9MIN_OPEN,7.958,5800
BALL_NPS30_PS_CAN_9MIN_OPEN,8.074,7700
BALL_NPS30_PS_CAN_9MIN_OPEN,8.19,9600
BALL_NPS30_PS_CAN_9MIN_OPEN,8.306,13000
BALL_NPS30_PS_CAN_9MIN_OPEN,8.421,16000
BALL_NPS30_PS_CAN_9MIN_OPEN,8.537,22000
BALL_NPS30_PS_CAN_9MIN_OPEN,8.653,30000
BALL_NPS30_PS_CAN_9MIN_OPEN,9,184400
BALL_NPS30_PS_CAN_DEFAULT_OPEN,0,0
BALL_NPS30_PS_CAN_DEFAULT_OPEN,0.347,500
BALL_NPS30_PS_CAN_DEFAULT_OPEN,0.417,800
BALL_NPS30_PS_CAN_DEFAULT_OPEN,0.463,1000
BALL_NPS30_PS_CAN_DEFAULT_OPEN,0.579,1550
BALL_NPS30_PS_CAN_DEFAULT_OPEN,0.694,2400
BALL_NPS30_PS_CAN_DEFAULT_OPEN,0.81,3200
BALL_NPS30_PS_CAN_DEFAULT_OPEN,0.926,4400
BALL_NPS30_PS_CAN_DEFAULT_OPEN,1.042,5800
BALL_NPS30_PS_CAN_DEFAULT_OPEN,1.157,7700
BALL_NPS30_PS_CAN_DEFAULT_OPEN,1.273,9600
BALL_NPS30_PS_CAN_DEFAULT_OPEN,1.389,13000
BALL_NPS30_PS_CAN_DEFAULT_OPEN,1.505,16000
BALL_NPS30_PS_CAN_DEFAULT_OPEN,1.62,22000
BALL_NPS30_PS_CAN_DEFAULT_OPEN,1.736,30000
BALL_NPS30_PS_CAN_DEFAULT_OPEN,2.083,184400
BALL_NPS30_PS_CSHNG_4.7MIN_OPEN,0,0
BALL_NPS30_PS_CSHNG_4.7MIN_OPEN,0.778,500
BALL_NPS30_PS_CSHNG_4.7MIN_OPEN,0.933,800
BALL_NPS30_PS_CSHNG_4.7MIN_OPEN,1.037,1000
BALL_NPS30_PS_CSHNG_4.7MIN_OPEN,1.296,1550
BALL_NPS30_PS_CSHNG_4.7MIN_OPEN,1.556,2400
BALL_NPS30_PS_CSHNG_4.7MIN_OPEN,1.815,3200
BALL_NPS30_PS_CSHNG_4.7MIN_OPEN,2.074,4400
BALL_NPS30_PS_CSHNG_4.7MIN_OPEN,2.333,5800
BALL_NPS30_PS_CSHNG_4.7MIN_OPEN,2.593,7700
BALL_NPS30_PS_CSHNG_4.7MIN_OPEN,2.852,9600
BALL_NPS30_PS_CSHNG_4.7MIN_OPEN,3.111,13000
BALL_NPS30_PS_CSHNG_4.7MIN_OPEN,3.37,16000
BALL_NPS30_PS_CSHNG_4.7MIN_OPEN,3.63,22000
BALL_NPS30_PS_CSHNG_4.7MIN_OPEN,3.889,30000
BALL_NPS30_PS_CSHNG_4.7MIN_OPEN,4.148,44000
BALL_NPS30_PS_CSHNG_4.7MIN_OPEN,4.667,184400
BALL_NPS30_PS_CSHNG_PUMP_OPEN,0,0
BALL_NPS30_PS_CSHNG_PUMP_OPEN,16.7,500
BALL_NPS30_PS_CSHNG_PUMP_OPEN,22.2,1000
BALL_NPS30_PS_CSHNG_PUMP_OPEN,27.8,1550
BALL_NPS30_PS_CSHNG_PUMP_OPEN,33.3,2400
BALL_NPS30_PS_CSHNG_PUMP_OPEN,38.9,3200
BALL_NPS30_PS_CSHNG_PUMP_OPEN,44.4,4400
BALL_NPS30_PS_CSHNG_PUMP_OPEN,50,5800
BALL_NPS30_PS_CSHNG_PUMP_OPEN,55.6,7700
BALL_NPS30_PS_CSHNG_PUMP_OPEN,61.1,9600
BALL_NPS30_PS_CSHNG_PUMP_OPEN,66.7,13000
BALL_NPS30_PS_CSHNG_PUMP_OPEN,72.2,16000
BALL_NPS30_PS_CSHNG_PUMP_OPEN,77.8,22000
BALL_NPS30_PS_CSHNG_PUMP_OPEN,83.3,30000
BALL_NPS30_PS_CSHNG_PUMP_OPEN,88.9,44000
BALL_NPS30_PS_CSHNG_PUMP_OPEN,100,160100
BALL_NPS30_PS_US_12MIN_30_70_OPEN,0,0
BALL_NPS30_PS_US_12MIN_30_70_OPEN,5.889,500
BALL_NPS30_PS_US_12MIN_30_70_OPEN,7.852,1000
BALL_NPS30_PS_US_12MIN_30_70_OPEN,9.815,1550
BALL_NPS30_PS_US_12MIN_30_70_OPEN,10.6,1890
BALL_NPS30_PS_US_12MIN_30_70_OPEN,10.667,2400
BALL_NPS30_PS_US_12MIN_30_70_OPEN,10.778,3200
BALL_NPS30_PS_US_12MIN_30_70_OPEN,10.889,4400
BALL_NPS30_PS_US_12MIN_30_70_OPEN,11,5800
BALL_NPS30_PS_US_12MIN_30_70_OPEN,11.111,7700
BALL_NPS30_PS_US_12MIN_30_70_OPEN,11.222,9600
BALL_NPS30_PS_US_12MIN_30_70_OPEN,11.333,13000
BALL_NPS30_PS_US_12MIN_30_70_OPEN,11.444,16000
BALL_NPS30_PS_US_12MIN_30_70_OPEN,11.556,22000
BALL_NPS30_PS_US_12MIN_30_70_OPEN,11.667,30000
BALL_NPS30_PS_US_12MIN_30_70_OPEN,12,184400
BALL_NPS30_PS_US_12MIN_FLANGED_OPEN,0,0
BALL_NPS30_PS_US_12MIN_FLANGED_OPEN,8.667,500
BALL_NPS30_PS_US_12MIN_FLANGED_OPEN,10.4,800
BALL_NPS30_PS_US_12MIN_FLANGED_OPEN,10.444,1000
BALL_NPS30_PS_US_12MIN_FLANGED_OPEN,10.556,1550
BALL_NPS30_PS_US_12MIN_FLANGED_OPEN,10.667,2400
BALL_NPS30_PS_US_12MIN_FLANGED_OPEN,10.778,3200
BALL_NPS30_PS_US_12MIN_FLANGED_OPEN,10.889,4400
BALL_NPS30_PS_US_12MIN_FLANGED_OPEN,11,5800
BALL_NPS30_PS_US_12MIN_FLANGED_OPEN,11.111,7700
BALL_NPS30_PS_US_12MIN_FLANGED_OPEN,11.222,9600
BALL_NPS30_PS_US_12MIN_FLANGED_OPEN,11.333,13000
BALL_NPS30_PS_US_12MIN_FLANGED_OPEN,11.444,16000
BALL_NPS30_PS_US_12MIN_FLANGED_OPEN,11.556,22000
BALL_NPS30_PS_US_12MIN_FLANGED_OPEN,11.667,30000
BALL_NPS30_PS_US_12MIN_FLANGED_OPEN,12,160100
BALL_NPS30_PS_US_12MIN_OPEN,0,0
BALL_NPS30_PS_US_12MIN_OPEN,8.667,500
BALL_NPS30_PS_US_12MIN_OPEN,10.4,800
BALL_NPS30_PS_US_12MIN_OPEN,10.444,1000
BALL_NPS30_PS_US_12MIN_OPEN,10.556,1550
BALL_NPS30_PS_US_12MIN_OPEN,10.667,2400
BALL_NPS30_PS_US_12MIN_OPEN,10.778,3200
BALL_NPS30_PS_US_12MIN_OPEN,10.889,4400
BALL_NPS30_PS_US_12MIN_OPEN,11,5800
BALL_NPS30_PS_US_12MIN_OPEN,11.111,7700
BALL_NPS30_PS_US_12MIN_OPEN,11.222,9600
BALL_NPS30_PS_US_12MIN_OPEN,11.333,13000
BALL_NPS30_PS_US_12MIN_OPEN,11.444,16000
BALL_NPS30_PS_US_12MIN_OPEN,11.556,22000
BALL_NPS30_PS_US_12MIN_OPEN,11.667,30000
BALL_NPS30_PS_US_12MIN_OPEN,12,184400
BALL_NPS30_PS_US_15MIN_30_70_OPEN,0,0
BALL_NPS30_PS_US_15MIN_30_70_OPEN,7.556,500
BALL_NPS30_PS_US_15MIN_30_70_OPEN,10.074,1000
BALL_NPS30_PS_US_15MIN_30_70_OPEN,12.593,1550
BALL_NPS30_PS_US_15MIN_30_70_OPEN,13.6,1890
BALL_NPS30_PS_US_15MIN_30_70_OPEN,13.667,2400
BALL_NPS30_PS_US_15MIN_30_70_OPEN,13.778,3200
BALL_NPS30_PS_US_15MIN_30_70_OPEN,13.889,4400
BALL_NPS30_PS_US_15MIN_30_70_OPEN,14,5800
BALL_NPS30_PS_US_15MIN_30_70_OPEN,14.111,7700
BALL_NPS30_PS_US_15MIN_30_70_OPEN,14.222,9600
BALL_NPS30_PS_US_15MIN_30_70_OPEN,14.333,13000
BALL_NPS30_PS_US_15MIN_30_70_OPEN,14.444,16000
BALL_NPS30_PS_US_15MIN_30_70_OPEN,14.556,22000
BALL_NPS30_PS_US_15MIN_30_70_OPEN,14.667,30000
BALL_NPS30_PS_US_15MIN_30_70_OPEN,15,184400
BALL_NPS30_PS_US_15MIN_FLANGED_OPEN,0,0
BALL_NPS30_PS_US_15MIN_FLANGED_OPEN,11.167,500
BALL_NPS30_PS_US_15MIN_FLANGED_OPEN,13.4,800
BALL_NPS30_PS_US_15MIN_FLANGED_OPEN,13.444,1000
BALL_NPS30_PS_US_15MIN_FLANGED_OPEN,13.556,1550
BALL_NPS30_PS_US_15MIN_FLANGED_OPEN,13.667,2400
BALL_NPS30_PS_US_15MIN_FLANGED_OPEN,13.778,3200
BALL_NPS30_PS_US_15MIN_FLANGED_OPEN,13.889,4400
BALL_NPS30_PS_US_15MIN_FLANGED_OPEN,14,5800
BALL_NPS30_PS_US_15MIN_FLANGED_OPEN,14.111,7700
BALL_NPS30_PS_US_15MIN_FLANGED_OPEN,14.222,9600
BALL_NPS30_PS_US_15MIN_FLANGED_OPEN,14.333,13000
BALL_NPS30_PS_US_15MIN_FLANGED_OPEN,14.444,16000
BALL_NPS30_PS_US_15MIN_FLANGED_OPEN,14.556,22000
BALL_NPS30_PS_US_15MIN_FLANGED_OPEN,14.667,30000
BALL_NPS30_PS_US_15MIN_FLANGED_OPEN,15,160100
BALL_NPS30_PS_US_15MIN_OPEN,0,0
BALL_NPS30_PS_US_15MIN_OPEN,11.167,500
BALL_NPS30_PS_US_15MIN_OPEN,13.4,800
BALL_NPS30_PS_US_15MIN_OPEN,13.444,1000
BALL_NPS30_PS_US_15MIN_OPEN,13.556,1550
BALL_NPS30_PS_US_15MIN_OPEN,13.667,2400
BALL_NPS30_PS_US_15MIN_OPEN,13.778,3200
BALL_NPS30_PS_US_15MIN_OPEN,13.889,4400
BALL_NPS30_PS_US_15MIN_OPEN,14,5800
BALL_NPS30_PS_US_15MIN_OPEN,14.111,7700
BALL_NPS30_PS_US_15MIN_OPEN,14.222,9600
BALL_NPS30_PS_US_15MIN_OPEN,14.333,13000
BALL_NPS30_PS_US_15MIN_OPEN,14.444,16000
BALL_NPS30_PS_US_15MIN_OPEN,14.556,22000
BALL_NPS30_PS_US_15MIN_OPEN,14.667,30000
BALL_NPS30_PS_US_15MIN_OPEN,15,184400
BALL_NPS30_PS_US_2MIN_OPEN,0,0
BALL_NPS30_PS_US_2MIN_OPEN,0.333,500
BALL_NPS30_PS_US_2MIN_OPEN,0.4,800
BALL_NPS30_PS_US_2MIN_OPEN,0.444,1000
BALL_NPS30_PS_US_2MIN_OPEN,0.556,1550
BALL_NPS30_PS_US_2MIN_OPEN,0.667,2400
BALL_NPS30_PS_US_2MIN_OPEN,0.778,3200
BALL_NPS30_PS_US_2MIN_OPEN,0.889,4400
BALL_NPS30_PS_US_2MIN_OPEN,1,5800
BALL_NPS30_PS_US_2MIN_OPEN,1.111,7700
BALL_NPS30_PS_US_2MIN_OPEN,1.222,9600
BALL_NPS30_PS_US_2MIN_OPEN,1.333,13000
BALL_NPS30_PS_US_2MIN_OPEN,1.444,16000
BALL_NPS30_PS_US_2MIN_OPEN,1.556,22000
BALL_NPS30_PS_US_2MIN_OPEN,1.667,30000
BALL_NPS30_PS_US_2MIN_OPEN,2,184400
BALL_NPS30_PS_US_6MIN_30_70_OPEN,0,0
BALL_NPS30_PS_US_6MIN_30_70_OPEN,2.556,500
BALL_NPS30_PS_US_6MIN_30_70_OPEN,3.407,1000
BALL_NPS30_PS_US_6MIN_30_70_OPEN,4.259,1550
BALL_NPS30_PS_US_6MIN_30_70_OPEN,4.6,1890
BALL_NPS30_PS_US_6MIN_30_70_OPEN,4.667,2400
BALL_NPS30_PS_US_6MIN_30_70_OPEN,4.778,3200
BALL_NPS30_PS_US_6MIN_30_70_OPEN,4.889,4400
BALL_NPS30_PS_US_6MIN_30_70_OPEN,5,5800
BALL_NPS30_PS_US_6MIN_30_70_OPEN,5.111,7700
BALL_NPS30_PS_US_6MIN_30_70_OPEN,5.222,9600
BALL_NPS30_PS_US_6MIN_30_70_OPEN,5.333,13000
BALL_NPS30_PS_US_6MIN_30_70_OPEN,5.444,16000
BALL_NPS30_PS_US_6MIN_30_70_OPEN,5.556,22000
BALL_NPS30_PS_US_6MIN_30_70_OPEN,5.667,30000
BALL_NPS30_PS_US_6MIN_30_70_OPEN,6,184400
BALL_NPS30_PS_US_6MIN_FLANGED_OPEN,0,0
BALL_NPS30_PS_US_6MIN_FLANGED_OPEN,3.667,500
BALL_NPS30_PS_US_6MIN_FLANGED_OPEN,4.4,800
BALL_NPS30_PS_US_6MIN_FLANGED_OPEN,4.444,1000
BALL_NPS30_PS_US_6MIN_FLANGED_OPEN,4.556,1550
BALL_NPS30_PS_US_6MIN_FLANGED_OPEN,4.667,2400
BALL_NPS30_PS_US_6MIN_FLANGED_OPEN,4.778,3200
BALL_NPS30_PS_US_6MIN_FLANGED_OPEN,4.889,4400
BALL_NPS30_PS_US_6MIN_FLANGED_OPEN,5,5800
BALL_NPS30_PS_US_6MIN_FLANGED_OPEN,5.111,7700
BALL_NPS30_PS_US_6MIN_FLANGED_OPEN,5.222,9600
BALL_NPS30_PS_US_6MIN_FLANGED_OPEN,5.333,13000
BALL_NPS30_PS_US_6MIN_FLANGED_OPEN,5.444,16000
BALL_NPS30_PS_US_6MIN_FLANGED_OPEN,5.556,22000
BALL_NPS30_PS_US_6MIN_FLANGED_OPEN,5.667,30000
BALL_NPS30_PS_US_6MIN_FLANGED_OPEN,6,160100
BALL_NPS30_PS_US_9MIN_30_70_OPEN,0,0
BALL_NPS30_PS_US_9MIN_30_70_OPEN,4.222,500
BALL_NPS30_PS_US_9MIN_30_70_OPEN,5.63,1000
BALL_NPS30_PS_US_9MIN_30_70_OPEN,7.037,1550
BALL_NPS30_PS_US_9MIN_30_70_OPEN,7.6,1890
BALL_NPS30_PS_US_9MIN_30_70_OPEN,7.667,2400
BALL_NPS30_PS_US_9MIN_30_70_OPEN,7.778,3200
BALL_NPS30_PS_US_9MIN_30_70_OPEN,7.889,4400
BALL_NPS30_PS_US_9MIN_30_70_OPEN,8,5800
BALL_NPS30_PS_US_9MIN_30_70_OPEN,8.111,7700
BALL_NPS30_PS_US_9MIN_30_70_OPEN,8.222,9600
BALL_NPS30_PS_US_9MIN_30_70_OPEN,8.333,13000
BALL_NPS30_PS_US_9MIN_30_70_OPEN,8.444,16000
BALL_NPS30_PS_US_9MIN_30_70_OPEN,8.556,22000
BALL_NPS30_PS_US_9MIN_30_70_OPEN,8.667,30000
BALL_NPS30_PS_US_9MIN_30_70_OPEN,9,184400
BALL_NPS30_PS_US_9MIN_FLANGED_OPEN,0,0
BALL_NPS30_PS_US_9MIN_FLANGED_OPEN,6.167,500
BALL_NPS30_PS_US_9MIN_FLANGED_OPEN,7.4,800
BALL_NPS30_PS_US_9MIN_FLANGED_OPEN,7.444,1000
BALL_NPS30_PS_US_9MIN_FLANGED_OPEN,7.556,1550
BALL_NPS30_PS_US_9MIN_FLANGED_OPEN,7.667,2400
BALL_NPS30_PS_US_9MIN_FLANGED_OPEN,7.778,3200
BALL_NPS30_PS_US_9MIN_FLANGED_OPEN,7.889,4400
BALL_NPS30_PS_US_9MIN_FLANGED_OPEN,8,5800
BALL_NPS30_PS_US_9MIN_FLANGED_OPEN,8.111,7700
BALL_NPS30_PS_US_9MIN_FLANGED_OPEN,8.222,9600
BALL_NPS30_PS_US_9MIN_FLANGED_OPEN,8.333,13000
BALL_NPS30_PS_US_9MIN_FLANGED_OPEN,8.444,16000
BALL_NPS30_PS_US_9MIN_FLANGED_OPEN,8.556,22000
BALL_NPS30_PS_US_9MIN_FLANGED_OPEN,8.667,30000
BALL_NPS30_PS_US_9MIN_FLANGED_OPEN,9,160100
BALL_NPS30_PS_US_9MIN_OPEN,0,0
BALL_NPS30_PS_US_9MIN_OPEN,6.167,500
BALL_NPS30_PS_US_9MIN_OPEN,7.4,800
BALL_NPS30_PS_US_9MIN_OPEN,7.444,1000
BALL_NPS30_PS_US_9MIN_OPEN,7.556,1550
BALL_NPS30_PS_US_9MIN_OPEN,7.667,2400
BALL_NPS30_PS_US_9MIN_OPEN,7.778,3200
BALL_NPS30_PS_US_9MIN_OPEN,7.889,4400
BALL_NPS30_PS_US_9MIN_OPEN,8,5800
BALL_NPS30_PS_US_9MIN_OPEN,8.111,7700
BALL_NPS30_PS_US_9MIN_OPEN,8.222,9600
BALL_NPS30_PS_US_9MIN_OPEN,8.333,13000
BALL_NPS30_PS_US_9MIN_OPEN,8.444,16000
BALL_NPS30_PS_US_9MIN_OPEN,8.556,22000
BALL_NPS30_PS_US_9MIN_OPEN,8.667,30000
BALL_NPS30_PS_US_9MIN_OPEN,9,184400
BALL_NPS30_PS_US_OPEN,0,0
BALL_NPS30_PS_US_OPEN,3.667,500
BALL_NPS30_PS_US_OPEN,4.4,800
BALL_NPS30_PS_US_OPEN,4.444,1000
BALL_NPS30_PS_US_OPEN,4.556,1550
BALL_NPS30_PS_US_OPEN,4.667,2400
BALL_NPS30_PS_US_OPEN,4.778,3200
BALL_NPS30_PS_US_OPEN,4.889,4400
BALL_NPS30_PS_US_OPEN,5,5800
BALL_NPS30_PS_US_OPEN,5.111,7700
BALL_NPS30_PS_US_OPEN,5.222,9600
BALL_NPS30_PS_US_OPEN,5.333,13000
BALL_NPS30_PS_US_OPEN,5.444,16000
BALL_NPS30_PS_US_OPEN,5.556,22000
BALL_NPS30_PS_US_OPEN,5.667,30000
BALL_NPS30_PS_US_OPEN,6,184400
BALL_NPS30_REMOTE_CAN_12MIN_30_70_OPEN,0,0
BALL_NPS30_REMOTE_CAN_12MIN_30_70_OPEN,5.451,500
BALL_NPS30_REMOTE_CAN_12MIN_30_70_OPEN,7.269,1000
BALL_NPS30_REMOTE_CAN_12MIN_30_70_OPEN,9.086,1550
BALL_NPS30_REMOTE_CAN_12MIN_30_70_OPEN,9.813,1890
BALL_NPS30_REMOTE_CAN_12MIN_30_70_OPEN,9.917,2400
BALL_NPS30_REMOTE_CAN_12MIN_30_70_OPEN,10.09,3200
BALL_NPS30_REMOTE_CAN_12MIN_30_70_OPEN,10.264,4400
BALL_NPS30_REMOTE_CAN_12MIN_30_70_OPEN,10.438,5800
BALL_NPS30_REMOTE_CAN_12MIN_30_70_OPEN,10.611,7700
BALL_NPS30_REMOTE_CAN_12MIN_30_70_OPEN,10.785,9600
BALL_NPS30_REMOTE_CAN_12MIN_30_70_OPEN,10.958,13000
BALL_NPS30_REMOTE_CAN_12MIN_30_70_OPEN,11.132,16000
BALL_NPS30_REMOTE_CAN_12MIN_30_70_OPEN,11.306,22000
BALL_NPS30_REMOTE_CAN_12MIN_30_70_OPEN,11.479,30000
BALL_NPS30_REMOTE_CAN_12MIN_30_70_OPEN,12,184400
BALL_NPS30_REMOTE_CAN_12MIN_OPEN,0,0
BALL_NPS30_REMOTE_CAN_12MIN_OPEN,7.917,500
BALL_NPS30_REMOTE_CAN_12MIN_OPEN,9.5,800
BALL_NPS30_REMOTE_CAN_12MIN_OPEN,9.569,1000
BALL_NPS30_REMOTE_CAN_12MIN_OPEN,9.743,1550
BALL_NPS30_REMOTE_CAN_12MIN_OPEN,9.917,2400
BALL_NPS30_REMOTE_CAN_12MIN_OPEN,10.09,3200
BALL_NPS30_REMOTE_CAN_12MIN_OPEN,10.264,4400
BALL_NPS30_REMOTE_CAN_12MIN_OPEN,10.438,5800
BALL_NPS30_REMOTE_CAN_12MIN_OPEN,10.611,7700
BALL_NPS30_REMOTE_CAN_12MIN_OPEN,10.785,9600
BALL_NPS30_REMOTE_CAN_12MIN_OPEN,10.958,13000
BALL_NPS30_REMOTE_CAN_12MIN_OPEN,11.132,16000
BALL_NPS30_REMOTE_CAN_12MIN_OPEN,11.306,22000
BALL_NPS30_REMOTE_CAN_12MIN_OPEN,11.479,30000
BALL_NPS30_REMOTE_CAN_12MIN_OPEN,12,184400
BALL_NPS30_REMOTE_CAN_15MIN_30_70_OPEN,0,0
BALL_NPS30_REMOTE_CAN_15MIN_30_70_OPEN,7.118,500
BALL_NPS30_REMOTE_CAN_15MIN_30_70_OPEN,9.491,1000
BALL_NPS30_REMOTE_CAN_15MIN_30_70_OPEN,11.863,1550
BALL_NPS30_REMOTE_CAN_15MIN_30_70_OPEN,12.813,1890
BALL_NPS30_REMOTE_CAN_15MIN_30_70_OPEN,12.917,2400
BALL_NPS30_REMOTE_CAN_15MIN_30_70_OPEN,13.09,3200
BALL_NPS30_REMOTE_CAN_15MIN_30_70_OPEN,13.264,4400
BALL_NPS30_REMOTE_CAN_15MIN_30_70_OPEN,13.438,5800
BALL_NPS30_REMOTE_CAN_15MIN_30_70_OPEN,13.611,7700
BALL_NPS30_REMOTE_CAN_15MIN_30_70_OPEN,13.785,9600
BALL_NPS30_REMOTE_CAN_15MIN_30_70_OPEN,13.958,13000
BALL_NPS30_REMOTE_CAN_15MIN_30_70_OPEN,14.132,16000
BALL_NPS30_REMOTE_CAN_15MIN_30_70_OPEN,14.306,22000
BALL_NPS30_REMOTE_CAN_15MIN_30_70_OPEN,14.479,30000
BALL_NPS30_REMOTE_CAN_15MIN_30_70_OPEN,15,184400
BALL_NPS30_REMOTE_CAN_15MIN_OPEN,0,0
BALL_NPS30_REMOTE_CAN_15MIN_OPEN,10.417,500
BALL_NPS30_REMOTE_CAN_15MIN_OPEN,12.5,800
BALL_NPS30_REMOTE_CAN_15MIN_OPEN,12.569,1000
BALL_NPS30_REMOTE_CAN_15MIN_OPEN,12.743,1550
BALL_NPS30_REMOTE_CAN_15MIN_OPEN,12.917,2400
BALL_NPS30_REMOTE_CAN_15MIN_OPEN,13.09,3200
BALL_NPS30_REMOTE_CAN_15MIN_OPEN,13.264,4400
BALL_NPS30_REMOTE_CAN_15MIN_OPEN,13.438,5800
BALL_NPS30_REMOTE_CAN_15MIN_OPEN,13.611,7700
BALL_NPS30_REMOTE_CAN_15MIN_OPEN,13.785,9600
BALL_NPS30_REMOTE_CAN_15MIN_OPEN,13.958,13000
BALL_NPS30_REMOTE_CAN_15MIN_OPEN,14.132,16000
BALL_NPS30_REMOTE_CAN_15MIN_OPEN,14.306,22000
BALL_NPS30_REMOTE_CAN_15MIN_OPEN,14.479,30000
BALL_NPS30_REMOTE_CAN_15MIN_OPEN,15,184400
BALL_NPS30_REMOTE_CAN_6MIN_30_70_OPEN,0,0
BALL_NPS30_REMOTE_CAN_6MIN_30_70_OPEN,2.118,500
BALL_NPS30_REMOTE_CAN_6MIN_30_70_OPEN,2.824,1000
BALL_NPS30_REMOTE_CAN_6MIN_30_70_OPEN,3.53,1550
BALL_NPS30_REMOTE_CAN_6MIN_30_70_OPEN,3.813,1890
BALL_NPS30_REMOTE_CAN_6MIN_30_70_OPEN,3.917,2400
BALL_NPS30_REMOTE_CAN_6MIN_30_70_OPEN,4.09,3200
BALL_NPS30_REMOTE_CAN_6MIN_30_70_OPEN,4.264,4400
BALL_NPS30_REMOTE_CAN_6MIN_30_70_OPEN,4.438,5800
BALL_NPS30_REMOTE_CAN_6MIN_30_70_OPEN,4.611,7700
BALL_NPS30_REMOTE_CAN_6MIN_30_70_OPEN,4.785,9600
BALL_NPS30_REMOTE_CAN_6MIN_30_70_OPEN,4.958,13000
BALL_NPS30_REMOTE_CAN_6MIN_30_70_OPEN,5.132,16000
BALL_NPS30_REMOTE_CAN_6MIN_30_70_OPEN,5.306,22000
BALL_NPS30_REMOTE_CAN_6MIN_30_70_OPEN,5.479,30000
BALL_NPS30_REMOTE_CAN_6MIN_30_70_OPEN,6,184400
BALL_NPS30_REMOTE_CAN_6MIN_OPEN,0,0
BALL_NPS30_REMOTE_CAN_6MIN_OPEN,2.917,500
BALL_NPS30_REMOTE_CAN_6MIN_OPEN,3.5,800
BALL_NPS30_REMOTE_CAN_6MIN_OPEN,3.569,1000
BALL_NPS30_REMOTE_CAN_6MIN_OPEN,3.743,1550
BALL_NPS30_REMOTE_CAN_6MIN_OPEN,3.917,2400
BALL_NPS30_REMOTE_CAN_6MIN_OPEN,4.09,3200
BALL_NPS30_REMOTE_CAN_6MIN_OPEN,4.264,4400
BALL_NPS30_REMOTE_CAN_6MIN_OPEN,4.438,5800
BALL_NPS30_REMOTE_CAN_6MIN_OPEN,4.611,7700
BALL_NPS30_REMOTE_CAN_6MIN_OPEN,4.785,9600
BALL_NPS30_REMOTE_CAN_6MIN_OPEN,4.958,13000
BALL_NPS30_REMOTE_CAN_6MIN_OPEN,5.132,16000
BALL_NPS30_REMOTE_CAN_6MIN_OPEN,5.306,22000
BALL_NPS30_REMOTE_CAN_6MIN_OPEN,5.479,30000
BALL_NPS30_REMOTE_CAN_6MIN_OPEN,6,184400
BALL_NPS30_REMOTE_CAN_9MIN_30_70_OPEN,0,0
BALL_NPS30_REMOTE_CAN_9MIN_30_70_OPEN,3.785,500
BALL_NPS30_REMOTE_CAN_9MIN_30_70_OPEN,5.046,1000
BALL_NPS30_REMOTE_CAN_9MIN_30_70_OPEN,6.308,1550
BALL_NPS30_REMOTE_CAN_9MIN_30_70_OPEN,6.813,1890
BALL_NPS30_REMOTE_CAN_9MIN_30_70_OPEN,6.917,2400
BALL_NPS30_REMOTE_CAN_9MIN_30_70_OPEN,7.09,3200
BALL_NPS30_REMOTE_CAN_9MIN_30_70_OPEN,7.264,4400
BALL_NPS30_REMOTE_CAN_9MIN_30_70_OPEN,7.438,5800
BALL_NPS30_REMOTE_CAN_9MIN_30_70_OPEN,7.611,7700
BALL_NPS30_REMOTE_CAN_9MIN_30_70_OPEN,7.785,9600
BALL_NPS30_REMOTE_CAN_9MIN_30_70_OPEN,7.958,13000
BALL_NPS30_REMOTE_CAN_9MIN_30_70_OPEN,8.132,16000
BALL_NPS30_REMOTE_CAN_9MIN_30_70_OPEN,8.306,22000
BALL_NPS30_REMOTE_CAN_9MIN_30_70_OPEN,8.479,30000
BALL_NPS30_REMOTE_CAN_9MIN_30_70_OPEN,9,184400
BALL_NPS30_REMOTE_CAN_9MIN_OPEN,0,0
BALL_NPS30_REMOTE_CAN_9MIN_OPEN,5.417,500
BALL_NPS30_REMOTE_CAN_9MIN_OPEN,6.5,800
BALL_NPS30_REMOTE_CAN_9MIN_OPEN,6.569,1000
BALL_NPS30_REMOTE_CAN_9MIN_OPEN,6.743,1550
BALL_NPS30_REMOTE_CAN_9MIN_OPEN,6.917,2400
BALL_NPS30_REMOTE_CAN_9MIN_OPEN,7.09,3200
BALL_NPS30_REMOTE_CAN_9MIN_OPEN,7.264,4400
BALL_NPS30_REMOTE_CAN_9MIN_OPEN,7.438,5800
BALL_NPS30_REMOTE_CAN_9MIN_OPEN,7.611,7700
BALL_NPS30_REMOTE_CAN_9MIN_OPEN,7.785,9600
BALL_NPS30_REMOTE_CAN_9MIN_OPEN,7.958,13000
BALL_NPS30_REMOTE_CAN_9MIN_OPEN,8.132,16000
BALL_NPS30_REMOTE_CAN_9MIN_OPEN,8.306,22000
BALL_NPS30_REMOTE_CAN_9MIN_OPEN,8.479,30000
BALL_NPS30_REMOTE_CAN_9MIN_OPEN,9,184400
BALL_NPS30_REMOTE_US_12MIN_30_70_OPEN,0,0
BALL_NPS30_REMOTE_US_12MIN_30_70_OPEN,5.889,500
BALL_NPS30_REMOTE_US_12MIN_30_70_OPEN,7.852,1000
BALL_NPS30_REMOTE_US_12MIN_30_70_OPEN,9.815,1550
BALL_NPS30_REMOTE_US_12MIN_30_70_OPEN,10.6,1890
BALL_NPS30_REMOTE_US_12MIN_30_70_OPEN,10.667,2400
BALL_NPS30_REMOTE_US_12MIN_30_70_OPEN,10.778,3200
BALL_NPS30_REMOTE_US_12MIN_30_70_OPEN,10.889,4400
BALL_NPS30_REMOTE_US_12MIN_30_70_OPEN,11,5800
BALL_NPS30_REMOTE_US_12MIN_30_70_OPEN,11.111,7700
BALL_NPS30_REMOTE_US_12MIN_30_70_OPEN,11.222,9600
BALL_NPS30_REMOTE_US_12MIN_30_70_OPEN,11.333,13000
BALL_NPS30_REMOTE_US_12MIN_30_70_OPEN,11.444,16000
BALL_NPS30_REMOTE_US_12MIN_30_70_OPEN,11.556,22000
BALL_NPS30_REMOTE_US_12MIN_30_70_OPEN,11.667,30000
BALL_NPS30_REMOTE_US_12MIN_30_70_OPEN,12,184400
BALL_NPS30_REMOTE_US_12MIN_OPEN,0,0
BALL_NPS30_REMOTE_US_12MIN_OPEN,8.667,500
BALL_NPS30_REMOTE_US_12MIN_OPEN,10.4,800
BALL_NPS30_REMOTE_US_12MIN_OPEN,10.444,1000
BALL_NPS30_REMOTE_US_12MIN_OPEN,10.556,1550
BALL_NPS30_REMOTE_US_12MIN_OPEN,10.667,2400
BALL_NPS30_REMOTE_US_12MIN_OPEN,10.778,3200
BALL_NPS30_REMOTE_US_12MIN_OPEN,10.889,4400
BALL_NPS30_REMOTE_US_12MIN_OPEN,11,5800
BALL_NPS30_REMOTE_US_12MIN_OPEN,11.111,7700
BALL_NPS30_REMOTE_US_12MIN_OPEN,11.222,9600
BALL_NPS30_REMOTE_US_12MIN_OPEN,11.333,13000
BALL_NPS30_REMOTE_US_12MIN_OPEN,11.444,16000
BALL_NPS30_REMOTE_US_12MIN_OPEN,11.556,22000
BALL_NPS30_REMOTE_US_12MIN_OPEN,11.667,30000
BALL_NPS30_REMOTE_US_12MIN_OPEN,12,184400
BALL_NPS30_REMOTE_US_15MIN_30_70_OPEN,0,0
BALL_NPS30_REMOTE_US_15MIN_30_70_OPEN,7.556,500
BALL_NPS30_REMOTE_US_15MIN_30_70_OPEN,10.074,1000
BALL_NPS30_REMOTE_US_15MIN_30_70_OPEN,12.593,1550
BALL_NPS30_REMOTE_US_15MIN_30_70_OPEN,13.6,1890
BALL_NPS30_REMOTE_US_15MIN_30_70_OPEN,13.667,2400
BALL_NPS30_REMOTE_US_15MIN_30_70_OPEN,13.778,3200
BALL_NPS30_REMOTE_US_15MIN_30_70_OPEN,13.889,4400
BALL_NPS30_REMOTE_US_15MIN_30_70_OPEN,14,5800
BALL_NPS30_REMOTE_US_15MIN_30_70_OPEN,14.111,7700
BALL_NPS30_REMOTE_US_15MIN_30_70_OPEN,14.222,9600
BALL_NPS30_REMOTE_US_15MIN_30_70_OPEN,14.333,13000
BALL_NPS30_REMOTE_US_15MIN_30_70_OPEN,14.444,16000
BALL_NPS30_REMOTE_US_15MIN_30_70_OPEN,14.556,22000
BALL_NPS30_REMOTE_US_15MIN_30_70_OPEN,14.667,30000
BALL_NPS30_REMOTE_US_15MIN_30_70_OPEN,15,184400
BALL_NPS30_REMOTE_US_15MIN_OPEN,0,0
BALL_NPS30_REMOTE_US_15MIN_OPEN,11.167,500
BALL_NPS30_REMOTE_US_15MIN_OPEN,13.4,800
BALL_NPS30_REMOTE_US_15MIN_OPEN,13.444,1000
BALL_NPS30_REMOTE_US_15MIN_OPEN,13.556,1550
BALL_NPS30_REMOTE_US_15MIN_OPEN,13.667,2400
BALL_NPS30_REMOTE_US_15MIN_OPEN,13.778,3200
BALL_NPS30_REMOTE_US_15MIN_OPEN,13.889,4400
BALL_NPS30_REMOTE_US_15MIN_OPEN,14,5800
BALL_NPS30_REMOTE_US_15MIN_OPEN,14.111,7700
BALL_NPS30_REMOTE_US_15MIN_OPEN,14.222,9600
BALL_NPS30_REMOTE_US_15MIN_OPEN,14.333,13000
BALL_NPS30_REMOTE_US_15MIN_OPEN,14.444,16000
BALL_NPS30_REMOTE_US_15MIN_OPEN,14.556,22000
BALL_NPS30_REMOTE_US_15MIN_OPEN,14.667,30000
BALL_NPS30_REMOTE_US_15MIN_OPEN,15,184400
BALL_NPS30_REMOTE_US_6MIN_30_70_OPEN,0,0
BALL_NPS30_REMOTE_US_6MIN_30_70_OPEN,2.556,500
BALL_NPS30_REMOTE_US_6MIN_30_70_OPEN,3.407,1000
BALL_NPS30_REMOTE_US_6MIN_30_70_OPEN,4.259,1550
BALL_NPS30_REMOTE_US_6MIN_30_70_OPEN,4.6,1890
BALL_NPS30_REMOTE_US_6MIN_30_70_OPEN,4.667,2400
BALL_NPS30_REMOTE_US_6MIN_30_70_OPEN,4.778,3200
BALL_NPS30_REMOTE_US_6MIN_30_70_OPEN,4.889,4400
BALL_NPS30_REMOTE_US_6MIN_30_70_OPEN,5,5800
BALL_NPS30_REMOTE_US_6MIN_30_70_OPEN,5.111,7700
BALL_NPS30_REMOTE_US_6MIN_30_70_OPEN,5.222,9600
BALL_NPS30_REMOTE_US_6MIN_30_70_OPEN,5.333,13000
BALL_NPS30_REMOTE_US_6MIN_30_70_OPEN,5.444,16000
BALL_NPS30_REMOTE_US_6MIN_30_70_OPEN,5.556,22000
BALL_NPS30_REMOTE_US_6MIN_30_70_OPEN,5.667,30000
BALL_NPS30_REMOTE_US_6MIN_30_70_OPEN,6,184400
BALL_NPS30_REMOTE_US_6MIN_OPEN,0,0
BALL_NPS30_REMOTE_US_6MIN_OPEN,3.667,500
BALL_NPS30_REMOTE_US_6MIN_OPEN,4.4,800
BALL_NPS30_REMOTE_US_6MIN_OPEN,4.444,1000
BALL_NPS30_REMOTE_US_6MIN_OPEN,4.556,1550
BALL_NPS30_REMOTE_US_6MIN_OPEN,4.667,2400
BALL_NPS30_REMOTE_US_6MIN_OPEN,4.778,3200
BALL_NPS30_REMOTE_US_6MIN_OPEN,4.889,4400
BALL_NPS30_REMOTE_US_6MIN_OPEN,5,5800
BALL_NPS30_REMOTE_US_6MIN_OPEN,5.111,7700
BALL_NPS30_REMOTE_US_6MIN_OPEN,5.222,9600
BALL_NPS30_REMOTE_US_6MIN_OPEN,5.333,13000
BALL_NPS30_REMOTE_US_6MIN_OPEN,5.444,16000
BALL_NPS30_REMOTE_US_6MIN_OPEN,5.556,22000
BALL_NPS30_REMOTE_US_6MIN_OPEN,5.667,30000
BALL_NPS30_REMOTE_US_6MIN_OPEN,6,184400
BALL_NPS30_REMOTE_US_9MIN_30_70_OPEN,0,0
BALL_NPS30_REMOTE_US_9MIN_30_70_OPEN,4.222,500
BALL_NPS30_REMOTE_US_9MIN_30_70_OPEN,5.63,1000
BALL_NPS30_REMOTE_US_9MIN_30_70_OPEN,7.037,1550
BALL_NPS30_REMOTE_US_9MIN_30_70_OPEN,7.6,1890
BALL_NPS30_REMOTE_US_9MIN_30_70_OPEN,7.667,2400
BALL_NPS30_REMOTE_US_9MIN_30_70_OPEN,7.778,3200
BALL_NPS30_REMOTE_US_9MIN_30_70_OPEN,7.889,4400
BALL_NPS30_REMOTE_US_9MIN_30_70_OPEN,8,5800
BALL_NPS30_REMOTE_US_9MIN_30_70_OPEN,8.111,7700
BALL_NPS30_REMOTE_US_9MIN_30_70_OPEN,8.222,9600
BALL_NPS30_REMOTE_US_9MIN_30_70_OPEN,8.333,13000
BALL_NPS30_REMOTE_US_9MIN_30_70_OPEN,8.444,16000
BALL_NPS30_REMOTE_US_9MIN_30_70_OPEN,8.556,22000
BALL_NPS30_REMOTE_US_9MIN_30_70_OPEN,8.667,30000
BALL_NPS30_REMOTE_US_9MIN_30_70_OPEN,9,184400
BALL_NPS30_REMOTE_US_9MIN_OPEN,0,0
BALL_NPS30_REMOTE_US_9MIN_OPEN,6.167,500
BALL_NPS30_REMOTE_US_9MIN_OPEN,7.4,800
BALL_NPS30_REMOTE_US_9MIN_OPEN,7.444,1000
BALL_NPS30_REMOTE_US_9MIN_OPEN,7.556,1550
BALL_NPS30_REMOTE_US_9MIN_OPEN,7.667,2400
BALL_NPS30_REMOTE_US_9MIN_OPEN,7.778,3200
BALL_NPS30_REMOTE_US_9MIN_OPEN,7.889,4400
BALL_NPS30_REMOTE_US_9MIN_OPEN,8,5800
BALL_NPS30_REMOTE_US_9MIN_OPEN,8.111,7700
BALL_NPS30_REMOTE_US_9MIN_OPEN,8.222,9600
BALL_NPS30_REMOTE_US_9MIN_OPEN,8.333,13000
BALL_NPS30_REMOTE_US_9MIN_OPEN,8.444,16000
BALL_NPS30_REMOTE_US_9MIN_OPEN,8.556,22000
BALL_NPS30_REMOTE_US_9MIN_OPEN,8.667,30000
BALL_NPS30_REMOTE_US_9MIN_OPEN,9,184400
BALL_NPS30RB_PS_CAN_OPEN,0,0
BALL_NPS30RB_PS_CAN_OPEN,6.198,450
BALL_NPS30RB_PS_CAN_OPEN,7.437,660
BALL_NPS30RB_PS_CAN_OPEN,7.481,800
BALL_NPS30RB_PS_CAN_OPEN,7.589,1300
BALL_NPS30RB_PS_CAN_OPEN,7.698,1800
BALL_NPS30RB_PS_CAN_OPEN,7.806,2600
BALL_NPS30RB_PS_CAN_OPEN,7.915,3400
BALL_NPS30RB_PS_CAN_OPEN,8.023,4400
BALL_NPS30RB_PS_CAN_OPEN,8.132,5800
BALL_NPS30RB_PS_CAN_OPEN,8.24,7500
BALL_NPS30RB_PS_CAN_OPEN,8.349,9400
BALL_NPS30RB_PS_CAN_OPEN,8.457,13000
BALL_NPS30RB_PS_CAN_OPEN,8.566,17000
BALL_NPS30RB_PS_CAN_OPEN,8.674,23000
BALL_NPS30RB_PS_CAN_OPEN,8.783,32000
BALL_NPS30RB_PS_CAN_OPEN,9,75800
BALL_NPS34_PS_CAN_12MIN_30_70_EXISTING_OPEN,0,0
BALL_NPS34_PS_CAN_12MIN_30_70_EXISTING_OPEN,5.907,429
BALL_NPS34_PS_CAN_12MIN_30_70_EXISTING_OPEN,7.876,965
BALL_NPS34_PS_CAN_12MIN_30_70_EXISTING_OPEN,9.845,1716
BALL_NPS34_PS_CAN_12MIN_30_70_EXISTING_OPEN,10.633,2016
BALL_NPS34_PS_CAN_12MIN_30_70_EXISTING_OPEN,10.698,2467
BALL_NPS34_PS_CAN_12MIN_30_70_EXISTING_OPEN,10.806,3539
BALL_NPS34_PS_CAN_12MIN_30_70_EXISTING_OPEN,10.915,4827
BALL_NPS34_PS_CAN_12MIN_30_70_EXISTING_OPEN,11.023,6435
BALL_NPS34_PS_CAN_12MIN_30_70_EXISTING_OPEN,11.132,8581
BALL_NPS34_PS_CAN_12MIN_30_70_EXISTING_OPEN,11.24,11798
BALL_NPS34_PS_CAN_12MIN_30_70_EXISTING_OPEN,11.349,15016
BALL_NPS34_PS_CAN_12MIN_30_70_EXISTING_OPEN,11.457,19842
BALL_NPS34_PS_CAN_12MIN_30_70_EXISTING_OPEN,11.566,25742
BALL_NPS34_PS_CAN_12MIN_30_70_EXISTING_OPEN,11.674,34858
BALL_NPS34_PS_CAN_12MIN_30_70_EXISTING_OPEN,11.783,45048
BALL_NPS34_PS_CAN_12MIN_30_70_EXISTING_OPEN,11.891,58991
BALL_NPS34_PS_CAN_12MIN_30_70_EXISTING_OPEN,12,199902
BALL_NPS34_PS_CAN_12MIN_30_70_OPEN,0,0
BALL_NPS34_PS_CAN_12MIN_30_70_OPEN,5.907,750
BALL_NPS34_PS_CAN_12MIN_30_70_OPEN,7.876,1300
BALL_NPS34_PS_CAN_12MIN_30_70_OPEN,9.845,2000
BALL_NPS34_PS_CAN_12MIN_30_70_OPEN,10.633,2360
BALL_NPS34_PS_CAN_12MIN_30_70_OPEN,10.698,2900
BALL_NPS34_PS_CAN_12MIN_30_70_OPEN,10.806,4000
BALL_NPS34_PS_CAN_12MIN_30_70_OPEN,10.915,5500
BALL_NPS34_PS_CAN_12MIN_30_70_OPEN,11.023,7100
BALL_NPS34_PS_CAN_12MIN_30_70_OPEN,11.132,9900
BALL_NPS34_PS_CAN_12MIN_30_70_OPEN,11.24,13000
BALL_NPS34_PS_CAN_12MIN_30_70_OPEN,11.349,17500
BALL_NPS34_PS_CAN_12MIN_30_70_OPEN,11.457,22500
BALL_NPS34_PS_CAN_12MIN_30_70_OPEN,11.566,30000
BALL_NPS34_PS_CAN_12MIN_30_70_OPEN,11.674,40000
BALL_NPS34_PS_CAN_12MIN_30_70_OPEN,12,240300
BALL_NPS34_PS_CAN_12MIN_EXISTING_OPEN,0,0
BALL_NPS34_PS_CAN_12MIN_EXISTING_OPEN,8.698,429
BALL_NPS34_PS_CAN_12MIN_EXISTING_OPEN,10.437,751
BALL_NPS34_PS_CAN_12MIN_EXISTING_OPEN,10.481,965
BALL_NPS34_PS_CAN_12MIN_EXISTING_OPEN,10.589,1716
BALL_NPS34_PS_CAN_12MIN_EXISTING_OPEN,10.698,2467
BALL_NPS34_PS_CAN_12MIN_EXISTING_OPEN,10.806,3539
BALL_NPS34_PS_CAN_12MIN_EXISTING_OPEN,10.915,4827
BALL_NPS34_PS_CAN_12MIN_EXISTING_OPEN,11.023,6435
BALL_NPS34_PS_CAN_12MIN_EXISTING_OPEN,11.132,8581
BALL_NPS34_PS_CAN_12MIN_EXISTING_OPEN,11.24,11798
BALL_NPS34_PS_CAN_12MIN_EXISTING_OPEN,11.349,15016
BALL_NPS34_PS_CAN_12MIN_EXISTING_OPEN,11.457,19842
BALL_NPS34_PS_CAN_12MIN_EXISTING_OPEN,11.566,25742
BALL_NPS34_PS_CAN_12MIN_EXISTING_OPEN,11.674,34858
BALL_NPS34_PS_CAN_12MIN_EXISTING_OPEN,11.783,45048
BALL_NPS34_PS_CAN_12MIN_EXISTING_OPEN,11.891,58991
BALL_NPS34_PS_CAN_12MIN_EXISTING_OPEN,12,199902
BALL_NPS34_PS_CAN_12MIN_OPEN,0,0
BALL_NPS34_PS_CAN_12MIN_OPEN,8.698,750
BALL_NPS34_PS_CAN_12MIN_OPEN,10.437,1080
BALL_NPS34_PS_CAN_12MIN_OPEN,10.481,1300
BALL_NPS34_PS_CAN_12MIN_OPEN,10.589,2000
BALL_NPS34_PS_CAN_12MIN_OPEN,10.698,2900
BALL_NPS34_PS_CAN_12MIN_OPEN,10.806,4000
BALL_NPS34_PS_CAN_12MIN_OPEN,10.915,5500
BALL_NPS34_PS_CAN_12MIN_OPEN,11.023,7100
BALL_NPS34_PS_CAN_12MIN_OPEN,11.132,9900
BALL_NPS34_PS_CAN_12MIN_OPEN,11.24,13000
BALL_NPS34_PS_CAN_12MIN_OPEN,11.349,17500
BALL_NPS34_PS_CAN_12MIN_OPEN,11.457,22500
BALL_NPS34_PS_CAN_12MIN_OPEN,11.566,30000
BALL_NPS34_PS_CAN_12MIN_OPEN,11.674,40000
BALL_NPS34_PS_CAN_12MIN_OPEN,12,240300
BALL_NPS34_PS_CAN_15MIN_30_70_EXISTING_OPEN,0,0
BALL_NPS34_PS_CAN_15MIN_30_70_EXISTING_OPEN,7.574,429
BALL_NPS34_PS_CAN_15MIN_30_70_EXISTING_OPEN,10.098,965
BALL_NPS34_PS_CAN_15MIN_30_70_EXISTING_OPEN,12.623,1716
BALL_NPS34_PS_CAN_15MIN_30_70_EXISTING_OPEN,13.633,2016
BALL_NPS34_PS_CAN_15MIN_30_70_EXISTING_OPEN,13.698,2467
BALL_NPS34_PS_CAN_15MIN_30_70_EXISTING_OPEN,13.806,3539
BALL_NPS34_PS_CAN_15MIN_30_70_EXISTING_OPEN,13.915,4827
BALL_NPS34_PS_CAN_15MIN_30_70_EXISTING_OPEN,14.023,6435
BALL_NPS34_PS_CAN_15MIN_30_70_EXISTING_OPEN,14.132,8581
BALL_NPS34_PS_CAN_15MIN_30_70_EXISTING_OPEN,14.24,11798
BALL_NPS34_PS_CAN_15MIN_30_70_EXISTING_OPEN,14.349,15016
BALL_NPS34_PS_CAN_15MIN_30_70_EXISTING_OPEN,14.457,19842
BALL_NPS34_PS_CAN_15MIN_30_70_EXISTING_OPEN,14.566,25742
BALL_NPS34_PS_CAN_15MIN_30_70_EXISTING_OPEN,14.674,34858
BALL_NPS34_PS_CAN_15MIN_30_70_EXISTING_OPEN,14.783,45048
BALL_NPS34_PS_CAN_15MIN_30_70_EXISTING_OPEN,14.891,58991
BALL_NPS34_PS_CAN_15MIN_30_70_EXISTING_OPEN,15,199902
BALL_NPS34_PS_CAN_15MIN_30_70_OPEN,0,0
BALL_NPS34_PS_CAN_15MIN_30_70_OPEN,7.574,750
BALL_NPS34_PS_CAN_15MIN_30_70_OPEN,10.098,1300
BALL_NPS34_PS_CAN_15MIN_30_70_OPEN,12.623,2000
BALL_NPS34_PS_CAN_15MIN_30_70_OPEN,13.633,2360
BALL_NPS34_PS_CAN_15MIN_30_70_OPEN,13.698,2900
BALL_NPS34_PS_CAN_15MIN_30_70_OPEN,13.806,4000
BALL_NPS34_PS_CAN_15MIN_30_70_OPEN,13.915,5500
BALL_NPS34_PS_CAN_15MIN_30_70_OPEN,14.023,7100
BALL_NPS34_PS_CAN_15MIN_30_70_OPEN,14.132,9900
BALL_NPS34_PS_CAN_15MIN_30_70_OPEN,14.24,13000
BALL_NPS34_PS_CAN_15MIN_30_70_OPEN,14.349,17500
BALL_NPS34_PS_CAN_15MIN_30_70_OPEN,14.457,22500
BALL_NPS34_PS_CAN_15MIN_30_70_OPEN,14.566,30000
BALL_NPS34_PS_CAN_15MIN_30_70_OPEN,14.674,40000
BALL_NPS34_PS_CAN_15MIN_30_70_OPEN,15,240300
BALL_NPS34_PS_CAN_15MIN_EXISTING_OPEN,0,0
BALL_NPS34_PS_CAN_15MIN_EXISTING_OPEN,11.198,429
BALL_NPS34_PS_CAN_15MIN_EXISTING_OPEN,13.437,751
BALL_NPS34_PS_CAN_15MIN_EXISTING_OPEN,13.481,965
BALL_NPS34_PS_CAN_15MIN_EXISTING_OPEN,13.589,1716
BALL_NPS34_PS_CAN_15MIN_EXISTING_OPEN,13.698,2467
BALL_NPS34_PS_CAN_15MIN_EXISTING_OPEN,13.806,3539
BALL_NPS34_PS_CAN_15MIN_EXISTING_OPEN,13.915,4827
BALL_NPS34_PS_CAN_15MIN_EXISTING_OPEN,14.023,6435
BALL_NPS34_PS_CAN_15MIN_EXISTING_OPEN,14.132,8581
BALL_NPS34_PS_CAN_15MIN_EXISTING_OPEN,14.24,11798
BALL_NPS34_PS_CAN_15MIN_EXISTING_OPEN,14.349,15016
BALL_NPS34_PS_CAN_15MIN_EXISTING_OPEN,14.457,19842
BALL_NPS34_PS_CAN_15MIN_EXISTING_OPEN,14.566,25742
BALL_NPS34_PS_CAN_15MIN_EXISTING_OPEN,14.674,34858
BALL_NPS34_PS_CAN_15MIN_EXISTING_OPEN,14.783,45048
BALL_NPS34_PS_CAN_15MIN_EXISTING_OPEN,14.891,58991
BALL_NPS34_PS_CAN_15MIN_EXISTING_OPEN,15,199902
BALL_NPS34_PS_CAN_15MIN_OPEN,0,0
BALL_NPS34_PS_CAN_15MIN_OPEN,11.198,750
BALL_NPS34_PS_CAN_15MIN_OPEN,13.437,1080
BALL_NPS34_PS_CAN_15MIN_OPEN,13.481,1300
BALL_NPS34_PS_CAN_15MIN_OPEN,13.589,2000
BALL_NPS34_PS_CAN_15MIN_OPEN,13.698,2900
BALL_NPS34_PS_CAN_15MIN_OPEN,13.806,4000
BALL_NPS34_PS_CAN_15MIN_OPEN,13.915,5500
BALL_NPS34_PS_CAN_15MIN_OPEN,14.023,7100
BALL_NPS34_PS_CAN_15MIN_OPEN,14.132,9900
BALL_NPS34_PS_CAN_15MIN_OPEN,14.24,13000
BALL_NPS34_PS_CAN_15MIN_OPEN,14.349,17500
BALL_NPS34_PS_CAN_15MIN_OPEN,14.457,22500
BALL_NPS34_PS_CAN_15MIN_OPEN,14.566,30000
BALL_NPS34_PS_CAN_15MIN_OPEN,14.674,40000
BALL_NPS34_PS_CAN_15MIN_OPEN,15,240300
BALL_NPS34_PS_CAN_6MIN_30_70_EXISTING_OPEN,0,0
BALL_NPS34_PS_CAN_6MIN_30_70_EXISTING_OPEN,2.574,429
BALL_NPS34_PS_CAN_6MIN_30_70_EXISTING_OPEN,3.432,965
BALL_NPS34_PS_CAN_6MIN_30_70_EXISTING_OPEN,4.29,1716
BALL_NPS34_PS_CAN_6MIN_30_70_EXISTING_OPEN,4.633,2016
BALL_NPS34_PS_CAN_6MIN_30_70_EXISTING_OPEN,4.698,2467
BALL_NPS34_PS_CAN_6MIN_30_70_EXISTING_OPEN,4.806,3539
BALL_NPS34_PS_CAN_6MIN_30_70_EXISTING_OPEN,4.915,4827
BALL_NPS34_PS_CAN_6MIN_30_70_EXISTING_OPEN,5.023,6435
BALL_NPS34_PS_CAN_6MIN_30_70_EXISTING_OPEN,5.132,8581
BALL_NPS34_PS_CAN_6MIN_30_70_EXISTING_OPEN,5.24,11798
BALL_NPS34_PS_CAN_6MIN_30_70_EXISTING_OPEN,5.349,15016
BALL_NPS34_PS_CAN_6MIN_30_70_EXISTING_OPEN,5.457,19842
BALL_NPS34_PS_CAN_6MIN_30_70_EXISTING_OPEN,5.566,25742
BALL_NPS34_PS_CAN_6MIN_30_70_EXISTING_OPEN,5.674,34858
BALL_NPS34_PS_CAN_6MIN_30_70_EXISTING_OPEN,5.783,45048
BALL_NPS34_PS_CAN_6MIN_30_70_EXISTING_OPEN,5.891,58991
BALL_NPS34_PS_CAN_6MIN_30_70_EXISTING_OPEN,6,199902
BALL_NPS34_PS_CAN_6MIN_30_70_OPEN,0,0
BALL_NPS34_PS_CAN_6MIN_30_70_OPEN,2.574,750
BALL_NPS34_PS_CAN_6MIN_30_70_OPEN,3.432,1300
BALL_NPS34_PS_CAN_6MIN_30_70_OPEN,4.29,2000
BALL_NPS34_PS_CAN_6MIN_30_70_OPEN,4.633,2360
BALL_NPS34_PS_CAN_6MIN_30_70_OPEN,4.698,2900
BALL_NPS34_PS_CAN_6MIN_30_70_OPEN,4.806,4000
BALL_NPS34_PS_CAN_6MIN_30_70_OPEN,4.915,5500
BALL_NPS34_PS_CAN_6MIN_30_70_OPEN,5.023,7100
BALL_NPS34_PS_CAN_6MIN_30_70_OPEN,5.132,9900
BALL_NPS34_PS_CAN_6MIN_30_70_OPEN,5.24,13000
BALL_NPS34_PS_CAN_6MIN_30_70_OPEN,5.349,17500
BALL_NPS34_PS_CAN_6MIN_30_70_OPEN,5.457,22500
BALL_NPS34_PS_CAN_6MIN_30_70_OPEN,5.566,30000
BALL_NPS34_PS_CAN_6MIN_30_70_OPEN,5.674,40000
BALL_NPS34_PS_CAN_6MIN_30_70_OPEN,6,240300
BALL_NPS34_PS_CAN_6MIN_EXISTING_OPEN,0,0
BALL_NPS34_PS_CAN_6MIN_EXISTING_OPEN,3.698,429
BALL_NPS34_PS_CAN_6MIN_EXISTING_OPEN,4.437,751
BALL_NPS34_PS_CAN_6MIN_EXISTING_OPEN,4.481,965
BALL_NPS34_PS_CAN_6MIN_EXISTING_OPEN,4.589,1716
BALL_NPS34_PS_CAN_6MIN_EXISTING_OPEN,4.698,2467
BALL_NPS34_PS_CAN_6MIN_EXISTING_OPEN,4.806,3539
BALL_NPS34_PS_CAN_6MIN_EXISTING_OPEN,4.915,4827
BALL_NPS34_PS_CAN_6MIN_EXISTING_OPEN,5.023,6435
BALL_NPS34_PS_CAN_6MIN_EXISTING_OPEN,5.132,8581
BALL_NPS34_PS_CAN_6MIN_EXISTING_OPEN,5.24,11798
BALL_NPS34_PS_CAN_6MIN_EXISTING_OPEN,5.349,15016
BALL_NPS34_PS_CAN_6MIN_EXISTING_OPEN,5.457,19842
BALL_NPS34_PS_CAN_6MIN_EXISTING_OPEN,5.566,25742
BALL_NPS34_PS_CAN_6MIN_EXISTING_OPEN,5.674,34858
BALL_NPS34_PS_CAN_6MIN_EXISTING_OPEN,5.783,45048
BALL_NPS34_PS_CAN_6MIN_EXISTING_OPEN,5.891,58991
BALL_NPS34_PS_CAN_6MIN_EXISTING_OPEN,6,199902
BALL_NPS34_PS_CAN_6MIN_OPEN,0,0
BALL_NPS34_PS_CAN_6MIN_OPEN,3.698,750
BALL_NPS34_PS_CAN_6MIN_OPEN,4.437,1080
BALL_NPS34_PS_CAN_6MIN_OPEN,4.481,1300
BALL_NPS34_PS_CAN_6MIN_OPEN,4.589,2000
BALL_NPS34_PS_CAN_6MIN_OPEN,4.698,2900
BALL_NPS34_PS_CAN_6MIN_OPEN,4.806,4000
BALL_NPS34_PS_CAN_6MIN_OPEN,4.915,5500
BALL_NPS34_PS_CAN_6MIN_OPEN,5.023,7100
BALL_NPS34_PS_CAN_6MIN_OPEN,5.132,9900
BALL_NPS34_PS_CAN_6MIN_OPEN,5.24,13000
BALL_NPS34_PS_CAN_6MIN_OPEN,5.349,17500
BALL_NPS34_PS_CAN_6MIN_OPEN,5.457,22500
BALL_NPS34_PS_CAN_6MIN_OPEN,5.566,30000
BALL_NPS34_PS_CAN_6MIN_OPEN,5.674,40000
BALL_NPS34_PS_CAN_6MIN_OPEN,6,240300
BALL_NPS34_PS_CAN_9MIN_30_70_EXISTING_OPEN,0,0
BALL_NPS34_PS_CAN_9MIN_30_70_EXISTING_OPEN,4.24,429
BALL_NPS34_PS_CAN_9MIN_30_70_EXISTING_OPEN,5.654,965
BALL_NPS34_PS_CAN_9MIN_30_70_EXISTING_OPEN,7.067,1716
BALL_NPS34_PS_CAN_9MIN_30_70_EXISTING_OPEN,7.633,2016
BALL_NPS34_PS_CAN_9MIN_30_70_EXISTING_OPEN,7.698,2467
BALL_NPS34_PS_CAN_9MIN_30_70_EXISTING_OPEN,7.806,3539
BALL_NPS34_PS_CAN_9MIN_30_70_EXISTING_OPEN,7.915,4827
BALL_NPS34_PS_CAN_9MIN_30_70_EXISTING_OPEN,8.023,6435
BALL_NPS34_PS_CAN_9MIN_30_70_EXISTING_OPEN,8.132,8581
BALL_NPS34_PS_CAN_9MIN_30_70_EXISTING_OPEN,8.24,11798
BALL_NPS34_PS_CAN_9MIN_30_70_EXISTING_OPEN,8.349,15016
BALL_NPS34_PS_CAN_9MIN_30_70_EXISTING_OPEN,8.457,19842
BALL_NPS34_PS_CAN_9MIN_30_70_EXISTING_OPEN,8.566,25742
BALL_NPS34_PS_CAN_9MIN_30_70_EXISTING_OPEN,8.674,34858
BALL_NPS34_PS_CAN_9MIN_30_70_EXISTING_OPEN,8.783,45048
BALL_NPS34_PS_CAN_9MIN_30_70_EXISTING_OPEN,8.891,58991
BALL_NPS34_PS_CAN_9MIN_30_70_EXISTING_OPEN,9,199902
BALL_NPS34_PS_CAN_9MIN_30_70_OPEN,0,0
BALL_NPS34_PS_CAN_9MIN_30_70_OPEN,4.24,750
BALL_NPS34_PS_CAN_9MIN_30_70_OPEN,5.654,1300
BALL_NPS34_PS_CAN_9MIN_30_70_OPEN,7.067,2000
BALL_NPS34_PS_CAN_9MIN_30_70_OPEN,7.633,2360
BALL_NPS34_PS_CAN_9MIN_30_70_OPEN,7.698,2900
BALL_NPS34_PS_CAN_9MIN_30_70_OPEN,7.806,4000
BALL_NPS34_PS_CAN_9MIN_30_70_OPEN,7.915,5500
BALL_NPS34_PS_CAN_9MIN_30_70_OPEN,8.023,7100
BALL_NPS34_PS_CAN_9MIN_30_70_OPEN,8.132,9900
BALL_NPS34_PS_CAN_9MIN_30_70_OPEN,8.24,13000
BALL_NPS34_PS_CAN_9MIN_30_70_OPEN,8.349,17500
BALL_NPS34_PS_CAN_9MIN_30_70_OPEN,8.457,22500
BALL_NPS34_PS_CAN_9MIN_30_70_OPEN,8.566,30000
BALL_NPS34_PS_CAN_9MIN_30_70_OPEN,8.674,40000
BALL_NPS34_PS_CAN_9MIN_30_70_OPEN,9,240300
BALL_NPS34_PS_CAN_9MIN_EXISTING_OPEN,0,0
BALL_NPS34_PS_CAN_9MIN_EXISTING_OPEN,6.198,429
BALL_NPS34_PS_CAN_9MIN_EXISTING_OPEN,7.437,751
BALL_NPS34_PS_CAN_9MIN_EXISTING_OPEN,7.481,965
BALL_NPS34_PS_CAN_9MIN_EXISTING_OPEN,7.589,1716
BALL_NPS34_PS_CAN_9MIN_EXISTING_OPEN,7.698,2467
BALL_NPS34_PS_CAN_9MIN_EXISTING_OPEN,7.806,3539
BALL_NPS34_PS_CAN_9MIN_EXISTING_OPEN,7.915,4827
BALL_NPS34_PS_CAN_9MIN_EXISTING_OPEN,8.023,6435
BALL_NPS34_PS_CAN_9MIN_EXISTING_OPEN,8.132,8581
BALL_NPS34_PS_CAN_9MIN_EXISTING_OPEN,8.24,11798
BALL_NPS34_PS_CAN_9MIN_EXISTING_OPEN,8.349,15016
BALL_NPS34_PS_CAN_9MIN_EXISTING_OPEN,8.457,19842
BALL_NPS34_PS_CAN_9MIN_EXISTING_OPEN,8.566,25742
BALL_NPS34_PS_CAN_9MIN_EXISTING_OPEN,8.674,34858
BALL_NPS34_PS_CAN_9MIN_EXISTING_OPEN,8.783,45048
BALL_NPS34_PS_CAN_9MIN_EXISTING_OPEN,8.891,58991
BALL_NPS34_PS_CAN_9MIN_EXISTING_OPEN,9,199902
BALL_NPS34_PS_CAN_9MIN_OPEN,0,0
BALL_NPS34_PS_CAN_9MIN_OPEN,6.198,750
BALL_NPS34_PS_CAN_9MIN_OPEN,7.437,1080
BALL_NPS34_PS_CAN_9MIN_OPEN,7.481,1300
BALL_NPS34_PS_CAN_9MIN_OPEN,7.589,2000
BALL_NPS34_PS_CAN_9MIN_OPEN,7.698,2900
BALL_NPS34_PS_CAN_9MIN_OPEN,7.806,4000
BALL_NPS34_PS_CAN_9MIN_OPEN,7.915,5500
BALL_NPS34_PS_CAN_9MIN_OPEN,8.023,7100
BALL_NPS34_PS_CAN_9MIN_OPEN,8.132,9900
BALL_NPS34_PS_CAN_9MIN_OPEN,8.24,13000
BALL_NPS34_PS_CAN_9MIN_OPEN,8.349,17500
BALL_NPS34_PS_CAN_9MIN_OPEN,8.457,22500
BALL_NPS34_PS_CAN_9MIN_OPEN,8.566,30000
BALL_NPS34_PS_CAN_9MIN_OPEN,8.674,40000
BALL_NPS34_PS_CAN_9MIN_OPEN,9,240300
BALL_NPS34_REMOTE_CAN_12MIN_30_70_EXISTING_OPEN,0,0
BALL_NPS34_REMOTE_CAN_12MIN_30_70_EXISTING_OPEN,4.641,429
BALL_NPS34_REMOTE_CAN_12MIN_30_70_EXISTING_OPEN,6.188,965
BALL_NPS34_REMOTE_CAN_12MIN_30_70_EXISTING_OPEN,7.735,1716
BALL_NPS34_REMOTE_CAN_12MIN_30_70_EXISTING_OPEN,8.354,2016
BALL_NPS34_REMOTE_CAN_12MIN_30_70_EXISTING_OPEN,8.528,2467
BALL_NPS34_REMOTE_CAN_12MIN_30_70_EXISTING_OPEN,8.817,3539
BALL_NPS34_REMOTE_CAN_12MIN_30_70_EXISTING_OPEN,9.106,4827
BALL_NPS34_REMOTE_CAN_12MIN_30_70_EXISTING_OPEN,9.396,6435
BALL_NPS34_REMOTE_CAN_12MIN_30_70_EXISTING_OPEN,9.685,8581
BALL_NPS34_REMOTE_CAN_12MIN_30_70_EXISTING_OPEN,9.975,11798
BALL_NPS34_REMOTE_CAN_12MIN_30_70_EXISTING_OPEN,10.264,15016
BALL_NPS34_REMOTE_CAN_12MIN_30_70_EXISTING_OPEN,10.553,19842
BALL_NPS34_REMOTE_CAN_12MIN_30_70_EXISTING_OPEN,10.843,25742
BALL_NPS34_REMOTE_CAN_12MIN_30_70_EXISTING_OPEN,11.132,34858
BALL_NPS34_REMOTE_CAN_12MIN_30_70_EXISTING_OPEN,11.421,45048
BALL_NPS34_REMOTE_CAN_12MIN_30_70_EXISTING_OPEN,11.711,58991
BALL_NPS34_REMOTE_CAN_12MIN_30_70_EXISTING_OPEN,12,199902
BALL_NPS34_REMOTE_CAN_12MIN_30_70_OPEN,0,0
BALL_NPS34_REMOTE_CAN_12MIN_30_70_OPEN,4.641,750
BALL_NPS34_REMOTE_CAN_12MIN_30_70_OPEN,6.188,1300
BALL_NPS34_REMOTE_CAN_12MIN_30_70_OPEN,7.735,2000
BALL_NPS34_REMOTE_CAN_12MIN_30_70_OPEN,8.354,2360
BALL_NPS34_REMOTE_CAN_12MIN_30_70_OPEN,8.528,2900
BALL_NPS34_REMOTE_CAN_12MIN_30_70_OPEN,8.817,4000
BALL_NPS34_REMOTE_CAN_12MIN_30_70_OPEN,9.106,5500
BALL_NPS34_REMOTE_CAN_12MIN_30_70_OPEN,9.396,7100
BALL_NPS34_REMOTE_CAN_12MIN_30_70_OPEN,9.685,9900
BALL_NPS34_REMOTE_CAN_12MIN_30_70_OPEN,9.975,13000
BALL_NPS34_REMOTE_CAN_12MIN_30_70_OPEN,10.264,17500
BALL_NPS34_REMOTE_CAN_12MIN_30_70_OPEN,10.553,22500
BALL_NPS34_REMOTE_CAN_12MIN_30_70_OPEN,10.843,30000
BALL_NPS34_REMOTE_CAN_12MIN_30_70_OPEN,11.132,40000
BALL_NPS34_REMOTE_CAN_12MIN_30_70_OPEN,12,240300
BALL_NPS34_REMOTE_CAN_12MIN_40_60_EXISTING_OPEN,0,0
BALL_NPS34_REMOTE_CAN_12MIN_40_60_EXISTING_OPEN,3.698,429
BALL_NPS34_REMOTE_CAN_12MIN_40_60_EXISTING_OPEN,4.931,965
BALL_NPS34_REMOTE_CAN_12MIN_40_60_EXISTING_OPEN,6.163,1716
BALL_NPS34_REMOTE_CAN_12MIN_40_60_EXISTING_OPEN,7.396,2467
BALL_NPS34_REMOTE_CAN_12MIN_40_60_EXISTING_OPEN,8.628,3539
BALL_NPS34_REMOTE_CAN_12MIN_40_60_EXISTING_OPEN,8.875,3797
BALL_NPS34_REMOTE_CAN_12MIN_40_60_EXISTING_OPEN,9.106,4827
BALL_NPS34_REMOTE_CAN_12MIN_40_60_EXISTING_OPEN,9.396,6435
BALL_NPS34_REMOTE_CAN_12MIN_40_60_EXISTING_OPEN,9.685,8581
BALL_NPS34_REMOTE_CAN_12MIN_40_60_EXISTING_OPEN,9.975,11798
BALL_NPS34_REMOTE_CAN_12MIN_40_60_EXISTING_OPEN,10.264,15016
BALL_NPS34_REMOTE_CAN_12MIN_40_60_EXISTING_OPEN,10.553,19842
BALL_NPS34_REMOTE_CAN_12MIN_40_60_EXISTING_OPEN,10.843,25742
BALL_NPS34_REMOTE_CAN_12MIN_40_60_EXISTING_OPEN,11.132,34858
BALL_NPS34_REMOTE_CAN_12MIN_40_60_EXISTING_OPEN,11.421,45048
BALL_NPS34_REMOTE_CAN_12MIN_40_60_EXISTING_OPEN,11.711,58991
BALL_NPS34_REMOTE_CAN_12MIN_40_60_EXISTING_OPEN,12,199902
BALL_NPS34_REMOTE_CAN_12MIN_40_60_OPEN,0,0
BALL_NPS34_REMOTE_CAN_12MIN_40_60_OPEN,3.698,750
BALL_NPS34_REMOTE_CAN_12MIN_40_60_OPEN,4.931,1300
BALL_NPS34_REMOTE_CAN_12MIN_40_60_OPEN,6.163,2000
BALL_NPS34_REMOTE_CAN_12MIN_40_60_OPEN,7.396,2900
BALL_NPS34_REMOTE_CAN_12MIN_40_60_OPEN,8.628,4000
BALL_NPS34_REMOTE_CAN_12MIN_40_60_OPEN,8.875,4300
BALL_NPS34_REMOTE_CAN_12MIN_40_60_OPEN,9.106,5500
BALL_NPS34_REMOTE_CAN_12MIN_40_60_OPEN,9.396,7100
BALL_NPS34_REMOTE_CAN_12MIN_40_60_OPEN,9.685,9900
BALL_NPS34_REMOTE_CAN_12MIN_40_60_OPEN,9.975,13000
BALL_NPS34_REMOTE_CAN_12MIN_40_60_OPEN,10.264,17500
BALL_NPS34_REMOTE_CAN_12MIN_40_60_OPEN,10.553,22500
BALL_NPS34_REMOTE_CAN_12MIN_40_60_OPEN,10.843,30000
BALL_NPS34_REMOTE_CAN_12MIN_40_60_OPEN,11.132,40000
BALL_NPS34_REMOTE_CAN_12MIN_40_60_OPEN,12,240300
BALL_NPS34_REMOTE_CAN_15MIN_30_70_EXISTING_OPEN,0,0
BALL_NPS34_REMOTE_CAN_15MIN_30_70_EXISTING_OPEN,6.308,429
BALL_NPS34_REMOTE_CAN_15MIN_30_70_EXISTING_OPEN,8.41,965
BALL_NPS34_REMOTE_CAN_15MIN_30_70_EXISTING_OPEN,10.513,1716
BALL_NPS34_REMOTE_CAN_15MIN_30_70_EXISTING_OPEN,11.354,2016
BALL_NPS34_REMOTE_CAN_15MIN_30_70_EXISTING_OPEN,11.528,2467
BALL_NPS34_REMOTE_CAN_15MIN_30_70_EXISTING_OPEN,11.817,3539
BALL_NPS34_REMOTE_CAN_15MIN_30_70_EXISTING_OPEN,12.106,4827
BALL_NPS34_REMOTE_CAN_15MIN_30_70_EXISTING_OPEN,12.396,6435
BALL_NPS34_REMOTE_CAN_15MIN_30_70_EXISTING_OPEN,12.685,8581
BALL_NPS34_REMOTE_CAN_15MIN_30_70_EXISTING_OPEN,12.975,11798
BALL_NPS34_REMOTE_CAN_15MIN_30_70_EXISTING_OPEN,13.264,15016
BALL_NPS34_REMOTE_CAN_15MIN_30_70_EXISTING_OPEN,13.553,19842
BALL_NPS34_REMOTE_CAN_15MIN_30_70_EXISTING_OPEN,13.843,25742
BALL_NPS34_REMOTE_CAN_15MIN_30_70_EXISTING_OPEN,14.132,34858
BALL_NPS34_REMOTE_CAN_15MIN_30_70_EXISTING_OPEN,14.421,45048
BALL_NPS34_REMOTE_CAN_15MIN_30_70_EXISTING_OPEN,14.711,58991
BALL_NPS34_REMOTE_CAN_15MIN_30_70_EXISTING_OPEN,15,199902
BALL_NPS34_REMOTE_CAN_15MIN_30_70_OPEN,0,0
BALL_NPS34_REMOTE_CAN_15MIN_30_70_OPEN,6.308,750
BALL_NPS34_REMOTE_CAN_15MIN_30_70_OPEN,8.41,1300
BALL_NPS34_REMOTE_CAN_15MIN_30_70_OPEN,10.513,2000
BALL_NPS34_REMOTE_CAN_15MIN_30_70_OPEN,11.354,2360
BALL_NPS34_REMOTE_CAN_15MIN_30_70_OPEN,11.528,2900
BALL_NPS34_REMOTE_CAN_15MIN_30_70_OPEN,11.817,4000
BALL_NPS34_REMOTE_CAN_15MIN_30_70_OPEN,12.106,5500
BALL_NPS34_REMOTE_CAN_15MIN_30_70_OPEN,12.396,7100
BALL_NPS34_REMOTE_CAN_15MIN_30_70_OPEN,12.685,9900
BALL_NPS34_REMOTE_CAN_15MIN_30_70_OPEN,12.975,13000
BALL_NPS34_REMOTE_CAN_15MIN_30_70_OPEN,13.264,17500
BALL_NPS34_REMOTE_CAN_15MIN_30_70_OPEN,13.553,22500
BALL_NPS34_REMOTE_CAN_15MIN_30_70_OPEN,13.843,30000
BALL_NPS34_REMOTE_CAN_15MIN_30_70_OPEN,14.132,40000
BALL_NPS34_REMOTE_CAN_15MIN_30_70_OPEN,15,240300
BALL_NPS34_REMOTE_CAN_15MIN_40_60_EXISTING_OPEN,0,0
BALL_NPS34_REMOTE_CAN_15MIN_40_60_EXISTING_OPEN,4.948,429
BALL_NPS34_REMOTE_CAN_15MIN_40_60_EXISTING_OPEN,6.597,965
BALL_NPS34_REMOTE_CAN_15MIN_40_60_EXISTING_OPEN,8.247,1716
BALL_NPS34_REMOTE_CAN_15MIN_40_60_EXISTING_OPEN,9.896,2467
BALL_NPS34_REMOTE_CAN_15MIN_40_60_EXISTING_OPEN,11.545,3539
BALL_NPS34_REMOTE_CAN_15MIN_40_60_EXISTING_OPEN,11.875,3797
BALL_NPS34_REMOTE_CAN_15MIN_40_60_EXISTING_OPEN,12.106,4827
BALL_NPS34_REMOTE_CAN_15MIN_40_60_EXISTING_OPEN,12.396,6435
BALL_NPS34_REMOTE_CAN_15MIN_40_60_EXISTING_OPEN,12.685,8581
BALL_NPS34_REMOTE_CAN_15MIN_40_60_EXISTING_OPEN,12.975,11798
BALL_NPS34_REMOTE_CAN_15MIN_40_60_EXISTING_OPEN,13.264,15016
BALL_NPS34_REMOTE_CAN_15MIN_40_60_EXISTING_OPEN,13.553,19842
BALL_NPS34_REMOTE_CAN_15MIN_40_60_EXISTING_OPEN,13.843,25742
BALL_NPS34_REMOTE_CAN_15MIN_40_60_EXISTING_OPEN,14.132,34858
BALL_NPS34_REMOTE_CAN_15MIN_40_60_EXISTING_OPEN,14.421,45048
BALL_NPS34_REMOTE_CAN_15MIN_40_60_EXISTING_OPEN,14.711,58991
BALL_NPS34_REMOTE_CAN_15MIN_40_60_EXISTING_OPEN,15,199902
BALL_NPS34_REMOTE_CAN_15MIN_40_60_OPEN,0,0
BALL_NPS34_REMOTE_CAN_15MIN_40_60_OPEN,4.948,750
BALL_NPS34_REMOTE_CAN_15MIN_40_60_OPEN,6.597,1300
BALL_NPS34_REMOTE_CAN_15MIN_40_60_OPEN,8.247,2000
BALL_NPS34_REMOTE_CAN_15MIN_40_60_OPEN,9.896,2900
BALL_NPS34_REMOTE_CAN_15MIN_40_60_OPEN,11.545,4000
BALL_NPS34_REMOTE_CAN_15MIN_40_60_OPEN,11.875,4300
BALL_NPS34_REMOTE_CAN_15MIN_40_60_OPEN,12.106,5500
BALL_NPS34_REMOTE_CAN_15MIN_40_60_OPEN,12.396,7100
BALL_NPS34_REMOTE_CAN_15MIN_40_60_OPEN,12.685,9900
BALL_NPS34_REMOTE_CAN_15MIN_40_60_OPEN,12.975,13000
BALL_NPS34_REMOTE_CAN_15MIN_40_60_OPEN,13.264,17500
BALL_NPS34_REMOTE_CAN_15MIN_40_60_OPEN,13.553,22500
BALL_NPS34_REMOTE_CAN_15MIN_40_60_OPEN,13.843,30000
BALL_NPS34_REMOTE_CAN_15MIN_40_60_OPEN,14.132,40000
BALL_NPS34_REMOTE_CAN_15MIN_40_60_OPEN,15,240300
BALL_NPS34_REMOTE_CAN_6MIN_30_70_EXISTING_OPEN,0,0
BALL_NPS34_REMOTE_CAN_6MIN_30_70_EXISTING_OPEN,1.308,429
BALL_NPS34_REMOTE_CAN_6MIN_30_70_EXISTING_OPEN,1.744,965
BALL_NPS34_REMOTE_CAN_6MIN_30_70_EXISTING_OPEN,2.18,1716
BALL_NPS34_REMOTE_CAN_6MIN_30_70_EXISTING_OPEN,2.354,2016
BALL_NPS34_REMOTE_CAN_6MIN_30_70_EXISTING_OPEN,2.528,2467
BALL_NPS34_REMOTE_CAN_6MIN_30_70_EXISTING_OPEN,2.817,3539
BALL_NPS34_REMOTE_CAN_6MIN_30_70_EXISTING_OPEN,3.106,4827
BALL_NPS34_REMOTE_CAN_6MIN_30_70_EXISTING_OPEN,3.396,6435
BALL_NPS34_REMOTE_CAN_6MIN_30_70_EXISTING_OPEN,3.685,8581
BALL_NPS34_REMOTE_CAN_6MIN_30_70_EXISTING_OPEN,3.975,11798
BALL_NPS34_REMOTE_CAN_6MIN_30_70_EXISTING_OPEN,4.264,15016
BALL_NPS34_REMOTE_CAN_6MIN_30_70_EXISTING_OPEN,4.553,19842
BALL_NPS34_REMOTE_CAN_6MIN_30_70_EXISTING_OPEN,4.843,25742
BALL_NPS34_REMOTE_CAN_6MIN_30_70_EXISTING_OPEN,5.132,34858
BALL_NPS34_REMOTE_CAN_6MIN_30_70_EXISTING_OPEN,5.421,45048
BALL_NPS34_REMOTE_CAN_6MIN_30_70_EXISTING_OPEN,5.711,58991
BALL_NPS34_REMOTE_CAN_6MIN_30_70_EXISTING_OPEN,6,199902
BALL_NPS34_REMOTE_CAN_6MIN_30_70_OPEN,0,0
BALL_NPS34_REMOTE_CAN_6MIN_30_70_OPEN,1.308,750
BALL_NPS34_REMOTE_CAN_6MIN_30_70_OPEN,1.744,1300
BALL_NPS34_REMOTE_CAN_6MIN_30_70_OPEN,2.18,2000
BALL_NPS34_REMOTE_CAN_6MIN_30_70_OPEN,2.354,2360
BALL_NPS34_REMOTE_CAN_6MIN_30_70_OPEN,2.528,2900
BALL_NPS34_REMOTE_CAN_6MIN_30_70_OPEN,2.817,4000
BALL_NPS34_REMOTE_CAN_6MIN_30_70_OPEN,3.106,5500
BALL_NPS34_REMOTE_CAN_6MIN_30_70_OPEN,3.396,7100
BALL_NPS34_REMOTE_CAN_6MIN_30_70_OPEN,3.685,9900
BALL_NPS34_REMOTE_CAN_6MIN_30_70_OPEN,3.975,13000
BALL_NPS34_REMOTE_CAN_6MIN_30_70_OPEN,4.264,17500
BALL_NPS34_REMOTE_CAN_6MIN_30_70_OPEN,4.553,22500
BALL_NPS34_REMOTE_CAN_6MIN_30_70_OPEN,4.843,30000
BALL_NPS34_REMOTE_CAN_6MIN_30_70_OPEN,5.132,40000
BALL_NPS34_REMOTE_CAN_6MIN_30_70_OPEN,6,240300
BALL_NPS34_REMOTE_CAN_6MIN_40_60_EXISTING_OPEN,0,0
BALL_NPS34_REMOTE_CAN_6MIN_40_60_EXISTING_OPEN,1.198,429
BALL_NPS34_REMOTE_CAN_6MIN_40_60_EXISTING_OPEN,1.597,965
BALL_NPS34_REMOTE_CAN_6MIN_40_60_EXISTING_OPEN,1.997,1716
BALL_NPS34_REMOTE_CAN_6MIN_40_60_EXISTING_OPEN,2.396,2467
BALL_NPS34_REMOTE_CAN_6MIN_40_60_EXISTING_OPEN,2.795,3539
BALL_NPS34_REMOTE_CAN_6MIN_40_60_EXISTING_OPEN,2.875,3797
BALL_NPS34_REMOTE_CAN_6MIN_40_60_EXISTING_OPEN,3.106,4827
BALL_NPS34_REMOTE_CAN_6MIN_40_60_EXISTING_OPEN,3.396,6435
BALL_NPS34_REMOTE_CAN_6MIN_40_60_EXISTING_OPEN,3.685,8581
BALL_NPS34_REMOTE_CAN_6MIN_40_60_EXISTING_OPEN,3.975,11798
BALL_NPS34_REMOTE_CAN_6MIN_40_60_EXISTING_OPEN,4.264,15016
BALL_NPS34_REMOTE_CAN_6MIN_40_60_EXISTING_OPEN,4.553,19842
BALL_NPS34_REMOTE_CAN_6MIN_40_60_EXISTING_OPEN,4.843,25742
BALL_NPS34_REMOTE_CAN_6MIN_40_60_EXISTING_OPEN,5.132,34858
BALL_NPS34_REMOTE_CAN_6MIN_40_60_EXISTING_OPEN,5.421,45048
BALL_NPS34_REMOTE_CAN_6MIN_40_60_EXISTING_OPEN,5.711,58991
BALL_NPS34_REMOTE_CAN_6MIN_40_60_EXISTING_OPEN,6,199902
BALL_NPS34_REMOTE_CAN_6MIN_40_60_OPEN,0,0
BALL_NPS34_REMOTE_CAN_6MIN_40_60_OPEN,1.198,750
BALL_NPS34_REMOTE_CAN_6MIN_40_60_OPEN,1.597,1300
BALL_NPS34_REMOTE_CAN_6MIN_40_60_OPEN,1.997,2000
BALL_NPS34_REMOTE_CAN_6MIN_40_60_OPEN,2.396,2900
BALL_NPS34_REMOTE_CAN_6MIN_40_60_OPEN,2.795,4000
BALL_NPS34_REMOTE_CAN_6MIN_40_60_OPEN,2.875,4300
BALL_NPS34_REMOTE_CAN_6MIN_40_60_OPEN,3.106,5500
BALL_NPS34_REMOTE_CAN_6MIN_40_60_OPEN,3.396,7100
BALL_NPS34_REMOTE_CAN_6MIN_40_60_OPEN,3.685,9900
BALL_NPS34_REMOTE_CAN_6MIN_40_60_OPEN,3.975,13000
BALL_NPS34_REMOTE_CAN_6MIN_40_60_OPEN,4.264,17500
BALL_NPS34_REMOTE_CAN_6MIN_40_60_OPEN,4.553,22500
BALL_NPS34_REMOTE_CAN_6MIN_40_60_OPEN,4.843,30000
BALL_NPS34_REMOTE_CAN_6MIN_40_60_OPEN,5.132,40000
BALL_NPS34_REMOTE_CAN_6MIN_40_60_OPEN,6,240300
BALL_NPS34_REMOTE_CAN_9MIN_30_70_EXISTING_OPEN,0,0
BALL_NPS34_REMOTE_CAN_9MIN_30_70_EXISTING_OPEN,2.975,429
BALL_NPS34_REMOTE_CAN_9MIN_30_70_EXISTING_OPEN,3.966,965
BALL_NPS34_REMOTE_CAN_9MIN_30_70_EXISTING_OPEN,4.958,1716
BALL_NPS34_REMOTE_CAN_9MIN_30_70_EXISTING_OPEN,5.354,2016
BALL_NPS34_REMOTE_CAN_9MIN_30_70_EXISTING_OPEN,5.528,2467
BALL_NPS34_REMOTE_CAN_9MIN_30_70_EXISTING_OPEN,5.817,3539
BALL_NPS34_REMOTE_CAN_9MIN_30_70_EXISTING_OPEN,6.106,4827
BALL_NPS34_REMOTE_CAN_9MIN_30_70_EXISTING_OPEN,6.396,6435
BALL_NPS34_REMOTE_CAN_9MIN_30_70_EXISTING_OPEN,6.685,8581
BALL_NPS34_REMOTE_CAN_9MIN_30_70_EXISTING_OPEN,6.975,11798
BALL_NPS34_REMOTE_CAN_9MIN_30_70_EXISTING_OPEN,7.264,15016
BALL_NPS34_REMOTE_CAN_9MIN_30_70_EXISTING_OPEN,7.553,19842
BALL_NPS34_REMOTE_CAN_9MIN_30_70_EXISTING_OPEN,7.843,25742
BALL_NPS34_REMOTE_CAN_9MIN_30_70_EXISTING_OPEN,8.132,34858
BALL_NPS34_REMOTE_CAN_9MIN_30_70_EXISTING_OPEN,8.421,45048
BALL_NPS34_REMOTE_CAN_9MIN_30_70_EXISTING_OPEN,8.711,58991
BALL_NPS34_REMOTE_CAN_9MIN_30_70_EXISTING_OPEN,9,199902
BALL_NPS34_REMOTE_CAN_9MIN_30_70_OPEN,0,0
BALL_NPS34_REMOTE_CAN_9MIN_30_70_OPEN,2.975,750
BALL_NPS34_REMOTE_CAN_9MIN_30_70_OPEN,3.966,1300
BALL_NPS34_REMOTE_CAN_9MIN_30_70_OPEN,4.958,2000
BALL_NPS34_REMOTE_CAN_9MIN_30_70_OPEN,5.354,2360
BALL_NPS34_REMOTE_CAN_9MIN_30_70_OPEN,5.528,2900
BALL_NPS34_REMOTE_CAN_9MIN_30_70_OPEN,5.817,4000
BALL_NPS34_REMOTE_CAN_9MIN_30_70_OPEN,6.106,5500
BALL_NPS34_REMOTE_CAN_9MIN_30_70_OPEN,6.396,7100
BALL_NPS34_REMOTE_CAN_9MIN_30_70_OPEN,6.685,9900
BALL_NPS34_REMOTE_CAN_9MIN_30_70_OPEN,6.975,13000
BALL_NPS34_REMOTE_CAN_9MIN_30_70_OPEN,7.264,17500
BALL_NPS34_REMOTE_CAN_9MIN_30_70_OPEN,7.553,22500
BALL_NPS34_REMOTE_CAN_9MIN_30_70_OPEN,7.843,30000
BALL_NPS34_REMOTE_CAN_9MIN_30_70_OPEN,8.132,40000
BALL_NPS34_REMOTE_CAN_9MIN_30_70_OPEN,9,240300
BALL_NPS34_REMOTE_CAN_9MIN_40_60_EXISTING_OPEN,0,0
BALL_NPS34_REMOTE_CAN_9MIN_40_60_EXISTING_OPEN,2.448,429
BALL_NPS34_REMOTE_CAN_9MIN_40_60_EXISTING_OPEN,3.264,965
BALL_NPS34_REMOTE_CAN_9MIN_40_60_EXISTING_OPEN,4.08,1716
BALL_NPS34_REMOTE_CAN_9MIN_40_60_EXISTING_OPEN,4.896,2467
BALL_NPS34_REMOTE_CAN_9MIN_40_60_EXISTING_OPEN,5.712,3539
BALL_NPS34_REMOTE_CAN_9MIN_40_60_EXISTING_OPEN,5.875,3797
BALL_NPS34_REMOTE_CAN_9MIN_40_60_EXISTING_OPEN,6.106,4827
BALL_NPS34_REMOTE_CAN_9MIN_40_60_EXISTING_OPEN,6.396,6435
BALL_NPS34_REMOTE_CAN_9MIN_40_60_EXISTING_OPEN,6.685,8581
BALL_NPS34_REMOTE_CAN_9MIN_40_60_EXISTING_OPEN,6.975,11798
BALL_NPS34_REMOTE_CAN_9MIN_40_60_EXISTING_OPEN,7.264,15016
BALL_NPS34_REMOTE_CAN_9MIN_40_60_EXISTING_OPEN,7.553,19842
BALL_NPS34_REMOTE_CAN_9MIN_40_60_EXISTING_OPEN,7.843,25742
BALL_NPS34_REMOTE_CAN_9MIN_40_60_EXISTING_OPEN,8.132,34858
BALL_NPS34_REMOTE_CAN_9MIN_40_60_EXISTING_OPEN,8.421,45048
BALL_NPS34_REMOTE_CAN_9MIN_40_60_EXISTING_OPEN,8.711,58991
BALL_NPS34_REMOTE_CAN_9MIN_40_60_EXISTING_OPEN,9,199902
BALL_NPS34_REMOTE_CAN_9MIN_40_60_OPEN,0,0
BALL_NPS34_REMOTE_CAN_9MIN_40_60_OPEN,2.448,750
BALL_NPS34_REMOTE_CAN_9MIN_40_60_OPEN,3.264,1300
BALL_NPS34_REMOTE_CAN_9MIN_40_60_OPEN,4.08,2000
BALL_NPS34_REMOTE_CAN_9MIN_40_60_OPEN,4.896,2900
BALL_NPS34_REMOTE_CAN_9MIN_40_60_OPEN,5.712,4000
BALL_NPS34_REMOTE_CAN_9MIN_40_60_OPEN,5.875,4300
BALL_NPS34_REMOTE_CAN_9MIN_40_60_OPEN,6.106,5500
BALL_NPS34_REMOTE_CAN_9MIN_40_60_OPEN,6.396,7100
BALL_NPS34_REMOTE_CAN_9MIN_40_60_OPEN,6.685,9900
BALL_NPS34_REMOTE_CAN_9MIN_40_60_OPEN,6.975,13000
BALL_NPS34_REMOTE_CAN_9MIN_40_60_OPEN,7.264,17500
BALL_NPS34_REMOTE_CAN_9MIN_40_60_OPEN,7.553,22500
BALL_NPS34_REMOTE_CAN_9MIN_40_60_OPEN,7.843,30000
BALL_NPS34_REMOTE_CAN_9MIN_40_60_OPEN,8.132,40000
BALL_NPS34_REMOTE_CAN_9MIN_40_60_OPEN,9,240300
BALL_NPS36_PS_CSHNG_12MIN_80_20_OPEN,0,0
BALL_NPS36_PS_CSHNG_12MIN_80_20_OPEN,6.889,770
BALL_NPS36_PS_CSHNG_12MIN_80_20_OPEN,8.267,1148
BALL_NPS36_PS_CSHNG_12MIN_80_20_OPEN,8.37,1400
BALL_NPS36_PS_CSHNG_12MIN_80_20_OPEN,8.63,2300
BALL_NPS36_PS_CSHNG_12MIN_80_20_OPEN,8.889,3300
BALL_NPS36_PS_CSHNG_12MIN_80_20_OPEN,9.148,4600
BALL_NPS36_PS_CSHNG_12MIN_80_20_OPEN,9.407,6100
BALL_NPS36_PS_CSHNG_12MIN_80_20_OPEN,9.667,8100
BALL_NPS36_PS_CSHNG_12MIN_80_20_OPEN,9.926,11000
BALL_NPS36_PS_CSHNG_12MIN_80_20_OPEN,10.185,14000
BALL_NPS36_PS_CSHNG_12MIN_80_20_OPEN,10.444,18000
BALL_NPS36_PS_CSHNG_12MIN_80_20_OPEN,10.704,25000
BALL_NPS36_PS_CSHNG_12MIN_80_20_OPEN,10.963,32000
BALL_NPS36_PS_CSHNG_12MIN_80_20_OPEN,11.222,44000
BALL_NPS36_PS_CSHNG_12MIN_80_20_OPEN,11.481,62000
BALL_NPS36_PS_CSHNG_12MIN_80_20_OPEN,12,271300
BALL_NPS36_PS_CSHNG_4.7MIN_OPEN,0,0
BALL_NPS36_PS_CSHNG_4.7MIN_OPEN,0.778,770
BALL_NPS36_PS_CSHNG_4.7MIN_OPEN,0.933,1148
BALL_NPS36_PS_CSHNG_4.7MIN_OPEN,1.037,1400
BALL_NPS36_PS_CSHNG_4.7MIN_OPEN,1.296,2300
BALL_NPS36_PS_CSHNG_4.7MIN_OPEN,1.556,3300
BALL_NPS36_PS_CSHNG_4.7MIN_OPEN,1.815,4600
BALL_NPS36_PS_CSHNG_4.7MIN_OPEN,2.074,6100
BALL_NPS36_PS_CSHNG_4.7MIN_OPEN,2.333,8100
BALL_NPS36_PS_CSHNG_4.7MIN_OPEN,2.593,11000
BALL_NPS36_PS_CSHNG_4.7MIN_OPEN,2.852,14000
BALL_NPS36_PS_CSHNG_4.7MIN_OPEN,3.111,18000
BALL_NPS36_PS_CSHNG_4.7MIN_OPEN,3.37,25000
BALL_NPS36_PS_CSHNG_4.7MIN_OPEN,3.63,32000
BALL_NPS36_PS_CSHNG_4.7MIN_OPEN,3.889,44000
BALL_NPS36_PS_CSHNG_4.7MIN_OPEN,4.148,62000
BALL_NPS36_PS_CSHNG_4.7MIN_OPEN,4.667,271300
BALL_NPS36_PS_CSHNG_6MIN_80_20_OPEN,0,0
BALL_NPS36_PS_CSHNG_6MIN_80_20_OPEN,1.889,770
BALL_NPS36_PS_CSHNG_6MIN_80_20_OPEN,2.267,1148
BALL_NPS36_PS_CSHNG_6MIN_80_20_OPEN,2.37,1400
BALL_NPS36_PS_CSHNG_6MIN_80_20_OPEN,2.63,2300
BALL_NPS36_PS_CSHNG_6MIN_80_20_OPEN,2.889,3300
BALL_NPS36_PS_CSHNG_6MIN_80_20_OPEN,3.148,4600
BALL_NPS36_PS_CSHNG_6MIN_80_20_OPEN,3.407,6100
BALL_NPS36_PS_CSHNG_6MIN_80_20_OPEN,3.667,8100
BALL_NPS36_PS_CSHNG_6MIN_80_20_OPEN,3.926,11000
BALL_NPS36_PS_CSHNG_6MIN_80_20_OPEN,4.185,14000
BALL_NPS36_PS_CSHNG_6MIN_80_20_OPEN,4.444,18000
BALL_NPS36_PS_CSHNG_6MIN_80_20_OPEN,4.704,25000
BALL_NPS36_PS_CSHNG_6MIN_80_20_OPEN,4.963,32000
BALL_NPS36_PS_CSHNG_6MIN_80_20_OPEN,5.222,44000
BALL_NPS36_PS_CSHNG_6MIN_80_20_OPEN,5.481,62000
BALL_NPS36_PS_CSHNG_6MIN_80_20_OPEN,6,271300
BALL_NPS36_PS_CSHNG_9MIN_80_20_OPEN,0,0
BALL_NPS36_PS_CSHNG_9MIN_80_20_OPEN,4.389,770
BALL_NPS36_PS_CSHNG_9MIN_80_20_OPEN,5.267,1148
BALL_NPS36_PS_CSHNG_9MIN_80_20_OPEN,5.37,1400
BALL_NPS36_PS_CSHNG_9MIN_80_20_OPEN,5.63,2300
BALL_NPS36_PS_CSHNG_9MIN_80_20_OPEN,5.889,3300
BALL_NPS36_PS_CSHNG_9MIN_80_20_OPEN,6.148,4600
BALL_NPS36_PS_CSHNG_9MIN_80_20_OPEN,6.407,6100
BALL_NPS36_PS_CSHNG_9MIN_80_20_OPEN,6.667,8100
BALL_NPS36_PS_CSHNG_9MIN_80_20_OPEN,6.926,11000
BALL_NPS36_PS_CSHNG_9MIN_80_20_OPEN,7.185,14000
BALL_NPS36_PS_CSHNG_9MIN_80_20_OPEN,7.444,18000
BALL_NPS36_PS_CSHNG_9MIN_80_20_OPEN,7.704,25000
BALL_NPS36_PS_CSHNG_9MIN_80_20_OPEN,7.963,32000
BALL_NPS36_PS_CSHNG_9MIN_80_20_OPEN,8.222,44000
BALL_NPS36_PS_CSHNG_9MIN_80_20_OPEN,8.481,62000
BALL_NPS36_PS_CSHNG_9MIN_80_20_OPEN,9,271300
BALL_NPS36_REMOTE_CSHNG_12MIN_80_20_OPEN,0,0
BALL_NPS36_REMOTE_CSHNG_12MIN_80_20_OPEN,6.878,770
BALL_NPS36_REMOTE_CSHNG_12MIN_80_20_OPEN,8.253,1148
BALL_NPS36_REMOTE_CSHNG_12MIN_80_20_OPEN,8.357,1400
BALL_NPS36_REMOTE_CSHNG_12MIN_80_20_OPEN,8.618,2300
BALL_NPS36_REMOTE_CSHNG_12MIN_80_20_OPEN,8.878,3300
BALL_NPS36_REMOTE_CSHNG_12MIN_80_20_OPEN,9.138,4600
BALL_NPS36_REMOTE_CSHNG_12MIN_80_20_OPEN,9.398,6100
BALL_NPS36_REMOTE_CSHNG_12MIN_80_20_OPEN,9.658,8100
BALL_NPS36_REMOTE_CSHNG_12MIN_80_20_OPEN,9.919,11000
BALL_NPS36_REMOTE_CSHNG_12MIN_80_20_OPEN,10.179,14000
BALL_NPS36_REMOTE_CSHNG_12MIN_80_20_OPEN,10.439,18000
BALL_NPS36_REMOTE_CSHNG_12MIN_80_20_OPEN,10.699,25000
BALL_NPS36_REMOTE_CSHNG_12MIN_80_20_OPEN,10.959,32000
BALL_NPS36_REMOTE_CSHNG_12MIN_80_20_OPEN,11.219,44000
BALL_NPS36_REMOTE_CSHNG_12MIN_80_20_OPEN,11.48,62000
BALL_NPS36_REMOTE_CSHNG_12MIN_80_20_OPEN,12,271300
BALL_NPS36_REMOTE_CSHNG_4.7MIN_OPEN,0,0
BALL_NPS36_REMOTE_CSHNG_4.7MIN_OPEN,0.781,770
BALL_NPS36_REMOTE_CSHNG_4.7MIN_OPEN,0.937,1148
BALL_NPS36_REMOTE_CSHNG_4.7MIN_OPEN,1.041,1400
BALL_NPS36_REMOTE_CSHNG_4.7MIN_OPEN,1.301,2300
BALL_NPS36_REMOTE_CSHNG_4.7MIN_OPEN,1.561,3300
BALL_NPS36_REMOTE_CSHNG_4.7MIN_OPEN,1.821,4600
BALL_NPS36_REMOTE_CSHNG_4.7MIN_OPEN,2.081,6100
BALL_NPS36_REMOTE_CSHNG_4.7MIN_OPEN,2.342,8100
BALL_NPS36_REMOTE_CSHNG_4.7MIN_OPEN,2.602,11000
BALL_NPS36_REMOTE_CSHNG_4.7MIN_OPEN,2.862,14000
BALL_NPS36_REMOTE_CSHNG_4.7MIN_OPEN,3.122,18000
BALL_NPS36_REMOTE_CSHNG_4.7MIN_OPEN,3.382,25000
BALL_NPS36_REMOTE_CSHNG_4.7MIN_OPEN,3.643,32000
BALL_NPS36_REMOTE_CSHNG_4.7MIN_OPEN,3.903,44000
BALL_NPS36_REMOTE_CSHNG_4.7MIN_OPEN,4.163,62000
BALL_NPS36_REMOTE_CSHNG_4.7MIN_OPEN,4.683,271300
BALL_NPS36_REMOTE_CSHNG_6MIN_80_20_OPEN,0,0
BALL_NPS36_REMOTE_CSHNG_6MIN_80_20_OPEN,1.878,770
BALL_NPS36_REMOTE_CSHNG_6MIN_80_20_OPEN,2.253,1148
BALL_NPS36_REMOTE_CSHNG_6MIN_80_20_OPEN,2.357,1400
BALL_NPS36_REMOTE_CSHNG_6MIN_80_20_OPEN,2.618,2300
BALL_NPS36_REMOTE_CSHNG_6MIN_80_20_OPEN,2.878,3300
BALL_NPS36_REMOTE_CSHNG_6MIN_80_20_OPEN,3.138,4600
BALL_NPS36_REMOTE_CSHNG_6MIN_80_20_OPEN,3.398,6100
BALL_NPS36_REMOTE_CSHNG_6MIN_80_20_OPEN,3.658,8100
BALL_NPS36_REMOTE_CSHNG_6MIN_80_20_OPEN,3.919,11000
BALL_NPS36_REMOTE_CSHNG_6MIN_80_20_OPEN,4.179,14000
BALL_NPS36_REMOTE_CSHNG_6MIN_80_20_OPEN,4.439,18000
BALL_NPS36_REMOTE_CSHNG_6MIN_80_20_OPEN,4.699,25000
BALL_NPS36_REMOTE_CSHNG_6MIN_80_20_OPEN,4.959,32000
BALL_NPS36_REMOTE_CSHNG_6MIN_80_20_OPEN,5.219,44000
BALL_NPS36_REMOTE_CSHNG_6MIN_80_20_OPEN,5.48,62000
BALL_NPS36_REMOTE_CSHNG_6MIN_80_20_OPEN,6,271300
BALL_NPS36_REMOTE_CSHNG_9MIN_80_20_OPEN,0,0
BALL_NPS36_REMOTE_CSHNG_9MIN_80_20_OPEN,4.378,770
BALL_NPS36_REMOTE_CSHNG_9MIN_80_20_OPEN,5.253,1148
BALL_NPS36_REMOTE_CSHNG_9MIN_80_20_OPEN,5.357,1400
BALL_NPS36_REMOTE_CSHNG_9MIN_80_20_OPEN,5.618,2300
BALL_NPS36_REMOTE_CSHNG_9MIN_80_20_OPEN,5.878,3300
BALL_NPS36_REMOTE_CSHNG_9MIN_80_20_OPEN,6.138,4600
BALL_NPS36_REMOTE_CSHNG_9MIN_80_20_OPEN,6.398,6100
BALL_NPS36_REMOTE_CSHNG_9MIN_80_20_OPEN,6.658,8100
BALL_NPS36_REMOTE_CSHNG_9MIN_80_20_OPEN,6.919,11000
BALL_NPS36_REMOTE_CSHNG_9MIN_80_20_OPEN,7.179,14000
BALL_NPS36_REMOTE_CSHNG_9MIN_80_20_OPEN,7.439,18000
BALL_NPS36_REMOTE_CSHNG_9MIN_80_20_OPEN,7.699,25000
BALL_NPS36_REMOTE_CSHNG_9MIN_80_20_OPEN,7.959,32000
BALL_NPS36_REMOTE_CSHNG_9MIN_80_20_OPEN,8.219,44000
BALL_NPS36_REMOTE_CSHNG_9MIN_80_20_OPEN,8.48,62000
BALL_NPS36_REMOTE_CSHNG_9MIN_80_20_OPEN,9,271300
DEFAULT_BALL_NPS30_PS_OPEN_2.083,0,0
DEFAULT_BALL_NPS30_PS_OPEN_2.083,0.377269,500
DEFAULT_BALL_NPS30_PS_OPEN_2.083,0.416667,800
DEFAULT_BALL_NPS30_PS_OPEN_2.083,0.463667,1000
DEFAULT_BALL_NPS30_PS_OPEN_2.083,0.578667,1550
DEFAULT_BALL_NPS30_PS_OPEN_2.083,0.694667,2400
DEFAULT_BALL_NPS30_PS_OPEN_2.083,0.810667,3200
DEFAULT_BALL_NPS30_PS_OPEN_2.083,0.926667,4400
DEFAULT_BALL_NPS30_PS_OPEN_2.083,1.04167,5800
DEFAULT_BALL_NPS30_PS_OPEN_2.083,1.15767,7700
DEFAULT_BALL_NPS30_PS_OPEN_2.083,1.27367,9600
DEFAULT_BALL_NPS30_PS_OPEN_2.083,1.38967,13000
DEFAULT_BALL_NPS30_PS_OPEN_2.083,1.50467,16000
DEFAULT_BALL_NPS30_PS_OPEN_2.083,1.62067,22000
DEFAULT_BALL_NPS30_PS_OPEN_2.083,1.73667,30000
DEFAULT_BALL_NPS30_PS_OPEN_2.083,2.08367,184400
DEFAULT_BALL_NPS34_PS_CONV_NEW_OPEN_2.083,0,0
DEFAULT_BALL_NPS34_PS_CONV_NEW_OPEN_2.083,0.346,750
DEFAULT_BALL_NPS34_PS_CONV_NEW_OPEN_2.083,0.416,1080
DEFAULT_BALL_NPS34_PS_CONV_NEW_OPEN_2.083,0.463,1300
DEFAULT_BALL_NPS34_PS_CONV_NEW_OPEN_2.083,0.578,2000
DEFAULT_BALL_NPS34_PS_CONV_NEW_OPEN_2.083,0.694,2900
DEFAULT_BALL_NPS34_PS_CONV_NEW_OPEN_2.083,0.81,4000
DEFAULT_BALL_NPS34_PS_CONV_NEW_OPEN_2.083,0.926,5500
DEFAULT_BALL_NPS34_PS_CONV_NEW_OPEN_2.083,1.041,7100
DEFAULT_BALL_NPS34_PS_CONV_NEW_OPEN_2.083,1.157,9900
DEFAULT_BALL_NPS34_PS_CONV_NEW_OPEN_2.083,1.272,13000
DEFAULT_BALL_NPS34_PS_CONV_NEW_OPEN_2.083,1.389,17500
DEFAULT_BALL_NPS34_PS_CONV_NEW_OPEN_2.083,1.504,22500
DEFAULT_BALL_NPS34_PS_CONV_NEW_OPEN_2.083,1.62,30000
DEFAULT_BALL_NPS34_PS_CONV_NEW_OPEN_2.083,1.735,40000
DEFAULT_BALL_NPS34_PS_CONV_NEW_OPEN_2.083,2.083,240300
DEFAULT_BALL_NPS34_PS_EXISTING_OPEN_2.083,0,0
DEFAULT_BALL_NPS34_PS_EXISTING_OPEN_2.083,0.346,429
DEFAULT_BALL_NPS34_PS_EXISTING_OPEN_2.083,0.416,751
DEFAULT_BALL_NPS34_PS_EXISTING_OPEN_2.083,0.578,1716
DEFAULT_BALL_NPS34_PS_EXISTING_OPEN_2.083,0.694,2467
DEFAULT_BALL_NPS34_PS_EXISTING_OPEN_2.083,0.81,3539
DEFAULT_BALL_NPS34_PS_EXISTING_OPEN_2.083,0.926,4827
DEFAULT_BALL_NPS34_PS_EXISTING_OPEN_2.083,1.041,6435
DEFAULT_BALL_NPS34_PS_EXISTING_OPEN_2.083,1.157,8581
DEFAULT_BALL_NPS34_PS_EXISTING_OPEN_2.083,1.272,11798
DEFAULT_BALL_NPS34_PS_EXISTING_OPEN_2.083,1.389,15016
DEFAULT_BALL_NPS34_PS_EXISTING_OPEN_2.083,1.504,19842
DEFAULT_BALL_NPS34_PS_EXISTING_OPEN_2.083,1.62,25742
DEFAULT_BALL_NPS34_PS_EXISTING_OPEN_2.083,1.735,34858
DEFAULT_BALL_NPS34_PS_EXISTING_OPEN_2.083,1.852,45048
DEFAULT_BALL_NPS34_PS_EXISTING_OPEN_2.083,1.967,58991
DEFAULT_BALL_NPS34_PS_EXISTING_OPEN_2.083,2.083,199902
GATE_NPS24_PS_CSHNG_12MIN_95_05_OPEN,0,0
GATE_NPS24_PS_CSHNG_12MIN_95_05_OPEN,6.807,1317
GATE_NPS24_PS_CSHNG_12MIN_95_05_OPEN,7.08,4390
GATE_NPS24_PS_CSHNG_12MIN_95_05_OPEN,7.627,15805
GATE_NPS24_PS_CSHNG_12MIN_95_05_OPEN,8.173,27220
GATE_NPS24_PS_CSHNG_12MIN_95_05_OPEN,8.72,38634
GATE_NPS24_PS_CSHNG_12MIN_95_05_OPEN,9.267,48951
GATE_NPS24_PS_CSHNG_12MIN_95_05_OPEN,9.813,58829
GATE_NPS24_PS_CSHNG_12MIN_95_05_OPEN,10.36,67610
GATE_NPS24_PS_CSHNG_12MIN_95_05_OPEN,10.907,75512
GATE_NPS24_PS_CSHNG_12MIN_95_05_OPEN,11.453,81659
GATE_NPS24_PS_CSHNG_12MIN_95_05_OPEN,12,85171
GATE_NPS24_PS_CSHNG_5.5MIN_OPEN,0,0
GATE_NPS24_PS_CSHNG_5.5MIN_OPEN,0.547,4390
GATE_NPS24_PS_CSHNG_5.5MIN_OPEN,1.093,15805
GATE_NPS24_PS_CSHNG_5.5MIN_OPEN,1.64,27220
GATE_NPS24_PS_CSHNG_5.5MIN_OPEN,2.187,38634
GATE_NPS24_PS_CSHNG_5.5MIN_OPEN,2.733,48951
GATE_NPS24_PS_CSHNG_5.5MIN_OPEN,3.28,58829
GATE_NPS24_PS_CSHNG_5.5MIN_OPEN,3.827,67610
GATE_NPS24_PS_CSHNG_5.5MIN_OPEN,4.373,75512
GATE_NPS24_PS_CSHNG_5.5MIN_OPEN,4.92,81659
GATE_NPS24_PS_CSHNG_5.5MIN_OPEN,5.467,85171
GATE_NPS24_PS_CSHNG_6MIN_95_05_OPEN,0,0
GATE_NPS24_PS_CSHNG_6MIN_95_05_OPEN,0.807,1317
GATE_NPS24_PS_CSHNG_6MIN_95_05_OPEN,1.08,4390
GATE_NPS24_PS_CSHNG_6MIN_95_05_OPEN,1.627,15805
GATE_NPS24_PS_CSHNG_6MIN_95_05_OPEN,2.173,27220
GATE_NPS24_PS_CSHNG_6MIN_95_05_OPEN,2.72,38634
GATE_NPS24_PS_CSHNG_6MIN_95_05_OPEN,3.267,48951
GATE_NPS24_PS_CSHNG_6MIN_95_05_OPEN,3.813,58829
GATE_NPS24_PS_CSHNG_6MIN_95_05_OPEN,4.36,67610
GATE_NPS24_PS_CSHNG_6MIN_95_05_OPEN,4.907,75512
GATE_NPS24_PS_CSHNG_6MIN_95_05_OPEN,5.453,81659
GATE_NPS24_PS_CSHNG_6MIN_95_05_OPEN,6,85171
GATE_NPS24_PS_CSHNG_9MIN_95_05_OPEN,0,0
GATE_NPS24_PS_CSHNG_9MIN_95_05_OPEN,3.807,1317
GATE_NPS24_PS_CSHNG_9MIN_95_05_OPEN,4.08,4390
GATE_NPS24_PS_CSHNG_9MIN_95_05_OPEN,4.627,15805
GATE_NPS24_PS_CSHNG_9MIN_95_05_OPEN,5.173,27220
GATE_NPS24_PS_CSHNG_9MIN_95_05_OPEN,5.72,38634
GATE_NPS24_PS_CSHNG_9MIN_95_05_OPEN,6.267,48951
GATE_NPS24_PS_CSHNG_9MIN_95_05_OPEN,6.813,58829
GATE_NPS24_PS_CSHNG_9MIN_95_05_OPEN,7.36,67610
GATE_NPS24_PS_CSHNG_9MIN_95_05_OPEN,7.907,75512
GATE_NPS24_PS_CSHNG_9MIN_95_05_OPEN,8.453,81659
GATE_NPS24_PS_CSHNG_9MIN_95_05_OPEN,9,85171
GATE_NPS30_PS_CSHNG_12MIN_95_05_OPEN,0,0
GATE_NPS30_PS_CSHNG_12MIN_95_05_OPEN,7.614,2537
GATE_NPS30_PS_CSHNG_12MIN_95_05_OPEN,7.845,7805
GATE_NPS30_PS_CSHNG_12MIN_95_05_OPEN,8.307,26537
GATE_NPS30_PS_CSHNG_12MIN_95_05_OPEN,8.768,45268
GATE_NPS30_PS_CSHNG_12MIN_95_05_OPEN,9.23,62439
GATE_NPS30_PS_CSHNG_12MIN_95_05_OPEN,9.692,80000
GATE_NPS30_PS_CSHNG_12MIN_95_05_OPEN,10.153,95610
GATE_NPS30_PS_CSHNG_12MIN_95_05_OPEN,10.615,110049
GATE_NPS30_PS_CSHNG_12MIN_95_05_OPEN,11.077,122537
GATE_NPS30_PS_CSHNG_12MIN_95_05_OPEN,11.538,132683
GATE_NPS30_PS_CSHNG_12MIN_95_05_OPEN,12,138927
GATE_NPS30_PS_CSHNG_4.6MIN_OPEN,0,0
GATE_NPS30_PS_CSHNG_4.6MIN_OPEN,0.462,7805
GATE_NPS30_PS_CSHNG_4.6MIN_OPEN,0.923,26537
GATE_NPS30_PS_CSHNG_4.6MIN_OPEN,1.385,45268
GATE_NPS30_PS_CSHNG_4.6MIN_OPEN,1.847,62439
GATE_NPS30_PS_CSHNG_4.6MIN_OPEN,2.308,80000
GATE_NPS30_PS_CSHNG_4.6MIN_OPEN,2.77,95610
GATE_NPS30_PS_CSHNG_4.6MIN_OPEN,3.232,110049
GATE_NPS30_PS_CSHNG_4.6MIN_OPEN,3.693,122537
GATE_NPS30_PS_CSHNG_4.6MIN_OPEN,4.155,132683
GATE_NPS30_PS_CSHNG_4.6MIN_OPEN,4.617,138927
GATE_NPS30_PS_CSHNG_6MIN_95_05_OPEN,0,0
GATE_NPS30_PS_CSHNG_6MIN_95_05_OPEN,1.614,2537
GATE_NPS30_PS_CSHNG_6MIN_95_05_OPEN,1.845,7805
GATE_NPS30_PS_CSHNG_6MIN_95_05_OPEN,2.307,26537
GATE_NPS30_PS_CSHNG_6MIN_95_05_OPEN,2.768,45268
GATE_NPS30_PS_CSHNG_6MIN_95_05_OPEN,3.23,62439
GATE_NPS30_PS_CSHNG_6MIN_95_05_OPEN,3.692,80000
GATE_NPS30_PS_CSHNG_6MIN_95_05_OPEN,4.153,95610
GATE_NPS30_PS_CSHNG_6MIN_95_05_OPEN,4.615,110049
GATE_NPS30_PS_CSHNG_6MIN_95_05_OPEN,5.077,122537
GATE_NPS30_PS_CSHNG_6MIN_95_05_OPEN,5.538,132683
GATE_NPS30_PS_CSHNG_6MIN_95_05_OPEN,6,138927
GATE_NPS30_PS_CSHNG_9MIN_95_05_OPEN,0,0
GATE_NPS30_PS_CSHNG_9MIN_95_05_OPEN,4.614,2537
GATE_NPS30_PS_CSHNG_9MIN_95_05_OPEN,4.845,7805
GATE_NPS30_PS_CSHNG_9MIN_95_05_OPEN,5.307,26537
GATE_NPS30_PS_CSHNG_9MIN_95_05_OPEN,5.768,45268
GATE_NPS30_PS_CSHNG_9MIN_95_05_OPEN,6.23,62439
GATE_NPS30_PS_CSHNG_9MIN_95_05_OPEN,6.692,80000
GATE_NPS30_PS_CSHNG_9MIN_95_05_OPEN,7.153,95610
GATE_NPS30_PS_CSHNG_9MIN_95_05_OPEN,7.615,110049
GATE_NPS30_PS_CSHNG_9MIN_95_05_OPEN,8.077,122537
GATE_NPS30_PS_CSHNG_9MIN_95_05_OPEN,8.538,132683
GATE_NPS30_PS_CSHNG_9MIN_95_05_OPEN,9,138927
GATE_NPS36_PS_CSHNG_12MIN_95_05_OPEN,0,0
GATE_NPS36_PS_CSHNG_12MIN_95_05_OPEN,6.49,3512
GATE_NPS36_PS_CSHNG_12MIN_95_05_OPEN,6.78,9366
GATE_NPS36_PS_CSHNG_12MIN_95_05_OPEN,7.36,28097
GATE_NPS36_PS_CSHNG_12MIN_95_05_OPEN,7.94,45268
GATE_NPS36_PS_CSHNG_12MIN_95_05_OPEN,8.52,61658
GATE_NPS36_PS_CSHNG_12MIN_95_05_OPEN,9.1,76488
GATE_NPS36_PS_CSHNG_12MIN_95_05_OPEN,9.68,92097
GATE_NPS36_PS_CSHNG_12MIN_95_05_OPEN,10.26,105366
GATE_NPS36_PS_CSHNG_12MIN_95_05_OPEN,10.84,117080
GATE_NPS36_PS_CSHNG_12MIN_95_05_OPEN,11.42,126497
GATE_NPS36_PS_CSHNG_12MIN_95_05_OPEN,12,131903
GATE_NPS36_PS_CSHNG_5.8MIN_OPEN,0,0
GATE_NPS36_PS_CSHNG_5.8MIN_OPEN,0.58,14634
GATE_NPS36_PS_CSHNG_5.8MIN_OPEN,1.16,43902
GATE_NPS36_PS_CSHNG_5.8MIN_OPEN,1.74,70732
GATE_NPS36_PS_CSHNG_5.8MIN_OPEN,2.32,96341
GATE_NPS36_PS_CSHNG_5.8MIN_OPEN,2.9,119512
GATE_NPS36_PS_CSHNG_5.8MIN_OPEN,3.48,143902
GATE_NPS36_PS_CSHNG_5.8MIN_OPEN,4.06,164634
GATE_NPS36_PS_CSHNG_5.8MIN_OPEN,4.64,182937
GATE_NPS36_PS_CSHNG_5.8MIN_OPEN,5.22,197651
GATE_NPS36_PS_CSHNG_5.8MIN_OPEN,5.8,206098
GATE_NPS36_PS_CSHNG_6MIN_95_05_OPEN,0,0
GATE_NPS36_PS_CSHNG_6MIN_95_05_OPEN,0.49,3512
GATE_NPS36_PS_CSHNG_6MIN_95_05_OPEN,0.78,9366
GATE_NPS36_PS_CSHNG_6MIN_95_05_OPEN,1.36,28097
GATE_NPS36_PS_CSHNG_6MIN_95_05_OPEN,1.94,45268
GATE_NPS36_PS_CSHNG_6MIN_95_05_OPEN,2.52,61658
GATE_NPS36_PS_CSHNG_6MIN_95_05_OPEN,3.1,76488
GATE_NPS36_PS_CSHNG_6MIN_95_05_OPEN,3.68,92097
GATE_NPS36_PS_CSHNG_6MIN_95_05_OPEN,4.26,105366
GATE_NPS36_PS_CSHNG_6MIN_95_05_OPEN,4.84,117080
GATE_NPS36_PS_CSHNG_6MIN_95_05_OPEN,5.42,126497
GATE_NPS36_PS_CSHNG_6MIN_95_05_OPEN,6,131903
GATE_NPS36_PS_CSHNG_9MIN_95_05_OPEN,0,0
GATE_NPS36_PS_CSHNG_9MIN_95_05_OPEN,3.49,3512
GATE_NPS36_PS_CSHNG_9MIN_95_05_OPEN,3.78,9366
GATE_NPS36_PS_CSHNG_9MIN_95_05_OPEN,4.36,28097
GATE_NPS36_PS_CSHNG_9MIN_95_05_OPEN,4.94,45268
GATE_NPS36_PS_CSHNG_9MIN_95_05_OPEN,5.52,61658
GATE_NPS36_PS_CSHNG_9MIN_95_05_OPEN,6.1,76488
GATE_NPS36_PS_CSHNG_9MIN_95_05_OPEN,6.68,92097
GATE_NPS36_PS_CSHNG_9MIN_95_05_OPEN,7.26,105366
GATE_NPS36_PS_CSHNG_9MIN_95_05_OPEN,7.84,117080
GATE_NPS36_PS_CSHNG_9MIN_95_05_OPEN,8.42,126497
GATE_NPS36_PS_CSHNG_9MIN_95_05_OPEN,9,131903
OPEN_BALL_36,0,0
OPEN_BALL_36,0.11,500
OPEN_BALL_36,0.22,1450
OPEN_BALL_36,0.33,3800
OPEN_BALL_36,0.44,6200
OPEN_BALL_36,0.56,11000
OPEN_BALL_36,0.67,18000
OPEN_BALL_36,0.78,33000
OPEN_BALL_36,0.89,65000
OPEN_BALL_36,1,271300
