,CCNC,CNC,ELEV,FLOWUNITS,FLWBYP,FROM FILE,KMPOST,LINE,MONSECTION,NOTE,PRATE,QRATE,TAGS,XCOORD,YCOORD
,n/a,n/a,M,n/a,n/a,n/a,n/a,n/a,n/a,n/a,KPA,M3/HR,n/a,n/a,n/a
MON_BELPL_06_4_A0_PMLD,,NO_BELPL_06_4_D,,M3/HR,0,INPREP_INC\KSTA\KSTA_MONITORS.INC,0,3,0,,,,BELPL,10228,1515
MON_BELPL_06_4_A0_PMLS,,NO_BELPL_06_4_S,,M3/HR,0,INPREP_INC\KSTA\KSTA_MONITORS.INC,0,7,0,,,,BELPL,10238,1713
MON_BELPL_33_1_A0_PMLD,,NO_BELPL_33_1_D,,M3/HR,0,INPREP_INC\KSTA\KSTA_MONITORS.INC,0,11,0,,,,BELPL,10470,850
MON_BELPL_33_1_A0_PMLS,,NO_BELPL_33_1_S,,M3/HR,0,INPREP_INC\KSTA\KSTA_MONITORS.INC,0,15,0,,,,BELPL,10070,850
MON_BELPL_A0_PD,,NO_BELPL_N2,,M3/HR,0,INPREP_INC\KSTA\LDS\BELPL.INC,0,15,0,,,,BELPL,10168,2625
MON_BELPL_A0_PMLD,,NO_BELPL_D,,M3/HR,0,INPREP_INC\KSTA\KSTA_MONITORS.INC,0,19,0,,,,BELPL,9979,2178
MON_BELPL_A0_PMLS,,NO_BELPL_S,,M3/HR,0,INPREP_INC\KSTA\KSTA_MONITORS.INC,0,23,0,,,,CAROP,9761,2193
MON_BELPL_A0_PS,,NO_BELPL_N1,,M3/HR,0,INPREP_INC\KSTA\LDS\BELPL.INC,0,19,0,,,,CAROP,9744,2614
MON_BNDLO_20_5_A0_PMLD,,NO_BNDLO_20_5_D,,M3/HR,0,INPREP_INC\KSTA\KSTA_MONITORS.INC,0,31,0,,,,BNDLO,4281,1589
MON_BNDLO_20_5_A0_PMLS,,NO_BNDLO_20_5_S,,M3/HR,0,INPREP_INC\KSTA\KSTA_MONITORS.INC,0,39,0,,,,BNDLO,4256,1863
MON_BNDLO_A0_PD,,NO_BNDLO_N2,,M3/HR,0,INPREP_INC\KSTA\LDS\BNDLO.INC,0,14,0,,,,BNDLO,4554,2618
MON_BNDLO_A0_PMLD,,NO_BNDLO_D,,M3/HR,0,INPREP_INC\KSTA\KSTA_MONITORS.INC,0,43,0,,,,BNDLO,4366,2181
MON_BNDLO_A0_PMLS,,NO_BNDLO_S,,M3/HR,0,INPREP_INC\KSTA\KSTA_MONITORS.INC,0,47,0,,,,OYENP,4167,2187
MON_BNDLO_A0_PS,,NO_BNDLO_N1,,M3/HR,0,INPREP_INC\KSTA\LDS\BNDLO.INC,0,18,0,,,,OYENP,4148,2603
MON_BRSTL_31_2_A0_PMLD,,NO_BRSTL_31_2_D,,M3/HR,0,INPREP_INC\KSTA\KSTA_MONITORS.INC,0,51,0,,,,BRSTL,5032,1824
MON_BRSTL_31_2_A0_PMLS,,NO_BRSTL_31_2_S,,M3/HR,0,INPREP_INC\KSTA\KSTA_MONITORS.INC,0,55,0,,,,BRSTL,4982,1636
MON_BRSTL_A0_PD,,NO_BRSTL_N2,,M3/HR,0,INPREP_INC\KSTA\LDS\BRSTL.INC,0,14,0,,,,BRSTL,5000,1202
MON_BRSTL_A0_PMLD,,NO_BRSTL_D,,M3/HR,0,INPREP_INC\KSTA\KSTA_MONITORS.INC,0,59,0,,,,BRSTL,5000,1371
MON_BRSTL_A0_PMLS,,NO_BRSTL_S,,M3/HR,0,INPREP_INC\KSTA\KSTA_MONITORS.INC,0,63,0,,,,BNDLO,4915,817
MON_BRSTL_A0_PS,,NO_BRSTL_N1,,M3/HR,0,INPREP_INC\KSTA\LDS\BRSTL.INC,0,18,0,,,,BNDLO,5000,1066
MON_BRYAN_01A_B0_PMLD,,NO_BRYAN_01A_D,,M3/HR,0,INPREP_INC\KSTD\KSTD_MONITORS.INC,0,11,0,,,,BRYAN,37500,5411
MON_BRYAN_01A_B0_PMLS,,NO_BRYAN_01A_S,,M3/HR,0,INPREP_INC\KSTD\KSTD_MONITORS.INC,0,15,0,,,,BRYAN,37536,5681
MON_BRYAN_01B_B0_PMLD,,NO_BRYAN_01B_D,,M3/HR,0,INPREP_INC\KSTD\KSTD_MONITORS.INC,0,19,0,,,,BRYAN,37498,4781
MON_BRYAN_01B_B0_PMLS,,NO_BRYAN_01B_S,,M3/HR,0,INPREP_INC\KSTD\KSTD_MONITORS.INC,0,23,0,,,,BRYAN,37510,5092
MON_BRYAN_02A_B0_PMLD,,NO_BRYAN_02A_D,,M3/HR,0,INPREP_INC\KSTD\KSTD_MONITORS.INC,0,27,0,,,,BRYAN,37996,4148
MON_BRYAN_02A_B0_PMLS,,NO_BRYAN_02A_CKV_D,,M3/HR,0,INPREP_INC\KSTD\KSTD_MONITORS.INC,0,31,0,,,,BRYAN,37255,4186
MON_BRYAN_02B_B0_PMLD,,NO_BRYAN_02B_D,,M3/HR,0,INPREP_INC\KSTD\KSTD_MONITORS.INC,0,35,0,,,,BRYAN,37956,4731
MON_BRYAN_02B_B0_PMLS,,NO_BRYAN_02B_S,,M3/HR,0,INPREP_INC\KSTD\KSTD_MONITORS.INC,0,39,0,,,,BRYAN,37958,4522
MON_BRYAN_03A_B0_PMLD,,NO_BRYAN_03A_D,,M3/HR,0,INPREP_INC\KSTD\KSTD_MONITORS.INC,0,43,0,,,,BRYAN,37938,5335
MON_BRYAN_03A_B0_PMLS,,NO_BRYAN_03A_S,,M3/HR,0,INPREP_INC\KSTD\KSTD_MONITORS.INC,0,47,0,,,,BRYAN,37945,5016
MON_BRYAN_04A_B0_PMLD,,NO_BRYAN_04A_D,,M3/HR,0,INPREP_INC\KSTD\KSTD_MONITORS.INC,0,51,0,,,,BRYAN,38016,5793
MON_BRYAN_04A_B0_PMLS,,NO_BRYAN_04A_CKV_D,,M3/HR,0,INPREP_INC\KSTD\KSTD_MONITORS.INC,0,55,0,,,,BRYAN,37997,5554
MON_BRYAN_B0_PD,,NO_BRYAN_N2,,M3/HR,0,INPREP_INC\KSTD\LDS\BRYAN.INC,0,15,0,,,,BRYAN,37478,6381
MON_BRYAN_B0_PMLD,,NO_BRYAN_D,,M3/HR,0,INPREP_INC\KSTD\KSTD_MONITORS.INC,0,59,0,,,,BRYAN,37295,5944
MON_BRYAN_B0_PMLS,,NO_BRYAN_S,,M3/HR,0,INPREP_INC\KSTD\KSTD_MONITORS.INC,0,63,0,,,,TPELO,37053,5954
MON_BRYAN_B0_PS,,NO_BRYAN_N1,,M3/HR,0,INPREP_INC\KSTD\LDS\BRYAN.INC,0,19,0,,,,TPELO,37057,6363
MON_BURNS_01A_B0_PMLD,,NO_BURNS_01A_D,,M3/HR,0,INPREP_INC\KSTC\KSTC_MONITORS.INC,0,3,0,,,,HOPEP,31876,5635
MON_BURNS_01A_B0_PMLS,,NO_BURNS_01A_S,,M3/HR,0,INPREP_INC\KSTC\KSTC_MONITORS.INC,0,7,0,,,,HOPEP,31844,5219
MON_CABRP_25_1_A0_PMLD,,NO_CABRP_25_1_D,,M3/HR,0,INPREP_INC\KSTA\KSTA_MONITORS.INC,0,67,0,,,,CABRP,6542,1694
MON_CABRP_25_1_A0_PMLS,,NO_CABRP_25_1_S,,M3/HR,0,INPREP_INC\KSTA\KSTA_MONITORS.INC,0,71,0,,,,CABRP,6030,1687
MON_CABRP_A0_PD,,NO_CABRP_N2,,M3/HR,0,INPREP_INC\KSTA\LDS\CABRP.INC,0,15,0,,,,CABRP,6173,2601
MON_CABRP_A0_PMLD,,NO_CABRP_D,,M3/HR,0,INPREP_INC\KSTA\KSTA_MONITORS.INC,0,75,0,,,,CABRP,5973,2167
MON_CABRP_A0_PMLS,,NO_CABRP_S,,M3/HR,0,INPREP_INC\KSTA\KSTA_MONITORS.INC,0,79,0,,,,LBNTL,5762,2170
MON_CABRP_A0_PS,,NO_CABRP_N1,,M3/HR,0,INPREP_INC\KSTA\LDS\CABRP.INC,0,19,0,,,,LBNTL,5744,2613
MON_CARMA_36_4_A0_PMLD,,NO_CARMA_36_4_D,,M3/HR,0,INPREP_INC\KSTA\KSTA_MONITORS.INC,0,83,0,,,,CARMA,18217,1269
MON_CARMA_36_4_A0_PMLS,,NO_CARMA_36_4_S,,M3/HR,0,INPREP_INC\KSTA\KSTA_MONITORS.INC,0,87,0,,,,CARMA,18102,1954
MON_CARMA_A0_PD,,NO_CARMA_N2,,M3/HR,0,INPREP_INC\KSTA\LDS\CARMA.INC,0,15,0,,,,CARMA,18411,2641
MON_CARMA_A0_PMLD,,NO_CARMA_D,,M3/HR,0,INPREP_INC\KSTA\KSTA_MONITORS.INC,0,91,0,,,,CARMA,18130,2190
MON_CARMA_A0_PMLS,,NO_CARMA_S,,M3/HR,0,INPREP_INC\KSTA\KSTA_MONITORS.INC,0,95,0,,,,ELMCK,17775,2193
MON_CARMA_A0_PS,,NO_CARMA_N1,,M3/HR,0,INPREP_INC\KSTA\LDS\CARMA.INC,0,19,0,,,,ELMCK,17754,2637
MON_CAROP_23_3_A0_PMLD,,NO_CAROP_23_3_D,,M3/HR,0,INPREP_INC\KSTA\KSTA_MONITORS.INC,0,99,0,,,,CAROP,9439,1542
MON_CAROP_23_3_A0_PMLS,,NO_CAROP_23_3_S,,M3/HR,0,INPREP_INC\KSTA\KSTA_MONITORS.INC,0,103,0,,,,CAROP,9401,1934
MON_CAROP_39_7_A0_PMLD,,NO_CAROP_39_7_D,,M3/HR,0,INPREP_INC\KSTA\KSTA_MONITORS.INC,0,107,0,,,,CAROP,9670,850
MON_CAROP_39_7_A0_PMLS,,NO_CAROP_39_7_S,,M3/HR,0,INPREP_INC\KSTA\KSTA_MONITORS.INC,0,111,0,,,,CAROP,9270,850
MON_CAROP_A0_PD,,NO_CAROP_N2,,M3/HR,0,INPREP_INC\KSTA\LDS\CAROP.INC,0,15,0,,,,CAROP,9367,2604
MON_CAROP_A0_PMLD,,NO_CAROP_D,,M3/HR,0,INPREP_INC\KSTA\KSTA_MONITORS.INC,0,115,0,,,,CAROP,9178,2175
MON_CAROP_A0_PMLS,,NO_CAROP_S,,M3/HR,0,INPREP_INC\KSTA\KSTA_MONITORS.INC,0,119,0,,,,CHPLN,8954,2168
MON_CAROP_A0_PS,,NO_CAROP_N1,,M3/HR,0,INPREP_INC\KSTA\LDS\CAROP.INC,0,19,0,,,,CHPLN,8941,2596
MON_CHPLN_05_1_A0_PMLD,,NO_CHPLN_05_1_D,,M3/HR,0,INPREP_INC\KSTA\KSTA_MONITORS.INC,0,123,0,,,,CHPLN,8268,1470
MON_CHPLN_05_1_A0_PMLS,,NO_CHPLN_05_1_S,,M3/HR,0,INPREP_INC\KSTA\KSTA_MONITORS.INC,0,127,0,,,,CHPLN,8266,1846
MON_CHPLN_32_8_A0_PMLD,,NO_CHPLN_32_8_D,,M3/HR,0,INPREP_INC\KSTA\KSTA_MONITORS.INC,0,131,0,,,,CHPLN,8994,1113
MON_CHPLN_32_8_A0_PMLS,,NO_CHPLN_32_8_S,,M3/HR,0,INPREP_INC\KSTA\KSTA_MONITORS.INC,0,135,0,,,,CHPLN,8402,1101
MON_CHPLN_51_6_A0_PMLD,,NO_CHPLN_51_6_D,,M3/HR,0,INPREP_INC\KSTA\KSTA_MONITORS.INC,0,139,0,,,,CHPLN,8672,1872
MON_CHPLN_51_6_A0_PMLS,,NO_CHPLN_51_6_S,,M3/HR,0,INPREP_INC\KSTA\KSTA_MONITORS.INC,0,143,0,,,,CHPLN,8716,1390
MON_CHPLN_A0_PD,,NO_CHPLN_N2,,M3/HR,0,INPREP_INC\KSTA\LDS\CHPLN.INC,0,15,0,,,,CHPLN,8552,2623
MON_CHPLN_A0_PMLD,,NO_CHPLN_D,,M3/HR,0,INPREP_INC\KSTA\KSTA_MONITORS.INC,0,147,0,,,,CHPLN,8374,2166
MON_CHPLN_A0_PMLS,,NO_CHPLN_S,,M3/HR,0,INPREP_INC\KSTA\KSTA_MONITORS.INC,0,151,0,,,,HRBRT,8168,2186
MON_CHPLN_A0_PS,,NO_CHPLN_N1,,M3/HR,0,INPREP_INC\KSTA\LDS\CHPLN.INC,0,19,0,,,,HRBRT,8149,2614
MON_CNTRL_19_5_A0_PMLD,,NO_CNTRL_19_5_D,,M3/HR,0,INPREP_INC\KSTB\KSTB_MONITORS.INC,0,3,0,,,,CNTRL,34873,1429
MON_CNTRL_19_5_A0_PMLS,,NO_CNTRL_19_5_S,,M3/HR,0,INPREP_INC\KSTB\KSTB_MONITORS.INC,0,7,0,,,,CNTRL,34898,1894
MON_CNTRL_A0_PD,,NO_CNTRL_N2,,M3/HR,0,INPREP_INC\KSTB\LDS\CNTRL.INC,0,15,0,,,,CNTRL,35181,2589
MON_CNTRL_A0_PMLD,,NO_CNTRL_D,,M3/HR,0,INPREP_INC\KSTB\KSTB_MONITORS.INC,0,11,0,,,,CNTRL,34966,2158
MON_CNTRL_A0_PMLS,,NO_CNTRL_S,,M3/HR,0,INPREP_INC\KSTB\KSTB_MONITORS.INC,0,15,0,,,,SLBRY,34771,2171
MON_CNTRL_A0_PS,,NO_CNTRL_N1,,M3/HR,0,INPREP_INC\KSTB\LDS\CNTRL.INC,0,19,0,,,,SLBRY,34730,2599
MON_CORGN_01A_B0_PMLD,,NO_CORGN_01A_D,,M3/HR,0,INPREP_INC\KSTD\KSTD_MONITORS.INC,0,67,0,,,,CORGN,41347,4768
MON_CORGN_01A_B0_PMLS,,NO_CORGN_01A_S,,M3/HR,0,INPREP_INC\KSTD\KSTD_MONITORS.INC,0,71,0,,,,CORGN,41552,5195
MON_CORGN_01B_B0_PMLD,,NO_CORGN_01B_D,,M3/HR,0,INPREP_INC\KSTD\KSTD_MONITORS.INC,0,75,0,,,,CORGN,41529,5398
MON_CORGN_01B_B0_PMLS,,NO_CORGN_01B_S,,M3/HR,0,INPREP_INC\KSTD\KSTD_MONITORS.INC,0,79,0,,,,CORGN,41555,5684
MON_CORGN_02A_B0_PMLD,,NO_CORGN_02A_D,,M3/HR,0,INPREP_INC\KSTD\KSTD_MONITORS.INC,0,83,0,,,,CORGN,41929,5094
MON_CORGN_02A_B0_PMLS,,NO_CORGN_02A_S,,M3/HR,0,INPREP_INC\KSTD\KSTD_MONITORS.INC,0,87,0,,,,CORGN,41816,4771
MON_CORGN_03A_B0_PMLD,,NO_CORGN_03A_D,,M3/HR,0,INPREP_INC\KSTD\KSTD_MONITORS.INC,0,91,0,,,,CORGN,41922,5729
MON_CORGN_03A_B0_PMLS,,NO_CORGN_03A_S,,M3/HR,0,INPREP_INC\KSTD\KSTD_MONITORS.INC,0,95,0,,,,CORGN,41941,5400
MON_CORGN_B0_PD,,NO_CORGN_N2,,M3/HR,0,INPREP_INC\KSTD\LDS\CORGN.INC,0,15,0,,,,CORGN,41483,6373
MON_CORGN_B0_PMLD,,NO_CORGN_D,,M3/HR,0,INPREP_INC\KSTD\KSTD_MONITORS.INC,0,99,0,,,,CORGN,41308,5946
MON_CORGN_B0_PMLS,,NO_CORGN_S,,M3/HR,0,INPREP_INC\KSTD\KSTD_MONITORS.INC,0,103,0,,,,LUFKN,41060,5958
MON_CORGN_B0_PS,,NO_CORGN_N1,,M3/HR,0,INPREP_INC\KSTD\LDS\CORGN.INC,0,19,0,,,,LUFKN,41076,6351
MON_CRMWL_01A_B0_PMLD,,NO_CRMWL_01A_D,,M3/HR,0,INPREP_INC\KSTD\KSTD_MONITORS.INC,0,107,0,,,,CRMWL,35967,5413
MON_CRMWL_01A_B0_PMLS,,NO_CRMWL_01A_S,,M3/HR,0,INPREP_INC\KSTD\KSTD_MONITORS.INC,0,111,0,,,,CRMWL,35976,5661
MON_CRMWL_02A_B0_PMLD,,NO_CRMWL_02A_D,,M3/HR,0,INPREP_INC\KSTD\KSTD_MONITORS.INC,0,115,0,,,,CRMWL,36268,4951
MON_CRMWL_02A_B0_PMLS,,NO_CRMWL_02A_S,,M3/HR,0,INPREP_INC\KSTD\KSTD_MONITORS.INC,0,119,0,,,,CRMWL,35755,4942
MON_CRMWL_03A_B0_PMLD,,NO_CRMWL_03A_D,,M3/HR,0,INPREP_INC\KSTD\KSTD_MONITORS.INC,0,123,0,,,,CRMWL,36376,5730
MON_CRMWL_03A_B0_PMLS,,NO_CRMWL_03A_CKV_D,,M3/HR,0,INPREP_INC\KSTD\KSTD_MONITORS.INC,0,127,0,,,,CRMWL,36382,5427
MON_CRMWL_B0_PD,,NO_CRMWL_N2,,M3/HR,0,INPREP_INC\KSTD\LDS\CRMWL.INC,0,19,0,,,,CRMWL,35877,6351
MON_CRMWL_B0_PMLD,,NO_CRMWL_D,,M3/HR,0,INPREP_INC\KSTD\KSTD_MONITORS.INC,0,131,0,,,,CRMWL,35712,5944
MON_CRMWL_B0_PMLS,,NO_CRMWL_S,,M3/HR,0,INPREP_INC\KSTD\KSTD_MONITORS.INC,0,135,0,,,,CSHSP,35451,5948
MON_CRMWL_B0_PS,,NO_CRMWL_N1,,M3/HR,0,INPREP_INC\KSTD\LDS\CRMWL.INC,0,23,0,,,,CSHSP,35464,6379
MON_CRNDL_26_4_A0_PMLD,,NO_CRNDL_26_4_D,,M3/HR,0,INPREP_INC\KSTA\KSTA_MONITORS.INC,0,155,0,,,,CRNDL,14865,543
MON_CRNDL_26_4_A0_PMLS,,NO_CRNDL_26_4_S,,M3/HR,0,INPREP_INC\KSTA\KSTA_MONITORS.INC,0,159,0,,,,CRNDL,14686,879
MON_CRNDL_39_7_A0_PMLD,,NO_CRNDL_39_7_D,,M3/HR,0,INPREP_INC\KSTA\KSTA_MONITORS.INC,0,163,0,,,,CRNDL,15464,943
MON_CRNDL_39_7_A0_PMLS,,NO_CRNDL_39_7_S,,M3/HR,0,INPREP_INC\KSTA\KSTA_MONITORS.INC,0,167,0,,,,CRNDL,15291,546
MON_CRNDL_A0_PD,,NO_CRNDL_N2,,M3/HR,0,INPREP_INC\KSTA\LDS\CRNDL.INC,0,15,0,,,,CRNDL,14991,2635
MON_CRNDL_A0_PMLD,,NO_CRNDL_D,,M3/HR,0,INPREP_INC\KSTA\KSTA_MONITORS.INC,0,171,0,,,,CRNDL,14784,2173
MON_CRNDL_A0_PMLS,,NO_CRNDL_S,,M3/HR,0,INPREP_INC\KSTA\KSTA_MONITORS.INC,0,175,0,,,,MOSMI,14561,2182
MON_CRNDL_A0_PS,,NO_CRNDL_N1,,M3/HR,0,INPREP_INC\KSTA\LDS\CRNDL.INC,0,19,0,,,,MOSMI,14550,2603
MON_CRPTR_15_7_A0_PMLD,,NO_CRPTR_15_7_D,,M3/HR,0,INPREP_INC\KSTA\KSTA_MONITORS.INC,0,179,0,,,,CRPTR,24564,1486
MON_CRPTR_15_7_A0_PMLS,,NO_CRPTR_15_7_S,,M3/HR,0,INPREP_INC\KSTA\KSTA_MONITORS.INC,0,183,0,,,,CRPTR,24484,1937
MON_CRPTR_44_2_A0_PMLD,,NO_CRPTR_44_2_D,,M3/HR,0,INPREP_INC\KSTA\KSTA_MONITORS.INC,0,187,0,,,,CRPTR,25244,1758
MON_CRPTR_44_2_A0_PMLS,,NO_CRPTR_44_2_S,,M3/HR,0,INPREP_INC\KSTA\KSTA_MONITORS.INC,0,191,0,,,,CRPTR,25072,1446
MON_CRPTR_A0_PD,,NO_CRPTR_N2,,M3/HR,0,INPREP_INC\KSTA\LDS\CRPTR.INC,0,15,0,,,,CRPTR,24761,2633
MON_CRPTR_A0_PMLD,,NO_CRPTR_D,,M3/HR,0,INPREP_INC\KSTA\KSTA_MONITORS.INC,0,195,0,,,,CRPTR,24594,2183
MON_CRPTR_A0_PMLS,,NO_CRPTR_S,,M3/HR,0,INPREP_INC\KSTA\KSTA_MONITORS.INC,0,199,0,,,,FERNY,24350,2170
MON_CRPTR_A0_PS,,NO_CRPTR_N1,,M3/HR,0,INPREP_INC\KSTA\LDS\CRPTR.INC,0,19,0,,,,FERNY,24335,2620
MON_CSHNG_B0_PHOLDA,,NO_CSHNG_N1,,M3/HR,0,INPREP_INC\KSTC\KSTC_MONITORS.INC,0,11,0,,,,PNCCP,33865,5998
MON_CSHNG_B0_PHOLDB,,NO_CSHNG_DEL,,M3/HR,0,INPREP_INC\KSTC\KSTC_MONITORS.INC,0,15,0,,,,CSHNG,34264,6012
MON_CSHSP_01A_B0_PMLD,,NO_CSHSP_01A_D,,M3/HR,0,INPREP_INC\KSTD\KSTD_MONITORS.INC,0,139,0,,,,CSHSP,34763,4851
MON_CSHSP_01A_B0_PMLS,,NO_CSHSP_01A_S,,M3/HR,0,INPREP_INC\KSTD\KSTD_MONITORS.INC,0,143,0,,,,CSHSP,34756,5134
MON_CSHSP_01B_B0_PMLD,,NO_CSHSP_01B_D,,M3/HR,0,INPREP_INC\KSTD\KSTD_MONITORS.INC,0,147,0,,,,CSHSP,35189,5431
MON_CSHSP_01B_B0_PMLS,,NO_CSHSP_01B_S,,M3/HR,0,INPREP_INC\KSTD\KSTD_MONITORS.INC,0,151,0,,,,CSHSP,34769,5666
MON_CSHSP_02A_B0_PMLD,,NO_CSHSP_02A_D,,M3/HR,0,INPREP_INC\KSTD\KSTD_MONITORS.INC,0,155,0,,,,CSHSP,35416,4261
MON_CSHSP_02A_B0_PMLS,,NO_CSHSP_02A_CKV_D,,M3/HR,0,INPREP_INC\KSTD\KSTD_MONITORS.INC,0,159,0,,,,CSHSP,34946,4261
MON_CSHSP_03A_B0_PMLD,,NO_CSHSP_03A_D,,M3/HR,0,INPREP_INC\KSTD\KSTD_MONITORS.INC,0,163,0,,,,CSHSP,35517,4935
MON_CSHSP_03A_B0_PMLS,,NO_CSHSP_03A_S,,M3/HR,0,INPREP_INC\KSTD\KSTD_MONITORS.INC,0,167,0,,,,CSHSP,35553,4656
MON_CSHSP_04A_B0_PMLD,,NO_CSHSP_04A_D,,M3/HR,0,INPREP_INC\KSTD\KSTD_MONITORS.INC,0,171,0,,,,CSHSP,35585,5730
MON_CSHSP_04A_B0_PMLS,,NO_CSHSP_04A_CKV_D,,M3/HR,0,INPREP_INC\KSTD\KSTD_MONITORS.INC,0,175,0,,,,CSHSP,35567,5399
MON_CSHSP_B0_PD,,NO_CSHSP_N3,,M3/HR,0,INPREP_INC\KSTD\LDS\CSHSP.INC,0,22,0,,,,CSHSP,35083,6386
MON_CSHSP_B0_PMLD,,NO_CSHSP_D1,,M3/HR,0,INPREP_INC\KSTD\KSTD_MONITORS.INC,0,179,0,,,,CSHSP,34788,5889
MON_CSHSP_B0_PMLS,,NO_CSHNG_S,,M3/HR,0,INPREP_INC\KSTD\KSTD_MONITORS.INC,0,183,0,,,,PNCCP,33782,5852
MON_CSHSP_B0_PS,,NO_CSHSP_N2,,M3/HR,0,INPREP_INC\KSTD\LDS\CSHSP.INC,0,26,0,,,,PNCCP,34585,6374
MON_CSHSP_B0_PSCSHTT,,NO_CSHTT_REC,,M3/HR,0,INPREP_INC\KSTD\KSTD_MONITORS.INC,0,187,0,,,,CSHTT,33782,6827
MON_CTGOD_B0_PHOLDA,,NO_CTGOD_D,,M3/HR,0,INPREP_INC\KSTD\KSTD_MONITORS.INC,0,191,0,,,,CTGOI,42359,4326
MON_CTGOD_B0_PHOLDB,,NO_CITGO_DEL,,M3/HR,0,INPREP_INC\KSTD\KSTD_MONITORS.INC,0,195,0,,,,CTGOI,42354,4222
MON_CTGOD_B0_PMLS,,NO_CITGO_D,,M3/HR,0,INPREP_INC\KSTD\KSTD_MONITORS.INC,0,199,0,,,,CTGOI,42048,4417
MON_CTGOI_B0_PMLD,,NO_CTGOI_D,,M3/HR,0,INPREP_INC\KSTD\KSTD_MONITORS.INC,0,203,0,,,,CTGOI,42332,4868
MON_CTGOI_B0_PMLS,,NO_CTGOI_S,,M3/HR,0,INPREP_INC\KSTD\KSTD_MONITORS.INC,0,207,0,,,,LIBR0,42043,5218
MON_DELTA_01A_B0_PMLD,,NO_DELTA_01A_D,,M3/HR,0,INPREP_INC\KSTD\KSTD_MONITORS.INC,0,211,0,,,,DELTA,38351,5372
MON_DELTA_01A_B0_PMLS,,NO_DELTA_01A_S,,M3/HR,0,INPREP_INC\KSTD\KSTD_MONITORS.INC,0,215,0,,,,DELTA,38369,5719
MON_DELTA_02A_B0_PMLD,,NO_DELTA_02A_D,,M3/HR,0,INPREP_INC\KSTD\KSTD_MONITORS.INC,0,219,0,,,,DELTA,38138,4340
MON_DELTA_02A_B0_PMLS,,NO_DELTA_02A_CKV_D,,M3/HR,0,INPREP_INC\KSTD\KSTD_MONITORS.INC,0,223,0,,,,DELTA,38357,4809
MON_DELTA_03A_B0_PMLD,,NO_DELTA_03A_D,,M3/HR,0,INPREP_INC\KSTD\KSTD_MONITORS.INC,0,227,0,,,,DELTA,38720,4709
MON_DELTA_03A_B0_PMLS,,NO_DELTA_03A_S,,M3/HR,0,INPREP_INC\KSTD\KSTD_MONITORS.INC,0,231,0,,,,DELTA,38700,4386
MON_DELTA_04A_B0_PMLD,,NO_DELTA_04A_D,,M3/HR,0,INPREP_INC\KSTD\KSTD_MONITORS.INC,0,235,0,,,,DELTA,38812,5201
MON_DELTA_04A_B0_PMLS,,NO_DELTA_04A_S,,M3/HR,0,INPREP_INC\KSTD\KSTD_MONITORS.INC,0,239,0,,,,DELTA,38788,4934
MON_DELTA_B0_PD,,NO_DELTA_N2,,M3/HR,0,INPREP_INC\KSTD\LDS\DELTA.INC,0,19,0,,,,DELTA,38283,6358
MON_DELTA_B0_PMLD,,NO_DELTA_D,,M3/HR,0,INPREP_INC\KSTD\KSTD_MONITORS.INC,0,243,0,,,,DELTA,38108,5955
MON_DELTA_B0_PMLS,,NO_DELTA_S,,M3/HR,0,INPREP_INC\KSTD\KSTD_MONITORS.INC,0,247,0,,,,BRYAN,37854,5957
MON_DELTA_B0_PS,,NO_DELTA_N1,,M3/HR,0,INPREP_INC\KSTD\LDS\DELTA.INC,0,23,0,,,,BRYAN,37844,6347
MON_DVDCT_21_5_A0_PMLD,,NO_DVDCT_21_5_D,,M3/HR,0,INPREP_INC\KSTA\KSTA_MONITORS.INC,0,203,0,,,,DVDCT,28879,1673
MON_DVDCT_21_5_A0_PMLS,,NO_DVDCT_21_5_S,,M3/HR,0,INPREP_INC\KSTA\KSTA_MONITORS.INC,0,215,0,,,,DVDCT,28863,1874
MON_DVDCT_25_6_A0_PMLD,,NO_DVDCT_25_6_D,,M3/HR,0,INPREP_INC\KSTA\KSTA_MONITORS.INC,0,207,0,,,,DVDCT,28462,787
MON_DVDCT_25_6_A0_PMLS,,NO_DVDCT_25_6_S,,M3/HR,0,INPREP_INC\KSTA\KSTA_MONITORS.INC,0,211,0,,,,DVDCT,28485,1201
MON_DVDCT_36_8_A0_PMLD,,NO_DVDCT_36_8_D,,M3/HR,0,INPREP_INC\KSTA\KSTA_MONITORS.INC,0,223,0,,,,DVDCT,29232,1051
MON_DVDCT_36_8_A0_PMLS,,NO_DVDCT_36_8_S,,M3/HR,0,INPREP_INC\KSTA\KSTA_MONITORS.INC,0,239,0,,,,DVDCT,29103,626
MON_DVDCT_39_2_A0_PMLD,,NO_DVDCT_39_2_D,,M3/HR,0,INPREP_INC\KSTA\KSTA_MONITORS.INC,0,227,0,,,,DVDCT,29342,1269
MON_DVDCT_39_2_A0_PMLS,,NO_DVDCT_39_2_S,,M3/HR,0,INPREP_INC\KSTA\KSTA_MONITORS.INC,0,231,0,,,,DVDCT,28851,1179
MON_DVDCT_A0_PD,,NO_DVDCT_N2,,M3/HR,0,INPREP_INC\KSTA\LDS\DVDCT.INC,0,15,0,,,,DVDCT,28780,2641
MON_DVDCT_A0_PMLD,,NO_DVDCT_D,,M3/HR,0,INPREP_INC\KSTA\KSTA_MONITORS.INC,0,247,0,,,,DVDCT,28587,2174
MON_DVDCT_A0_PMLS,,NO_DVDCT_S,,M3/HR,0,INPREP_INC\KSTA\KSTA_MONITORS.INC,0,255,0,,,,STNTO,28362,2171
MON_DVDCT_A0_PS,,NO_DVDCT_N1,,M3/HR,0,INPREP_INC\KSTA\LDS\DVDCT.INC,0,19,0,,,,STNTO,28341,2620
MON_EDNBG_A0_PD,,NO_EDNBG_N2,,M3/HR,0,INPREP_INC\KSTA\LDS\EDNBG.INC,0,15,0,,,,EDNBG,20003,2636
MON_EDNBG_A0_PMLD,,NO_EDNBG_D,,M3/HR,0,INPREP_INC\KSTA\KSTA_MONITORS.INC,0,27,0,,,,EDNBG,19762,2167
MON_EDNBG_A0_PMLS,,NO_EDNBG_S,,M3/HR,0,INPREP_INC\KSTA\KSTA_MONITORS.INC,0,35,0,,,,HSKTT,19572,2174
MON_EDNBG_A0_PS,,NO_EDNBG_N1,,M3/HR,0,INPREP_INC\KSTA\LDS\EDNBG.INC,0,19,0,,,,HSKTT,19548,2582
MON_ELMCK_A0_PD_VIRT,,NO_ELMCK_VIRT_D,,M3/HR,0,INPREP_INC\KSTA\KSTA_MONITORS.INC,0,267,0,,,,PRTLP,17828,1581
MON_ELMCK_A0_PMLD,,NO_ELMCK_D,,M3/HR,0,INPREP_INC\KSTA\KSTA_MONITORS.INC,0,271,0,,,,PRTLP,17826,1783
MON_ELMCK_A0_PMLS,,NO_ELMCK_S,,M3/HR,0,INPREP_INC\KSTA\KSTA_MONITORS.INC,0,275,0,,,,PRTLP,17820,1281
MON_ELMCK_A0_PS_VIRT,,NO_ELMCK_VIRT_S,,M3/HR,0,INPREP_INC\KSTA\KSTA_MONITORS.INC,0,279,0,,,,PRTLP,17830,1456
MON_FERNY_14_3_A0_PMLD,,NO_FERNY_14_3_D,,M3/HR,0,INPREP_INC\KSTA\KSTA_MONITORS.INC,0,287,0,,,,FERNY,23685,1575
MON_FERNY_14_3_A0_PMLS,,NO_FERNY_14_3_S,,M3/HR,0,INPREP_INC\KSTA\KSTA_MONITORS.INC,0,291,0,,,,FERNY,23694,1880
MON_FERNY_30_8_A0_PMLD,,NO_FERNY_30_8_D,,M3/HR,0,INPREP_INC\KSTA\KSTA_MONITORS.INC,0,295,0,,,,FERNY,23740,922
MON_FERNY_30_8_A0_PMLS,,NO_FERNY_30_8_S,,M3/HR,0,INPREP_INC\KSTA\KSTA_MONITORS.INC,0,299,0,,,,FERNY,24001,1323
MON_FERNY_A0_PD,,NO_FERNY_N2,,M3/HR,0,INPREP_INC\KSTA\LDS\FERNY.INC,0,15,0,,,,FERNY,23977,2640
MON_FERNY_A0_PMLD,,NO_FERNY_D,,M3/HR,0,INPREP_INC\KSTA\KSTA_MONITORS.INC,0,303,0,,,,FERNY,23765,2192
MON_FERNY_A0_PMLS,,NO_FERNY_S,,M3/HR,0,INPREP_INC\KSTA\KSTA_MONITORS.INC,0,307,0,,,,LUDDE,23557,2194
MON_FERNY_A0_PS,,NO_FERNY_N1,,M3/HR,0,INPREP_INC\KSTA\LDS\FERNY.INC,0,19,0,,,,LUDDN,23546,2611
MON_FREMA_12_1_A0_PMLD,,NO_FREMA_12_1_D,,M3/HR,0,INPREP_INC\KSTA\KSTA_MONITORS.INC,0,311,0,,,,FREMA,26443,1718
MON_FREMA_12_1_A0_PMLS,,NO_FREMA_12_1_S,,M3/HR,0,INPREP_INC\KSTA\KSTA_MONITORS.INC,0,315,0,,,,FREMA,26416,1933
MON_FREMA_25_7_A0_PMLD,,NO_FREMA_25_7_D,,M3/HR,0,INPREP_INC\KSTA\KSTA_MONITORS.INC,0,319,0,,,,FREMA,26199,915
MON_FREMA_25_7_A0_PMLS,,NO_FREMA_25_7_S,,M3/HR,0,INPREP_INC\KSTA\KSTA_MONITORS.INC,0,331,0,,,,FREMA,26097,1322
MON_FREMA_30_8_A0_PMLD,,NO_FREMA_30_8_D,,M3/HR,0,INPREP_INC\KSTA\KSTA_MONITORS.INC,0,323,0,,,,FREMA,26792,900
MON_FREMA_30_8_A0_PMLS,,NO_FREMA_30_8_S,,M3/HR,0,INPREP_INC\KSTA\KSTA_MONITORS.INC,0,327,0,,,,FREMA,26342,800
MON_FREMA_A0_PD,,NO_FREMA_N2,,M3/HR,0,INPREP_INC\KSTA\LDS\FREMA.INC,0,15,0,,,,FREMA,26402,2647
MON_FREMA_A0_PMLD,,NO_FREMA_D,,M3/HR,0,INPREP_INC\KSTA\KSTA_MONITORS.INC,0,335,0,,,,FREMA,26187,2158
MON_FREMA_A0_PMLS,,NO_FREMA_S,,M3/HR,0,INPREP_INC\KSTA\KSTA_MONITORS.INC,0,339,0,,,,ROSWL,25950,2148
MON_FREMA_A0_PS,,NO_FREMA_N1,,M3/HR,0,INPREP_INC\KSTA\LDS\FREMA.INC,0,19,0,,,,ROSWL,25946,2627
MON_FTRSM_09_5_A0_PMLD,,NO_FTRSM_09_5_D,,M3/HR,0,INPREP_INC\KSTA\KSTA_MONITORS.INC,0,343,0,,,,FTRSM,22114,1367
MON_FTRSM_09_5_A0_PMLS,,NO_FTRSM_09_5_S,,M3/HR,0,INPREP_INC\KSTA\KSTA_MONITORS.INC,0,347,0,,,,FTRSM,22075,1759
MON_FTRSM_31_7_A0_PMLD,,NO_FTRSM_31_7_D,,M3/HR,0,INPREP_INC\KSTA\KSTA_MONITORS.INC,0,351,0,,,,FTRSM,22472,1889
MON_FTRSM_31_7_A0_PMLS,,NO_FTRSM_31_7_S,,M3/HR,0,INPREP_INC\KSTA\KSTA_MONITORS.INC,0,355,0,,,,FTRSM,22824,1549
MON_FTRSM_A0_PD,,NO_FTRSM_N2,,M3/HR,0,INPREP_INC\KSTA\LDS\FTRSM.INC,0,15,0,,,,FTRSM,22364,2622
MON_FTRSM_A0_PMLD,,NO_FTRSM_D,,M3/HR,0,INPREP_INC\KSTA\KSTA_MONITORS.INC,0,359,0,,,,FTRSM,22169,2180
MON_FTRSM_A0_PMLS,,NO_FTRSM_S,,M3/HR,0,INPREP_INC\KSTA\KSTA_MONITORS.INC,0,363,0,,,,LUVER,21952,2184
MON_FTRSM_A0_PS,,NO_FTRSM_N1,,M3/HR,0,INPREP_INC\KSTA\LDS\FTRSM.INC,0,19,0,,,,LUVER,21947,2626
MON_GRNFL_26_2_A0_PMLD,,NO_GRNFL_26_2_D,,M3/HR,0,INPREP_INC\KSTA\KSTA_MONITORS.INC,0,367,0,,,,GRNFL,12328,1337
MON_GRNFL_26_2_A0_PMLS,,NO_GRNFL_26_2_S,,M3/HR,0,INPREP_INC\KSTA\KSTA_MONITORS.INC,0,371,0,,,,GRNFL,12303,1730
MON_GRNFL_A0_PD,,NO_GRNFL_N2,,M3/HR,0,INPREP_INC\KSTA\LDS\GRNFL.INC,0,15,0,,,,GRNFL,12596,2631
MON_GRNFL_A0_PMLD,,NO_GRNFL_D,,M3/HR,0,INPREP_INC\KSTA\KSTA_MONITORS.INC,0,375,0,,,,GRNFL,12382,2172
MON_GRNFL_A0_PMLS,,NO_GRNFL_S,,M3/HR,0,INPREP_INC\KSTA\KSTA_MONITORS.INC,0,379,0,,,,KENDL,12161,2180
MON_GRNFL_A0_PS,,NO_GRNFL_N1,,M3/HR,0,INPREP_INC\KSTA\LDS\GRNFL.INC,0,19,0,,,,KENDL,12151,2612
MON_HOPEP_01A_B0_PMLD,,NO_HOPEP_01A_D,,M3/HR,0,INPREP_INC\KSTC\KSTC_MONITORS.INC,0,19,0,,,,HOPEP,31428,5141
MON_HOPEP_01A_B0_PMLS,,NO_HOPEP_01A_S,,M3/HR,0,INPREP_INC\KSTC\KSTC_MONITORS.INC,0,23,0,,,,HOPEP,31417,5595
MON_HOPEP_B0_PD,,NO_HOPEP_N2,,M3/HR,0,INPREP_INC\KSTC\LDS\HOPEP.INC,0,15,0,,,,HOPEP,31743,6409
MON_HOPEP_B0_PMLD,,NO_HOPEP_D,,M3/HR,0,INPREP_INC\KSTC\KSTC_MONITORS.INC,0,27,0,,,,HOPEP,31525,5893
MON_HOPEP_B0_PMLS,,NO_HOPEP_S,,M3/HR,0,INPREP_INC\KSTC\KSTC_MONITORS.INC,0,31,0,,,,STLCB,31327,5917
MON_HOPEP_B0_PS,,NO_HOPEP_N1,,M3/HR,0,INPREP_INC\KSTC\LDS\HOPEP.INC,0,19,0,,,,STLCB,31315,6389
MON_HRBRT_25_9_A0_PMLD,,NO_HRBRT_25_9_D,,M3/HR,0,INPREP_INC\KSTA\KSTA_MONITORS.INC,0,383,0,,,,HRBRT,8070,1600
MON_HRBRT_25_9_A0_PMLS,,NO_HRBRT_25_9_S,,M3/HR,0,INPREP_INC\KSTA\KSTA_MONITORS.INC,0,387,0,,,,HRBRT,7670,1600
MON_HRBRT_A0_PD,,NO_HRBRT_N2,,M3/HR,0,INPREP_INC\KSTA\LDS\HRBRT.INC,0,15,0,,,,HRBRT,7788,2622
MON_HRBRT_A0_PMLD,,NO_HRBRT_D,,M3/HR,0,INPREP_INC\KSTA\KSTA_MONITORS.INC,0,391,0,,,,HRBRT,7589,2174
MON_HRBRT_A0_PMLS,,NO_HRBRT_S,,M3/HR,0,INPREP_INC\KSTA\KSTA_MONITORS.INC,0,395,0,,,,STWTV,7378,2179
MON_HRBRT_A0_PS,,NO_HRBRT_N1,,M3/HR,0,INPREP_INC\KSTA\LDS\HRBRT.INC,0,19,0,,,,STWTV,7346,2584
MON_HRDSY_32_1_A0_PMLD,,NO_HRDSY_32_1_D,,M3/HR,0,INPREP_INC\KSTA\KSTA_MONITORS.INC,0,399,0,,,,HRDSY,1650,1670
MON_HRDSY_32_1_A0_PMLS,,NO_HRDSY_32_1_S,,M3/HR,0,INPREP_INC\KSTA\KSTA_MONITORS.INC,0,403,0,,,,HRDSY,1110,1670
MON_HRDSY_A0_PD,,NO_HRDSY_S,,M3/HR,0,INPREP_INC\KSTA\KSTA_MONITORS.INC,0,407,0,,,,HRDSY,617,2115
MON_HRDSY_A0_PMLD,,NO_HRDSY_D,,M3/HR,0,INPREP_INC\KSTA\KSTA_MONITORS.INC,0,411,0,,,,HRDSY,1110,2250
MON_HRTDD_A0_PHOLDA,,NO_HRTDD_S,,M3/HR,0,INPREP_INC\KSTB\KSTB_MONITORS.INC,0,19,0,,,,HRTDD,37581,1985
MON_HRTDD_A0_PHOLDB,,NO_HRTDD_DEL,,M3/HR,0,INPREP_INC\KSTB\KSTB_MONITORS.INC,0,23,0,,,,HRTDD,37369,1759
MON_HRTFD_22_0_A0_PMLD,,NO_HRTFD_22_0_D,,M3/HR,0,INPREP_INC\KSTB\KSTB_MONITORS.INC,0,27,0,,,,HRTFD,38265,1924
MON_HRTFD_22_0_A0_PMLS,,NO_HRTFD_22_0_S,,M3/HR,0,INPREP_INC\KSTB\KSTB_MONITORS.INC,0,31,0,,,,HRTFD,38111,1557
MON_HRTFD_A0_PD,,NO_HRTFD_N2,,M3/HR,0,INPREP_INC\KSTB\LDS\HRTFD.INC,0,19,0,,,,HRTFD,37596,2656
MON_HRTFD_A0_PMLD,,NO_HRTFD_D,,M3/HR,0,INPREP_INC\KSTB\KSTB_MONITORS.INC,0,35,0,,,,HRTFD,37370,2329
MON_HRTFD_A0_PMLDB,,NO_HRTDD_MOV0212_D,,M3/HR,0,INPREP_INC\KSTB\KSTB_MONITORS.INC,0,39,0,,,,HRTFD,37657,1571
MON_HRTFD_A0_PMLDI,,NO_HRTDD_MOV0211_D,,M3/HR,0,INPREP_INC\KSTB\KSTB_MONITORS.INC,0,43,0,,,,HRTFD,37625,2158
MON_HRTFD_A0_PMLS,,NO_HRTFD_S,,M3/HR,0,INPREP_INC\KSTB\KSTB_MONITORS.INC,0,47,0,,,,SNTPL,37152,2180
MON_HRTFD_A0_PS,,NO_HRTFD_N1,,M3/HR,0,INPREP_INC\KSTB\LDS\HRTFD.INC,0,23,0,,,,SNTPL,37125,2646
MON_HRTGT_25_2_A0_PMLD,,NO_HRTGT_25_2_D,,M3/HR,0,INPREP_INC\KSTA\KSTA_MONITORS.INC,0,415,0,,,,HRTGT,27050,1470
MON_HRTGT_25_2_A0_PMLS,,NO_HRTGT_25_2_S,,M3/HR,0,INPREP_INC\KSTA\KSTA_MONITORS.INC,0,419,0,,,,HRTGT,26941,1900
MON_HRTGT_48_6_A0_PMLD,,NO_HRTGT_48_6_D,,M3/HR,0,INPREP_INC\KSTA\KSTA_MONITORS.INC,0,423,0,,,,HRTGT,27642,1825
MON_HRTGT_48_6_A0_PMLS,,NO_HRTGT_48_6_S,,M3/HR,0,INPREP_INC\KSTA\KSTA_MONITORS.INC,0,427,0,,,,HRTGT,27526,1470
MON_HRTGT_A0_PD,,NO_HRTGT_N2,,M3/HR,0,INPREP_INC\KSTA\LDS\HRTGT.INC,0,15,0,,,,HRTGT,27182,2631
MON_HRTGT_A0_PMLD,,NO_HRTGT_D,,M3/HR,0,INPREP_INC\KSTA\KSTA_MONITORS.INC,0,431,0,,,,HRTGT,26972,2155
MON_HRTGT_A0_PMLS,,NO_HRTGT_S,,M3/HR,0,INPREP_INC\KSTA\KSTA_MONITORS.INC,0,435,0,,,,FREMA,26749,2160
MON_HRTGT_A0_PS,,NO_HRTGT_N1,,M3/HR,0,INPREP_INC\KSTA\LDS\HRTGT.INC,0,19,0,,,,FREMA,26751,2619
MON_HSKTT_A0_PD,,NO_HSKTT_N2,,M3/HR,0,INPREP_INC\KSTA\LDS\HSKTT.INC,0,15,0,,,,HSKTT,19165,2637
MON_HSKTT_A0_PMLD,,NO_HSKTT_D,,M3/HR,0,INPREP_INC\KSTA\KSTA_MONITORS.INC,0,439,0,,,,HSKTT,18965,2172
MON_HSKTT_A0_PMLS,,NO_HSKTT_S,,M3/HR,0,INPREP_INC\KSTA\KSTA_MONITORS.INC,0,443,0,,,,CARMA,18763,2171
MON_HSKTT_A0_PS,,NO_HSKTT_N1,,M3/HR,0,INPREP_INC\KSTA\LDS\HSKTT.INC,0,19,0,,,,CARMA,18746,2588
MON_HSTNL_01A_B0_PMLD,,NO_HSTNL_01A_D,,M3/HR,0,INPREP_INC\KSTD\KSTD_MONITORS.INC,0,251,0,,,,HSTNL,42773,6850
MON_HSTNL_01A_B0_PMLS,,NO_HSTNL_01A_S,,M3/HR,0,INPREP_INC\KSTD\KSTD_MONITORS.INC,0,255,0,,,,HSTNL,42760,6567
MON_HSTNL_02A_B0_PMLD,,NO_HSTNL_02A_D,,M3/HR,0,INPREP_INC\KSTD\KSTD_MONITORS.INC,0,259,0,,,,HSTNL,42799,7513
MON_HSTNL_02A_B0_PMLS,,NO_HSTNL_02A_S,,M3/HR,0,INPREP_INC\KSTD\KSTD_MONITORS.INC,0,263,0,,,,HSTNL,42763,7133
MON_HSTNL_03A_B0_PMLD,,NO_HSTNL_03A_D,,M3/HR,0,INPREP_INC\KSTD\KSTD_MONITORS.INC,0,267,0,,,,HSTNL,43142,7924
MON_HSTNL_03A_B0_PMLS,,NO_HSTNL_03A_CKV_D,,M3/HR,0,INPREP_INC\KSTD\KSTD_MONITORS.INC,0,271,0,,,,HSTNL,42367,7811
MON_HSTNL_04A_B0_PMLD,,NO_HSTNL_04A_D,,M3/HR,0,INPREP_INC\KSTD\KSTD_MONITORS.INC,0,275,0,,,,HSTNL,43170,7290
MON_HSTNL_04A_B0_PMLS,,NO_HSTNL_04A_S,,M3/HR,0,INPREP_INC\KSTD\KSTD_MONITORS.INC,0,279,0,,,,HSTNL,43201,7703
MON_HSTNL_05A_B0_PMLD,,NO_HSTNL_05A_D,,M3/HR,0,INPREP_INC\KSTD\KSTD_MONITORS.INC,0,283,0,,,,HSTNL,43165,6692
MON_HSTNL_05A_B0_PMLS,,NO_HSTNL_05A_S,,M3/HR,0,INPREP_INC\KSTD\KSTD_MONITORS.INC,0,287,0,,,,HSTNL,43164,7029
MON_HSTNL_06A_B0_PMLD,,NO_HSTNL_06A_D,,M3/HR,0,INPREP_INC\KSTD\KSTD_MONITORS.INC,0,291,0,,,,HSTNL,43275,5953
MON_HSTNL_06A_B0_PMLS,,NO_HSTNL_06A_CKV_D,,M3/HR,0,INPREP_INC\KSTD\KSTD_MONITORS.INC,0,295,0,,,,HSTNL,42950,5966
MON_HSTNL_B0_PDA,,NO_HSTNL_N1,,M3/HR,0,INPREP_INC\KSTD\KSTD_MONITORS.INC,0,3,0,,,,HSTNL,42583,5978
MON_HSTNL_B0_PDB,,NO_HSTNL_D,,M3/HR,0,INPREP_INC\KSTD\KSTD_MONITORS.INC,0,7,0,,,,HSTNL,42465,6408
MON_HSTNT_B0_PHOLDA,,NO_HSTNT_N1,,M3/HR,0,INPREP_INC\KSTD\KSTD_MONITORS.INC,0,299,0,,,,HSTNL,44115,5998
MON_HSTNT_B0_PHOLDB,,NO_HSTNT_DEL,,M3/HR,0,INPREP_INC\KSTD\KSTD_MONITORS.INC,0,303,0,,,,HSTNL,44437,5997
MON_HSTNT_B0_PMLS,,NO_HSTNT,,M3/HR,0,INPREP_INC\KSTD\KSTD_MONITORS.INC,0,307,0,,,,HSTNL,43695,5988
MON_KENDL_08_2_A0_PMLD,,NO_KENDL_08_2_D,,M3/HR,0,INPREP_INC\KSTA\KSTA_MONITORS.INC,0,447,0,,,,KENDL,11862,1489
MON_KENDL_08_2_A0_PMLS,,NO_KENDL_08_2_S,,M3/HR,0,INPREP_INC\KSTA\KSTA_MONITORS.INC,0,451,0,,,,KENDL,11851,1730
MON_KENDL_32_8_A0_PMLD,,NO_KENDL_32_8_D,,M3/HR,0,INPREP_INC\KSTA\KSTA_MONITORS.INC,0,455,0,,,,KENDL,11528,819
MON_KENDL_32_8_A0_PMLS,,NO_KENDL_32_8_S,,M3/HR,0,INPREP_INC\KSTA\KSTA_MONITORS.INC,0,459,0,,,,KENDL,11512,1118
MON_KENDL_A0_PD,,NO_KENDL_N2,,M3/HR,0,INPREP_INC\KSTA\LDS\KENDL.INC,0,15,0,,,,KENDL,11774,2591
MON_KENDL_A0_PMLD,,NO_KENDL_D,,M3/HR,0,INPREP_INC\KSTA\KSTA_MONITORS.INC,0,463,0,,,,KENDL,11582,2177
MON_KENDL_A0_PMLS,,NO_KENDL_S,,M3/HR,0,INPREP_INC\KSTA\KSTA_MONITORS.INC,0,467,0,,,,REGNA,11358,2188
MON_KENDL_A0_PS,,NO_KENDL_N1,,M3/HR,0,INPREP_INC\KSTA\LDS\KENDL.INC,0,19,0,,,,REGNA,11331,2607
MON_LBNTL_05_6_A0_PMLD,,NO_LBNTL_05_6_D,,M3/HR,0,INPREP_INC\KSTA\KSTA_MONITORS.INC,0,471,0,,,,LBNTL,5183,1428
MON_LBNTL_05_6_A0_PMLS,,NO_LBNTL_05_6_S,,M3/HR,0,INPREP_INC\KSTA\KSTA_MONITORS.INC,0,475,0,,,,LBNTL,5444,1827
MON_LBNTL_25_3_A0_PMLD,,NO_LBNTL_25_3_D,,M3/HR,0,INPREP_INC\KSTA\KSTA_MONITORS.INC,0,479,0,,,,LBNTL,5816,1722
MON_LBNTL_25_3_A0_PMLS,,NO_LBNTL_25_3_S,,M3/HR,0,INPREP_INC\KSTA\KSTA_MONITORS.INC,0,483,0,,,,LBNTL,5790,1440
MON_LBNTL_A0_PD,,NO_LBNTL_N2,,M3/HR,0,INPREP_INC\KSTA\LDS\LBNTL.INC,0,17,0,,,,LBNTL,5380,2606
MON_LBNTL_A0_PMLD,,NO_LBNTL_D,,M3/HR,0,INPREP_INC\KSTA\KSTA_MONITORS.INC,0,487,0,,,,LBNTL,5165,2174
MON_LBNTL_A0_PMLS,,NO_LBNTL_S,,M3/HR,0,INPREP_INC\KSTA\KSTA_MONITORS.INC,0,491,0,,,,BRSTL,4946,2192
MON_LBNTL_A0_PS,,NO_LBNTL_N1,,M3/HR,0,INPREP_INC\KSTA\LDS\LBNTL.INC,0,23,0,,,,BRSTL,4943,2627
MON_LIBRT_01A_B0_PMLD,,NO_LIBRT_01A_D,,M3/HR,0,INPREP_INC\KSTD\KSTD_MONITORS.INC,0,311,0,,,,LIBRT,42691,5156
MON_LIBRT_01A_B0_PMLS,,NO_LIBRT_01A_S,,M3/HR,0,INPREP_INC\KSTD\KSTD_MONITORS.INC,0,315,0,,,,LIBR0,42374,5343
MON_LIBRT_02A_B0_PMLD,,NO_LIBRT_02A_D,,M3/HR,0,INPREP_INC\KSTD\KSTD_MONITORS.INC,0,319,0,,,,LIBRT,42736,4783
MON_LIBRT_02A_B0_PMLS,,NO_LIBRT_02A_S,,M3/HR,0,INPREP_INC\KSTD\KSTD_MONITORS.INC,0,323,0,,,,LIBRT,42756,4939
MON_LIBRT_03A_B0_PMLD,,NO_LIBRT_03A_D,,M3/HR,0,INPREP_INC\KSTD\KSTD_MONITORS.INC,0,327,0,,,,LIBRT,43056,4163
MON_LIBRT_03A_B0_PMLS,,NO_LIBRT_03A_S,,M3/HR,0,INPREP_INC\KSTD\KSTD_MONITORS.INC,0,331,0,,,,LIBRT,42521,4160
MON_LIBRT_04A_B0_PMLD,,NO_LIBRT_04A_D,,M3/HR,0,INPREP_INC\KSTD\KSTD_MONITORS.INC,0,335,0,,,,LIBRT,43189,4893
MON_LIBRT_04A_B0_PMLS,,NO_LIBRT_04A_S,,M3/HR,0,INPREP_INC\KSTD\KSTD_MONITORS.INC,0,339,0,,,,LIBRT,43152,4597
MON_LIBRT_B0_PD,,NO_LIBRT_N2,,M3/HR,0,INPREP_INC\KSTD\LDS\LIBRT.INC,0,21,0,,,,LIBRT,42258,6395
MON_LIBRT_B0_PMLD,,NO_LIBRT_N3,,M3/HR,0,INPREP_INC\KSTD\KSTD_MONITORS.INC,0,343,0,,,,LIBR0,42298,5638
MON_LIBRT_B0_PMLS,,NO_LIBRT_S,,M3/HR,0,INPREP_INC\KSTD\KSTD_MONITORS.INC,0,347,0,,,,CORGN,41890,5952
MON_LIBRT_B0_PS,,NO_LIBRT_N1,,M3/HR,0,INPREP_INC\KSTD\LDS\LIBRT.INC,0,25,0,,,,CORGN,41843,6350
MON_LKSND_29_7_A0_PMLD,,NO_LKSND_29_7_D,,M3/HR,0,INPREP_INC\KSTA\KSTA_MONITORS.INC,0,495,0,,,,LKSND,1999,803
MON_LKSND_29_7_A0_PMLS,,NO_LKSND_29_7_S,,M3/HR,0,INPREP_INC\KSTA\KSTA_MONITORS.INC,0,499,0,,,,LKSND,1913,1050
MON_LKSND_51_4_A0_PMLD,,NO_LKSND_51_4_D,,M3/HR,0,INPREP_INC\KSTA\KSTA_MONITORS.INC,0,503,0,,,,LKSND,2641,1689
MON_LKSND_51_4_A0_PMLS,,NO_LKSND_51_4_S,,M3/HR,0,INPREP_INC\KSTA\KSTA_MONITORS.INC,0,507,0,,,,LKSND,2637,1445
MON_LKSND_A0_PD,,NO_LKSND_N2,,M3/HR,0,INPREP_INC\KSTA\LDS\LKSND.INC,0,18,0,,,,LKSND,2166,2619
MON_LKSND_A0_PMLD,,NO_LKSND_D,,M3/HR,0,INPREP_INC\KSTA\KSTA_MONITORS.INC,0,511,0,,,,LKSND,1974,2206
MON_LKSND_A0_PMLS,,NO_LKSND_S,,M3/HR,0,INPREP_INC\KSTA\KSTA_MONITORS.INC,0,515,0,,,,HRDSY,1748,2192
MON_LKSND_A0_PS,,NO_LKSND_N1,,M3/HR,0,INPREP_INC\KSTA\LDS\LKSND.INC,0,22,0,,,,HRDSY,1709,2611
MON_LKTLR_01A_B0_PMLD,,NO_LKTLR_01A_D,,M3/HR,0,INPREP_INC\KSTD\KSTD_MONITORS.INC,0,351,0,,,,LKTLR,39973,5232
MON_LKTLR_01A_B0_PMLS,,NO_LKTLR_01A_S,,M3/HR,0,INPREP_INC\KSTD\KSTD_MONITORS.INC,0,355,0,,,,LKTLR,39951,5714
MON_LKTLR_02A_B0_PMLD,,NO_LKTLR_02A_D,,M3/HR,0,INPREP_INC\KSTD\KSTD_MONITORS.INC,0,359,0,,,,LKTLR,40216,4771
MON_LKTLR_02A_B0_PMLS,,NO_LKTLR_02A_S,,M3/HR,0,INPREP_INC\KSTD\KSTD_MONITORS.INC,0,363,0,,,,LKTLR,39685,4744
MON_LKTLR_03A_B0_PMLD,,NO_LKTLR_03A_D,,M3/HR,0,INPREP_INC\KSTD\KSTD_MONITORS.INC,0,367,0,,,,LKTLR,40338,5760
MON_LKTLR_03A_B0_PMLS,,NO_LKTLR_03A_S,,M3/HR,0,INPREP_INC\KSTD\KSTD_MONITORS.INC,0,371,0,,,,LKTLR,40297,5217
MON_LKTLR_B0_PD,,NO_LKTLR_N2,,M3/HR,0,INPREP_INC\KSTD\LDS\LKTLR.INC,0,19,0,,,,LKTLR,39878,6371
MON_LKTLR_B0_PMLD,,NO_LKTLR_D,,M3/HR,0,INPREP_INC\KSTD\KSTD_MONITORS.INC,0,375,0,,,,LKTLR,39719,5954
MON_LKTLR_B0_PMLS,,NO_LKTLR_S,,M3/HR,0,INPREP_INC\KSTD\KSTD_MONITORS.INC,0,379,0,,,,WNSBR,39453,5953
MON_LKTLR_B0_PS,,NO_LKTLR_N1,,M3/HR,0,INPREP_INC\KSTD\LDS\LKTLR.INC,0,23,0,,,,WNSBR,39449,6371
MON_LUCAS_B0_PHOLD,,NO_LUCAS_N1,,M3/HR,0,INPREP_INC\KSTD\LDS\LUCAS.INC,0,12,0,,,,LIBRT,42977,5568
MON_LUCAS_B0_PHOLDA,,NO_LUCAS_N2,,M3/HR,0,INPREP_INC\KSTD\KSTD_MONITORS.INC,0,383,0,,,,LUCAS,43264,5567
MON_LUCAS_B0_PHOLDB,,NO_LUCAS_DEL,,M3/HR,0,INPREP_INC\KSTD\KSTD_MONITORS.INC,0,387,0,,,,LUCAS,43563,5575
MON_LUCAS_B0_PMLD,,NO_LUCAS_CKV_S,,M3/HR,0,INPREP_INC\KSTD\KSTD_MONITORS.INC,0,391,0,,,,LUCAS,43241,5170
MON_LUCAS_B0_PMLS,,NO_LUCAS_S,,M3/HR,0,INPREP_INC\KSTD\KSTD_MONITORS.INC,0,395,0,,,,LIBRT,42875,5198
MON_LUDDE_23_8_A0_PMLD,,NO_LUDDE_23_8_D,,M3/HR,0,INPREP_INC\KSTA\KSTA_MONITORS.INC,0,519,0,,,,LUDDE,23484,1666
MON_LUDDE_23_8_A0_PMLS,,NO_LUDDE_23_8_S,,M3/HR,0,INPREP_INC\KSTA\KSTA_MONITORS.INC,0,523,0,,,,LUDDE,23054,1651
MON_LUDDE_A0_PD,,NO_LUDDE_N2,,M3/HR,0,INPREP_INC\KSTA\LDS\LUDDE.INC,0,15,0,,,,LUDDE,23181,2625
MON_LUDDE_A0_PMLD,,NO_LUDDE_D,,M3/HR,0,INPREP_INC\KSTA\KSTA_MONITORS.INC,0,527,0,,,,LUDDE,22976,2156
MON_LUDDE_A0_PMLS,,NO_LUDDE_S,,M3/HR,0,INPREP_INC\KSTA\KSTA_MONITORS.INC,0,531,0,,,,FTRSM,22782,2156
MON_LUDDE_A0_PS,,NO_LUDDE_N1,,M3/HR,0,INPREP_INC\KSTA\LDS\LUDDE.INC,0,19,0,,,,FTRSM,22738,2615
MON_LUFKN_01A_B0_PMLD,,NO_LUFKN_01A_D,,M3/HR,0,INPREP_INC\KSTD\KSTD_MONITORS.INC,0,399,0,,,,LUFKN,40556,4761
MON_LUFKN_01A_B0_PMLS,,NO_LUFKN_01A_S,,M3/HR,0,INPREP_INC\KSTD\KSTD_MONITORS.INC,0,403,0,,,,LUFKN,40743,5188
MON_LUFKN_01B_B0_PMLD,,NO_LUFKN_01B_D,,M3/HR,0,INPREP_INC\KSTD\KSTD_MONITORS.INC,0,407,0,,,,LUFKN,40696,5421
MON_LUFKN_01B_B0_PMLS,,NO_LUFKN_01B_S,,M3/HR,0,INPREP_INC\KSTD\KSTD_MONITORS.INC,0,411,0,,,,LUFKN,40776,5720
MON_LUFKN_02A_B0_PMLD,,NO_LUFKN_02A_D,,M3/HR,0,INPREP_INC\KSTD\KSTD_MONITORS.INC,0,415,0,,,,LUFKN,41108,5636
MON_LUFKN_02A_B0_PMLS,,NO_LUFKN_02A_CKV_D,,M3/HR,0,INPREP_INC\KSTD\KSTD_MONITORS.INC,0,419,0,,,,LUFKN,41124,5119
MON_LUFKN_B0_PD,,NO_LUFKN_N2,,M3/HR,0,INPREP_INC\KSTD\LDS\LUFKN.INC,0,19,0,,,,LUFKN,40712,6363
MON_LUFKN_B0_PMLD,,NO_LUFKN_D,,M3/HR,0,INPREP_INC\KSTD\KSTD_MONITORS.INC,0,423,0,,,,LUFKN,40513,5956
MON_LUFKN_B0_PMLS,,NO_LUFKN_S,,M3/HR,0,INPREP_INC\KSTD\KSTD_MONITORS.INC,0,427,0,,,,LKTLR,40247,5945
MON_LUFKN_B0_PS,,NO_LUFKN_N1,,M3/HR,0,INPREP_INC\KSTD\LDS\LUFKN.INC,0,23,0,,,,LKTLR,40246,6357
MON_LUVER_44_2_A0_PMLD,,NO_LUVER_44_2_D,,M3/HR,0,INPREP_INC\KSTA\KSTA_MONITORS.INC,0,535,0,,,,LUVER,21984,1957
MON_LUVER_44_2_A0_PMLS,,NO_LUVER_44_2_S,,M3/HR,0,INPREP_INC\KSTA\KSTA_MONITORS.INC,0,539,0,,,,LUVER,21934,1492
MON_LUVER_A0_PD,,NO_LUVER_N2,,M3/HR,0,INPREP_INC\KSTA\LDS\LUVER.INC,0,15,0,,,,LUVER,21589,2654
MON_LUVER_A0_PMLD,,NO_LUVER_D,,M3/HR,0,INPREP_INC\KSTA\KSTA_MONITORS.INC,0,543,0,,,,LUVER,21371,2184
MON_LUVER_A0_PMLS,,NO_LUVER_S,,M3/HR,0,INPREP_INC\KSTA\KSTA_MONITORS.INC,0,547,0,,,,NAGRA,21176,2187
MON_LUVER_A0_PS,,NO_LUVER_N1,,M3/HR,0,INPREP_INC\KSTA\LDS\LUVER.INC,0,23,0,,,,NAGRA,21134,2617
MON_MDLTP_23_6_A0_PMLD,,NO_MDLTP_23_6_D,,M3/HR,0,INPREP_INC\KSTB\KSTB_MONITORS.INC,0,51,0,,,,MDLTP,35655,1408
MON_MDLTP_23_6_A0_PMLS,,NO_MDLTP_23_6_S,,M3/HR,0,INPREP_INC\KSTB\KSTB_MONITORS.INC,0,63,0,,,,MDLTP,35708,1790
MON_MDLTP_28_3_A0_PMLD,,NO_MDLTP_28_3_D,,M3/HR,0,INPREP_INC\KSTB\KSTB_MONITORS.INC,0,55,0,,,,MDLTP,36448,1828
MON_MDLTP_28_3_A0_PMLS,,NO_MDLTP_28_3_CKV_D,,M3/HR,0,INPREP_INC\KSTB\KSTB_MONITORS.INC,0,59,0,,,,MDLTP,36421,1295
MON_MDLTP_A0_PD,,NO_MDLTP_N2,,M3/HR,0,INPREP_INC\KSTB\LDS\MDLTP.INC,0,15,0,,,,MDLTP,36022,2632
MON_MDLTP_A0_PMLD,,NO_MDLTP_D,,M3/HR,0,INPREP_INC\KSTB\KSTB_MONITORS.INC,0,67,0,,,,MDLTP,35751,2155
MON_MDLTP_A0_PMLS,,NO_MDLTP_S,,M3/HR,0,INPREP_INC\KSTB\KSTB_MONITORS.INC,0,71,0,,,,CNTRL,35564,2165
MON_MDLTP_A0_PS,,NO_MDLTP_N1,,M3/HR,0,INPREP_INC\KSTB\LDS\MDLTP.INC,0,19,0,,,,CNTRL,35544,2595
MON_MNTOR_35_6_A0_PMLD,,NO_MNTOR_35_6_D,,M3/HR,0,INPREP_INC\KSTA\KSTA_MONITORS.INC,0,551,0,,,,MNTOR,3056,1480
MON_MNTOR_35_6_A0_PMLS,,NO_MNTOR_35_6_S,,M3/HR,0,INPREP_INC\KSTA\KSTA_MONITORS.INC,0,555,0,,,,MNTOR,2650,1879
MON_MNTOR_A0_PD,,NO_MNTOR_N2,,M3/HR,0,INPREP_INC\KSTA\LDS\MNTOR.INC,0,19,0,,,,MNTOR,2961,2599
MON_MNTOR_A0_PMLD,,NO_MNTOR_D,,M3/HR,0,INPREP_INC\KSTA\KSTA_MONITORS.INC,0,559,0,,,,MNTOR,2767,2180
MON_MNTOR_A0_PMLS,,NO_MNTOR_S,,M3/HR,0,INPREP_INC\KSTA\KSTA_MONITORS.INC,0,563,0,,,,LKSND,2591,2184
MON_MNTOR_A0_PS,,NO_MNTOR_N1,,M3/HR,0,INPREP_INC\KSTA\LDS\MNTOR.INC,0,23,0,,,,LKSND,2545,2585
MON_MOSMI_07_8_A0_PMLD,,NO_MOSMI_07_8_D,,M3/HR,0,INPREP_INC\KSTA\KSTA_MONITORS.INC,0,567,0,,,,MOSMI,14255,1636
MON_MOSMI_07_8_A0_PMLS,,NO_MOSMI_07_8_S,,M3/HR,0,INPREP_INC\KSTA\KSTA_MONITORS.INC,0,571,0,,,,MOSMI,13878,1921
MON_MOSMI_30_0_A0_PMLD,,NO_MOSMI_30_0_D,,M3/HR,0,INPREP_INC\KSTA\KSTA_MONITORS.INC,0,575,0,,,,MOSMI,13920,1091
MON_MOSMI_30_0_A0_PMLS,,NO_MOSMI_30_0_S,,M3/HR,0,INPREP_INC\KSTA\KSTA_MONITORS.INC,0,579,0,,,,MOSMI,13883,1442
MON_MOSMI_31_8_A0_PMLD,,NO_MOSMI_31_8_D,,M3/HR,0,INPREP_INC\KSTA\KSTA_MONITORS.INC,0,583,0,,,,MOSMI,13954,391
MON_MOSMI_31_8_A0_PMLS,,NO_MOSMI_31_8_S,,M3/HR,0,INPREP_INC\KSTA\KSTA_MONITORS.INC,0,587,0,,,,MOSMI,13848,625
MON_MOSMI_42_5_A0_PMLD,,NO_MOSMI_42_5_D,,M3/HR,0,INPREP_INC\KSTA\KSTA_MONITORS.INC,0,591,0,,,,MOSMI,14652,604
MON_MOSMI_42_5_A0_PMLS,,NO_MOSMI_42_5_S,,M3/HR,0,INPREP_INC\KSTA\KSTA_MONITORS.INC,0,595,0,,,,MOSMI,14572,396
MON_MOSMI_A0_PD,,NO_MOSMI_N2,,M3/HR,0,INPREP_INC\KSTA\LDS\MOSMI.INC,0,19,0,,,,MOSMI,14167,2640
MON_MOSMI_A0_PMLD,,NO_MOSMI_D,,M3/HR,0,INPREP_INC\KSTA\KSTA_MONITORS.INC,0,599,0,,,,MOSMI,13976,2187
MON_MOSMI_A0_PMLS,,NO_MOSMI_S,,M3/HR,0,INPREP_INC\KSTA\KSTA_MONITORS.INC,0,603,0,,,,WTWOD,13768,2188
MON_MOSMI_A0_PS,,NO_MOSMI_N1,,M3/HR,0,INPREP_INC\KSTA\LDS\MOSMI.INC,0,23,0,,,,WTWOD,13759,2592
MON_NAGRA_23_9_A0_PMLD,,NO_NAGRA_23_9_D,,M3/HR,0,INPREP_INC\KSTA\KSTA_MONITORS.INC,0,607,0,,,,NAGRA,21160,1722
MON_NAGRA_23_9_A0_PMLS,,NO_NAGRA_23_9_S,,M3/HR,0,INPREP_INC\KSTA\KSTA_MONITORS.INC,0,611,0,,,,NAGRA,20650,1710
MON_NAGRA_A0_PD,,NO_NAGRA_N2,,M3/HR,0,INPREP_INC\KSTA\LDS\NAGRA.INC,0,19,0,,,,NAGRA,20798,2611
MON_NAGRA_A0_PMLD,,NO_NAGRA_D,,M3/HR,0,INPREP_INC\KSTA\KSTA_MONITORS.INC,0,615,0,,,,NAGRA,20540,2177
MON_NAGRA_A0_PMLS,,NO_NAGRA_S,,M3/HR,0,INPREP_INC\KSTA\KSTA_MONITORS.INC,0,619,0,,,,EDNBG,20367,2184
MON_NAGRA_A0_PS,,NO_NAGRA_N1,,M3/HR,0,INPREP_INC\KSTA\LDS\NAGRA.INC,0,23,0,,,,EDNBG,20349,2606
MON_NDLPS_B0_PD,,NO_NDLPS_N2,,M3/HR,0,INPREP_INC\KSTD\LDS\NDLPS.INC,0,21,0,,,,NDLPS,44397,4826
MON_NDLPS_B0_PMLD,,NO_NDLPS_D,,M3/HR,0,INPREP_INC\KSTD\KSTD_MONITORS.INC,0,431,0,,,,NDLPS,44573,4824
MON_NDLPS_B0_PSA,,NO_NDLPS_S,,M3/HR,0,INPREP_INC\KSTD\KSTD_MONITORS.INC,0,435,0,,,,LUCAS,43963,4834
MON_NDLPS_B0_PSB,,NO_NDLPS_N1,,M3/HR,0,INPREP_INC\KSTD\LDS\NDLPS.INC,0,25,0,,,,LUCAS,44193,4824
MON_NDRLD_B0_PHOLDA,,NO_NDRLD_DEL,,M3/HR,0,INPREP_INC\KSTD\KSTD_MONITORS.INC,0,439,0,,,,LUCAS,44889,5186
MON_NDRLD_B0_PHOLDB,,NO_NDRLD_D,,M3/HR,0,INPREP_INC\KSTD\KSTD_MONITORS.INC,0,443,0,,,,LUCAS,44123,5186
MON_NDRLD_B0_PMLS,,NO_NDRLD_S,,M3/HR,0,INPREP_INC\KSTD\KSTD_MONITORS.INC,0,447,0,,,,LUCAS,43764,5197
MON_OYENP_47_5_A0_PMLD,,NO_OYENP_47_5_D,,M3/HR,0,INPREP_INC\KSTA\KSTA_MONITORS.INC,0,623,0,,,,OYENP,3517,810
MON_OYENP_47_5_A0_PMLS,,NO_OYENP_47_5_S,,M3/HR,0,INPREP_INC\KSTA\KSTA_MONITORS.INC,0,627,0,,,,OYENP,3501,1144
MON_OYENP_57_7_A0_PMLD,,NO_OYENP_57_7_D,,M3/HR,0,INPREP_INC\KSTA\KSTA_MONITORS.INC,0,631,0,,,,OYENP,4203,1156
MON_OYENP_57_7_A0_PMLS,,NO_OYENP_57_7_S,,M3/HR,0,INPREP_INC\KSTA\KSTA_MONITORS.INC,0,635,0,,,,OYENP,4186,808
MON_OYENP_A0_PD,,NO_OYENP_N2,,M3/HR,0,INPREP_INC\KSTA\LDS\OYENP.INC,0,19,0,,,,OYENP,3778,2633
MON_OYENP_A0_PMLD,,NO_OYENP_D,,M3/HR,0,INPREP_INC\KSTA\KSTA_MONITORS.INC,0,639,0,,,,OYENP,3586,2180
MON_OYENP_A0_PMLS,,NO_OYENP_S,,M3/HR,0,INPREP_INC\KSTA\KSTA_MONITORS.INC,0,643,0,,,,MNTOR,3356,2183
MON_OYENP_A0_PS,,NO_OYENP_N1,,M3/HR,0,INPREP_INC\KSTA\LDS\OYENP.INC,0,23,0,,,,MNTOR,3354,2604
MON_PEROP_15_8_A0_PMLD,,NO_PEROP_15_8_D,,M3/HR,0,INPREP_INC\KSTB\KSTB_MONITORS.INC,0,75,0,,,,PEROP,38442,1318
MON_PEROP_15_8_A0_PMLS,,NO_PEROP_15_8_S,,M3/HR,0,INPREP_INC\KSTB\KSTB_MONITORS.INC,0,79,0,,,,PEROP,38355,1582
MON_PEROP_A0_PD,,NO_PEROP_N2,,M3/HR,0,INPREP_INC\KSTB\LDS\PEROP.INC,0,15,0,,,,PEROP,38615,2585
MON_PEROP_A0_PMLD,,NO_PEROP_D,,M3/HR,0,INPREP_INC\KSTB\KSTB_MONITORS.INC,0,83,0,,,,PEROP,38407,2154
MON_PEROP_A0_PMLS,,NO_PEROP_S,,M3/HR,0,INPREP_INC\KSTB\KSTB_MONITORS.INC,0,87,0,,,,HRTFD,38214,2166
MON_PEROP_A0_PS,,NO_PEROP_N1,,M3/HR,0,INPREP_INC\KSTB\LDS\PEROP.INC,0,19,0,,,,HRTFD,38182,2573
MON_PNCCP_02A_B0_PMLD,,NO_PNCCP_02A_D,,M3/HR,0,INPREP_INC\KSTC\KSTC_MONITORS.INC,0,35,0,,,,PNCCP,33684,4677
MON_PNCCP_02A_B0_PMLS,,NO_PNCCP_02A_S,,M3/HR,0,INPREP_INC\KSTC\KSTC_MONITORS.INC,0,39,0,,,,PNCCP,33183,4683
MON_PNCCP_B0_PD,,NO_PNCCP_N2,,M3/HR,0,INPREP_INC\KSTC\LDS\PNCCP.INC,0,15,0,,,,PNCCP,33361,6397
MON_PNCCP_B0_PMLD,,NO_PNCCP_D,,M3/HR,0,INPREP_INC\KSTC\KSTC_MONITORS.INC,0,43,0,,,,PNCCP,33108,5864
MON_PNCCP_B0_PMLS,,NO_PNCCP_S,,M3/HR,0,INPREP_INC\KSTC\KSTC_MONITORS.INC,0,47,0,,,,ROCKP,32926,5881
MON_PNCCP_B0_PS,,NO_PNCCP_N1,,M3/HR,0,INPREP_INC\KSTC\LDS\PNCCP.INC,0,19,0,,,,ROCKP,32900,6393
MON_PNLPN_B0_PDA,,NO_PNLPN_S,,M3/HR,0,INPREP_INC\KSTD\KSTD_MONITORS.INC,0,451,0,,,,PNLPN,45393,5201
MON_PNLPN_B0_PMLD,,NO_PNLPN_D,,M3/HR,0,INPREP_INC\KSTD\KSTD_MONITORS.INC,0,455,0,,,,PNLPN,45263,4824
MON_PNLPN_B0_PMLS,,NO_PNLPN_N1,,M3/HR,0,INPREP_INC\KSTD\LDS\PNLPN.INC,0,11,0,,,,NDLPS,44793,4814
MON_PRTLP_08_4_A0_PMLD,,NO_PRTLP_08_4_D,,M3/HR,0,INPREP_INC\KSTA\KSTA_MONITORS.INC,0,647,0,,,,PRTLP,17446,1483
MON_PRTLP_08_4_A0_PMLS,,NO_PRTLP_08_4_S,,M3/HR,0,INPREP_INC\KSTA\KSTA_MONITORS.INC,0,651,0,,,,PRTLP,17076,1797
MON_PRTLP_09_9_A0_PMLD,,NO_PRTLP_09_9_D,,M3/HR,0,INPREP_INC\KSTA\KSTA_MONITORS.INC,0,655,0,,,,PRTLP,17082,1034
MON_PRTLP_09_9_A0_PMLS,,NO_PRTLP_09_9_S,,M3/HR,0,INPREP_INC\KSTA\KSTA_MONITORS.INC,0,659,0,,,,PRTLP,17074,1271
MON_PRTLP_25_1_A0_PMLD,,NO_PRTLP_25_1_D,,M3/HR,0,INPREP_INC\KSTA\KSTA_MONITORS.INC,0,663,0,,,,PRTLP,17758,490
MON_PRTLP_25_1_A0_PMLS,,NO_PRTLP_25_1_S,,M3/HR,0,INPREP_INC\KSTA\KSTA_MONITORS.INC,0,667,0,,,,PRTLP,17133,498
MON_PRTLP_38_3_A0_PMLD,,NO_PRTLP_38_3_D,,M3/HR,0,INPREP_INC\KSTA\KSTA_MONITORS.INC,0,671,0,,,,PRTLP,17499,1166
MON_PRTLP_38_3_A0_PMLS,,NO_PRTLP_38_3_S,,M3/HR,0,INPREP_INC\KSTA\KSTA_MONITORS.INC,0,675,0,,,,PRTLP,17493,833
MON_PRTLP_A0_PD,,NO_PRTLP_N2,,M3/HR,0,INPREP_INC\KSTA\LDS\PRTLP.INC,0,19,0,,,,PRTLP,17373,2629
MON_PRTLP_A0_PMLD,,NO_PRTLP_D,,M3/HR,0,INPREP_INC\KSTA\KSTA_MONITORS.INC,0,679,0,,,,PRTLP,17167,2179
MON_PRTLP_A0_PMLS,,NO_PRTLP_S,,M3/HR,0,INPREP_INC\KSTA\KSTA_MONITORS.INC,0,683,0,,,,WELWD,16963,2187
MON_PRTLP_A0_PS,,NO_PRTLP_N1,,M3/HR,0,INPREP_INC\KSTA\LDS\PRTLP.INC,0,23,0,,,,WELWD,16936,2644
MON_PTNCI_B0_PHOLDA,,NO_PTNCI_N1,,M3/HR,0,INPREP_INC\KSTD\KSTD_MONITORS.INC,0,459,0,,,,PNLPN,45732,4834
MON_PTNCI_B0_PHOLDB,,NO_PTNCI_DEL,,M3/HR,0,INPREP_INC\KSTD\KSTD_MONITORS.INC,0,463,0,,,,PNLPN,46305,4838
MON_PTNCI_B0_PMLS,,NO_PTNCI_S,,M3/HR,0,INPREP_INC\KSTD\KSTD_MONITORS.INC,0,467,0,,,,PNLPN,45523,4834
MON_PTOKA_A0_PHOLDA,,NO_PTOKA_S,,M3/HR,0,INPREP_INC\KSTB\KSTB_MONITORS.INC,0,91,0,,,,PEROP,38913,2310
MON_PTOKA_A0_PHOLDB,,NO_PTOKA_DEL,,M3/HR,0,INPREP_INC\KSTB\KSTB_MONITORS.INC,0,95,0,,,,PEROP,39339,2312
MON_REGNA_26_4_A0_PMLD,,NO_REGNA_26_4_D,,M3/HR,0,INPREP_INC\KSTA\KSTA_MONITORS.INC,0,687,0,,,,REGNA,11354,1693
MON_REGNA_26_4_A0_PMLS,,NO_REGNA_26_4_S,,M3/HR,0,INPREP_INC\KSTA\KSTA_MONITORS.INC,0,691,0,,,,REGNA,10798,1686
MON_REGNA_A0_PD,,NO_REGNA_N2,,M3/HR,0,INPREP_INC\KSTA\LDS\REGNA.INC,0,19,0,,,,REGNA,10987,2639
MON_REGNA_A0_PMLD,,NO_REGNA_D,,M3/HR,0,INPREP_INC\KSTA\KSTA_MONITORS.INC,0,695,0,,,,REGNA,10771,2174
MON_REGNA_A0_PMLS,,NO_REGNA_S,,M3/HR,0,INPREP_INC\KSTA\KSTA_MONITORS.INC,0,699,0,,,,BELPL,10558,2178
MON_REGNA_A0_PS,,NO_REGNA_N1,,M3/HR,0,INPREP_INC\KSTA\LDS\REGNA.INC,0,23,0,,,,BELPL,10547,2590
MON_RILEY_02A_B0_PMLD,,NO_RILEY_02A_D,,M3/HR,0,INPREP_INC\KSTC\KSTC_MONITORS.INC,0,51,0,,,,STLCB,31325,4669
MON_RILEY_02A_B0_PMLS,,NO_RILEY_02A_S,,M3/HR,0,INPREP_INC\KSTC\KSTC_MONITORS.INC,0,55,0,,,,STLCB,30775,4650
MON_RILEY_02B_B0_PMLD,,NO_RILEY_02B_D,,M3/HR,0,INPREP_INC\KSTC\KSTC_MONITORS.INC,0,59,0,,,,STLCB,31044,5098
MON_RILEY_02B_B0_PMLS,,NO_RILEY_02B_S,,M3/HR,0,INPREP_INC\KSTC\KSTC_MONITORS.INC,0,63,0,,,,STLCB,31050,4900
MON_ROCKP_01A_B0_PMLD,,NO_ROCKP_01A_D,,M3/HR,0,INPREP_INC\KSTC\KSTC_MONITORS.INC,0,67,0,,,,ROCKP,32597,5299
MON_ROCKP_01A_B0_PMLS,,NO_ROCKP_01A_S,,M3/HR,0,INPREP_INC\KSTC\KSTC_MONITORS.INC,0,71,0,,,,ROCKP,32593,5686
MON_ROCKP_03A_B0_PMLD,,NO_ROCKP_03A_D,,M3/HR,0,INPREP_INC\KSTC\KSTC_MONITORS.INC,0,75,0,,,,ROCKP,32987,5014
MON_ROCKP_03A_B0_PMLS,,NO_ROCKP_03A_S,,M3/HR,0,INPREP_INC\KSTC\KSTC_MONITORS.INC,0,79,0,,,,ROCKP,32972,4597
MON_ROCKP_04A_B0_PMLD,,NO_ROCKP_04A_D,,M3/HR,0,INPREP_INC\KSTC\KSTC_MONITORS.INC,0,83,0,,,,ROCKP,32937,5686
MON_ROCKP_04A_B0_PMLS,,NO_ROCKP_04A_S,,M3/HR,0,INPREP_INC\KSTC\KSTC_MONITORS.INC,0,87,0,,,,ROCKP,32983,5293
MON_ROCKP_B0_PD,,NO_ROCKP_N2,,M3/HR,0,INPREP_INC\KSTC\LDS\ROCKP.INC,0,15,0,,,,ROCKP,32529,6404
MON_ROCKP_B0_PMLD,,NO_ROCKP_D,,M3/HR,0,INPREP_INC\KSTC\KSTC_MONITORS.INC,0,91,0,,,,ROCKP,32317,5890
MON_ROCKP_B0_PMLS,,NO_ROCKP_S,,M3/HR,0,INPREP_INC\KSTC\KSTC_MONITORS.INC,0,95,0,,,,HOPEP,32139,5898
MON_ROCKP_B0_PS,,NO_ROCKP_N1,,M3/HR,0,INPREP_INC\KSTC\LDS\ROCKP.INC,0,19,0,,,,HOPEP,32106,6388
MON_ROSWL_15_9_A0_PMLD,,NO_ROSWL_15_9_D,,M3/HR,0,INPREP_INC\KSTA\KSTA_MONITORS.INC,0,703,0,,,,ROSWL,25320,1371
MON_ROSWL_15_9_A0_PMLS,,NO_ROSWL_15_9_S,,M3/HR,0,INPREP_INC\KSTA\KSTA_MONITORS.INC,0,707,0,,,,ROSWL,25266,1949
MON_ROSWL_31_4_A0_PMLD,,NO_ROSWL_31_4_D,,M3/HR,0,INPREP_INC\KSTA\KSTA_MONITORS.INC,0,711,0,,,,ROSWL,25910,911
MON_ROSWL_31_4_A0_PMLS,,NO_ROSWL_31_4_S,,M3/HR,0,INPREP_INC\KSTA\KSTA_MONITORS.INC,0,715,0,,,,ROSWL,25381,920
MON_ROSWL_A0_PD,,NO_ROSWL_N2,,M3/HR,0,INPREP_INC\KSTA\LDS\ROSWL.INC,0,19,0,,,,ROSWL,25580,2635
MON_ROSWL_A0_PMLD,,NO_ROSWL_D,,M3/HR,0,INPREP_INC\KSTA\KSTA_MONITORS.INC,0,719,0,,,,ROSWL,25370,2174
MON_ROSWL_A0_PMLS,,NO_ROSWL_S,,M3/HR,0,INPREP_INC\KSTA\KSTA_MONITORS.INC,0,723,0,,,,CRPTR,25143,2169
MON_ROSWL_A0_PS,,NO_ROSWL_N1,,M3/HR,0,INPREP_INC\KSTA\LDS\ROSWL.INC,0,23,0,,,,CRPTR,25146,2616
MON_RPDCT_11_6_A0_PMLD,,NO_RPDCT_11_6_D,,M3/HR,0,INPREP_INC\KSTA\KSTA_MONITORS.INC,0,727,0,,,,RPDCT,15550,1490
MON_RPDCT_11_6_A0_PMLS,,NO_RPDCT_11_6_S,,M3/HR,0,INPREP_INC\KSTA\KSTA_MONITORS.INC,0,731,0,,,,RPDCT,15491,1788
MON_RPDCT_25_1_A0_PMLD,,NO_RPDCT_25_1_D,,M3/HR,0,INPREP_INC\KSTA\KSTA_MONITORS.INC,0,735,0,,,,RPDCT,16196,1982
MON_RPDCT_25_1_A0_PMLS,,NO_RPDCT_25_1_S,,M3/HR,0,INPREP_INC\KSTA\KSTA_MONITORS.INC,0,739,0,,,,RPDCT,16129,1478
MON_RPDCT_A0_PD,,NO_RPDCT_N2,,M3/HR,0,INPREP_INC\KSTA\LDS\RPDCT.INC,0,19,0,,,,RPDCT,15808,2623
MON_RPDCT_A0_PMLD,,NO_RPDCT_D,,M3/HR,0,INPREP_INC\KSTA\KSTA_MONITORS.INC,0,743,0,,,,RPDCT,15576,2157
MON_RPDCT_A0_PMLS,,NO_RPDCT_S,,M3/HR,0,INPREP_INC\KSTA\KSTA_MONITORS.INC,0,747,0,,,,CRNDL,15361,2169
MON_RPDCT_A0_PS,,NO_RPDCT_N1,,M3/HR,0,INPREP_INC\KSTA\LDS\RPDCT.INC,0,23,0,,,,CRNDL,15358,2625
MON_SLBRY_19_1_A0_PMLD,,NO_SLBRY_19_1_D,,M3/HR,0,INPREP_INC\KSTB\KSTB_MONITORS.INC,0,99,0,,,,SLBRY,34691,1725
MON_SLBRY_19_1_A0_PMLS,,NO_SLBRY_19_1_S,,M3/HR,0,INPREP_INC\KSTB\KSTB_MONITORS.INC,0,103,0,,,,SLBRY,34251,1718
MON_SLBRY_A0_PD,,NO_SLBRY_N2,,M3/HR,0,INPREP_INC\KSTB\LDS\SLBRY.INC,0,15,0,,,,SLBRY,34354,2588
MON_SLBRY_A0_PMLD,,NO_SLBRY_D,,M3/HR,0,INPREP_INC\KSTB\KSTB_MONITORS.INC,0,107,0,,,,SLBRY,34164,2191
MON_SLBRY_A0_PMLS,,NO_SLBRY_S,,M3/HR,0,INPREP_INC\KSTB\KSTB_MONITORS.INC,0,111,0,,,,TINAP,33967,2201
MON_SLBRY_A0_PS,,NO_SLBRY_N1,,M3/HR,0,INPREP_INC\KSTB\LDS\SLBRY.INC,0,19,0,,,,TINAP,33954,2605
MON_SNECA_09_8_A0_PMLD,,NO_SNECA_09_8_D,,M3/HR,0,INPREP_INC\KSTB\KSTB_MONITORS.INC,0,115,0,,,,SNECA,30977,1346
MON_SNECA_09_8_A0_PMLS,,NO_SNECA_09_8_S,,M3/HR,0,INPREP_INC\KSTB\KSTB_MONITORS.INC,0,123,0,,,,SNECA,30888,1929
MON_SNECA_29_2_A0_PMLD,,NO_SNECA_29_2_D,,M3/HR,0,INPREP_INC\KSTB\KSTB_MONITORS.INC,0,119,0,,,,SNECA,31303,1828
MON_SNECA_29_2_A0_PMLS,,NO_SNECA_29_2_CKV_D,,M3/HR,0,INPREP_INC\KSTB\KSTB_MONITORS.INC,0,127,0,,,,SNECA,31301,1627
MON_SNECA_A0_PD,,NO_SNECA_N2,,M3/HR,0,INPREP_INC\KSTB\LDS\SNECA.INC,0,15,0,,,,SNECA,31202,2650
MON_SNECA_A0_PMLD,,NO_SNECA_D,,M3/HR,0,INPREP_INC\KSTB\KSTB_MONITORS.INC,0,131,0,,,,SNECA,30969,2160
MON_SNECA_A0_PMLS,,NO_SNECA_S,,M3/HR,0,INPREP_INC\KSTB\KSTB_MONITORS.INC,0,135,0,,,,STLCT,30768,2175
MON_SNECA_A0_PS,,NO_SNECA_N1,,M3/HR,0,INPREP_INC\KSTB\LDS\SNECA.INC,0,19,0,,,,STLCT,30744,2619
MON_SNTPL_20_9_A0_PMLD,,NO_SNTPL_20_9_D,,M3/HR,0,INPREP_INC\KSTB\KSTB_MONITORS.INC,0,139,0,,,,SNTPL,37178,904
MON_SNTPL_20_9_A0_PMLS,,NO_SNTPL_20_9_S,,M3/HR,0,INPREP_INC\KSTB\KSTB_MONITORS.INC,0,143,0,,,,SNTPL,36605,900
MON_SNTPL_36_1_A0_PMLD,,NO_SNTPL_36_1_D,,M3/HR,0,INPREP_INC\KSTB\KSTB_MONITORS.INC,0,147,0,,,,SNTPL,37215,1871
MON_SNTPL_36_1_A0_PMLS,,NO_SNTPL_36_1_S,,M3/HR,0,INPREP_INC\KSTB\KSTB_MONITORS.INC,0,151,0,,,,SNTPL,37229,1327
MON_SNTPL_A0_PD,,NO_SNTPL_N2,,M3/HR,0,INPREP_INC\KSTB\LDS\SNTPL.INC,0,15,0,,,,SNTPL,36768,2644
MON_SNTPL_A0_PMLD,,NO_SNTPL_D,,M3/HR,0,INPREP_INC\KSTB\KSTB_MONITORS.INC,0,155,0,,,,SNTPL,36565,2167
MON_SNTPL_A0_PMLS,,NO_SNTPL_S,,M3/HR,0,INPREP_INC\KSTB\KSTB_MONITORS.INC,0,159,0,,,,MDLTP,36360,2168
MON_SNTPL_A0_PS,,NO_SNTPL_N1,,M3/HR,0,INPREP_INC\KSTB\LDS\SNTPL.INC,0,19,0,,,,MDLTP,36331,2643
MON_STLCB_02A_B0_PMLD,,NO_STLCB_02A_D,,M3/HR,0,INPREP_INC\KSTC\KSTC_MONITORS.INC,0,99,0,,,,STLCB,30604,5485
MON_STLCB_02A_B0_PMLS,,NO_STLCB_02A_S,,M3/HR,0,INPREP_INC\KSTC\KSTC_MONITORS.INC,0,103,0,,,,STLCB,30611,5078
MON_STLCB_B0_PMLD,,NO_STLCB_N2,,M3/HR,0,INPREP_INC\KSTC\KSTC_MONITORS.INC,0,107,0,,,,STLCB,30735,3011
MON_STLCB_B0_POUT,,NO_STLCB_D,,M3/HR,0,INPREP_INC\KSTC\KSTC_MONITORS.INC,0,111,0,,,,STLCB,30604,3279
MON_STLCT_17_7_A0_PMLD,,NO_STLCT_17_7_D,,M3/HR,0,INPREP_INC\KSTA\KSTA_MONITORS.INC,0,219,0,,,,STLCT,30443,981
MON_STLCT_17_7_A0_PMLS,,NO_STLCT_17_7_S,,M3/HR,0,INPREP_INC\KSTA\KSTA_MONITORS.INC,0,235,0,,,,STLCT,30491,1463
MON_STLCT_44_8_A0_PMLD,,NO_STLCT_44_8_D,,M3/HR,0,INPREP_INC\KSTA\KSTA_MONITORS.INC,0,243,0,,,,STLCT,30844,1092
MON_STLCT_44_8_A0_PMLS,,NO_STLCT_44_8_S,,M3/HR,0,INPREP_INC\KSTA\KSTA_MONITORS.INC,0,251,0,,,,STLCT,30848,670
MON_STLCT_A0_PD,,NO_STLCT_N2,,M3/HR,0,INPREP_INC\KSTA\LDS\STLCT.INC,0,21,0,,,,STLCT,30346,2640
MON_STLCT_A0_PMLD,,NO_STLCT_D,,M3/HR,0,INPREP_INC\KSTA\KSTA_MONITORS.INC,0,259,0,,,,STLCT,30110,2163
MON_STLCT_A0_PMLS,,NO_STLCT_S,,M3/HR,0,INPREP_INC\KSTA\KSTA_MONITORS.INC,0,263,0,,,,WLBER,29944,2162
MON_STLCT_A0_POUT,,NO_STLCT_SWING_D,,M3/HR,0,INPREP_INC\KSTA\KSTA_MONITORS.INC,0,283,0,,,,STLCT,30404,1877
MON_STLCT_A0_PS,,NO_STLCT_N1,,M3/HR,0,INPREP_INC\KSTA\LDS\STLCT.INC,0,25,0,,,,WLBER,29952,2612
MON_STLCT_B0_POUT,,NO_STLCB_S,,M3/HR,0,INPREP_INC\KSTC\LDS\STLCB.INC,0,16,0,,,,STLCT,30599,2717
MON_STNTO_28_6_A0_PMLD,,NO_STNTO_28_6_D,,M3/HR,0,INPREP_INC\KSTA\KSTA_MONITORS.INC,0,751,0,,,,STNTO,27800,644
MON_STNTO_28_6_A0_PMLS,,NO_STNTO_28_6_S,,M3/HR,0,INPREP_INC\KSTA\KSTA_MONITORS.INC,0,755,0,,,,STNTO,27670,956
MON_STNTO_32_8_A0_PMLD,,NO_STNTO_32_8_D,,M3/HR,0,INPREP_INC\KSTA\KSTA_MONITORS.INC,0,759,0,,,,STNTO,28056,1188
MON_STNTO_32_8_A0_PMLS,,NO_STNTO_32_8_CKV_D,,M3/HR,0,INPREP_INC\KSTA\KSTA_MONITORS.INC,0,763,0,,,,STNTO,28450,975
MON_STNTO_37_6_A0_PMLD,,NO_STNTO_37_6_D,,M3/HR,0,INPREP_INC\KSTA\KSTA_MONITORS.INC,0,767,0,,,,STNTO,28457,1498
MON_STNTO_37_6_A0_PMLS,,NO_STNTO_37_6_S,,M3/HR,0,INPREP_INC\KSTA\KSTA_MONITORS.INC,0,771,0,,,,STNTO,28450,1350
MON_STNTO_A0_PD,,NO_STNTO_N2,,M3/HR,0,INPREP_INC\KSTA\LDS\STNTO.INC,0,19,0,,,,STNTO,28001,2651
MON_STNTO_A0_PMLD,,NO_STNTO_D,,M3/HR,0,INPREP_INC\KSTA\KSTA_MONITORS.INC,0,775,0,,,,STNTO,27793,2154
MON_STNTO_A0_PMLS,,NO_STNTO_S,,M3/HR,0,INPREP_INC\KSTA\KSTA_MONITORS.INC,0,779,0,,,,HRTGT,27549,2162
MON_STNTO_A0_PS,,NO_STNTO_N1,,M3/HR,0,INPREP_INC\KSTA\LDS\STNTO.INC,0,23,0,,,,HRTGT,27537,2623
MON_STWTV_11_6_A0_PMLD,,NO_STWTV_11_6_D,,M3/HR,0,INPREP_INC\KSTA\KSTA_MONITORS.INC,0,783,0,,,,STWTV,6753,1345
MON_STWTV_11_6_A0_PMLS,,NO_STWTV_11_6_S,,M3/HR,0,INPREP_INC\KSTA\KSTA_MONITORS.INC,0,787,0,,,,STWTV,6753,1711
MON_STWTV_31_2_A0_PMLD,,NO_STWTV_31_2_D,,M3/HR,0,INPREP_INC\KSTA\KSTA_MONITORS.INC,0,791,0,,,,STWTV,7401,1732
MON_STWTV_31_2_A0_PMLS,,NO_STWTV_31_2_S,,M3/HR,0,INPREP_INC\KSTA\KSTA_MONITORS.INC,0,795,0,,,,STWTV,7398,1325
MON_STWTV_A0_PD,,NO_STWTV_N2,,M3/HR,0,INPREP_INC\KSTA\LDS\STWTV.INC,0,19,0,,,,STWTV,6983,2617
MON_STWTV_A0_PMLD,,NO_STWTV_D,,M3/HR,0,INPREP_INC\KSTA\KSTA_MONITORS.INC,0,799,0,,,,STWTV,6767,2196
MON_STWTV_A0_PMLS,,NO_STWTV_S,,M3/HR,0,INPREP_INC\KSTA\KSTA_MONITORS.INC,0,803,0,,,,CABRP,6557,2204
MON_STWTV_A0_PS,,NO_STWTV_N1,,M3/HR,0,INPREP_INC\KSTA\LDS\STWTV.INC,0,23,0,,,,CABRP,6540,2614
MON_SVRNC_02_1_A0_PMLD,,NO_SVRNC_02_1_D,,M3/HR,0,INPREP_INC\KSTB\KSTB_MONITORS.INC,0,163,0,,,,SVRNC,31678,1520
MON_SVRNC_02_1_A0_PMLS,,NO_SVRNC_02_1_S,,M3/HR,0,INPREP_INC\KSTB\KSTB_MONITORS.INC,0,171,0,,,,SVRNC,31703,1884
MON_SVRNC_08_5_A0_PMLD,,NO_SVRNC_08_5_D,,M3/HR,0,INPREP_INC\KSTB\KSTB_MONITORS.INC,0,167,0,,,,SVRNC,31649,928
MON_SVRNC_08_5_A0_PMLS,,NO_SVRNC_08_5_S,,M3/HR,0,INPREP_INC\KSTB\KSTB_MONITORS.INC,0,175,0,,,,SVRNC,31650,1228
MON_SVRNC_16_6_A0_PMLD,,NO_SVRNC_16_6_D,,M3/HR,0,INPREP_INC\KSTB\KSTB_MONITORS.INC,0,179,0,,,,SVRNC,32471,904
MON_SVRNC_16_6_A0_PMLS,,NO_SVRNC_16_6_S,,M3/HR,0,INPREP_INC\KSTB\KSTB_MONITORS.INC,0,183,0,,,,SVRNC,32446,653
MON_SVRNC_A0_PD,,NO_SVRNC_N2,,M3/HR,0,INPREP_INC\KSTB\LDS\SVRNC.INC,0,19,0,,,,SVRNC,31971,2640
MON_SVRNC_A0_PMLD,,NO_SVRNC_D,,M3/HR,0,INPREP_INC\KSTB\KSTB_MONITORS.INC,0,187,0,,,,SVRNC,31767,2196
MON_SVRNC_A0_PMLS,,NO_SVRNC_S,,M3/HR,0,INPREP_INC\KSTB\KSTB_MONITORS.INC,0,191,0,,,,SNECA,31559,2216
MON_SVRNC_A0_PS,,NO_SVRNC_N1,,M3/HR,0,INPREP_INC\KSTB\LDS\SVRNC.INC,0,23,0,,,,SNECA,31548,2623
MON_TINAP_10_3_A0_PMLD,,NO_TINAP_10_3_D,,M3/HR,0,INPREP_INC\KSTB\KSTB_MONITORS.INC,0,195,0,,,,TINAP,33641,1584
MON_TINAP_10_3_A0_PMLS,,NO_TINAP_10_3_S,,M3/HR,0,INPREP_INC\KSTB\KSTB_MONITORS.INC,0,199,0,,,,TINAP,33644,1929
MON_TINAP_30_5_A0_PMLD,,NO_TINAP_30_5_D,,M3/HR,0,INPREP_INC\KSTB\KSTB_MONITORS.INC,0,203,0,,,,TINAP,34051,1978
MON_TINAP_30_5_A0_PMLS,,NO_TINAP_30_5_S,,M3/HR,0,INPREP_INC\KSTB\KSTB_MONITORS.INC,0,207,0,,,,TINAP,34002,1592
MON_TINAP_A0_PD,,NO_TINAP_N2,,M3/HR,0,INPREP_INC\KSTB\LDS\TINAP.INC,0,19,0,,,,TINAP,33561,2619
MON_TINAP_A0_PMLD,,NO_TINAP_D,,M3/HR,0,INPREP_INC\KSTB\KSTB_MONITORS.INC,0,211,0,,,,TINAP,33381,2159
MON_TINAP_A0_PMLS,,NO_TINAP_S,,M3/HR,0,INPREP_INC\KSTB\KSTB_MONITORS.INC,0,215,0,,,,TRNEY,33176,2179
MON_TINAP_A0_PS,,NO_TINAP_N1,,M3/HR,0,INPREP_INC\KSTB\LDS\TINAP.INC,0,23,0,,,,TRNEY,33148,2597
MON_TPELO_01A_B0_PMLD,,NO_TPELO_01A_D,,M3/HR,0,INPREP_INC\KSTD\KSTD_MONITORS.INC,0,471,0,,,,TPELO,36718,5290
MON_TPELO_01A_B0_PMLS,,NO_TPELO_01A_S,,M3/HR,0,INPREP_INC\KSTD\KSTD_MONITORS.INC,0,475,0,,,,TPELO,36764,5744
MON_TPELO_02A_B0_PMLD,,NO_TPELO_02A_D,,M3/HR,0,INPREP_INC\KSTD\KSTD_MONITORS.INC,0,479,0,,,,TPELO,37016,4851
MON_TPELO_02A_B0_PMLS,,NO_TPELO_02A_S,,M3/HR,0,INPREP_INC\KSTD\KSTD_MONITORS.INC,0,483,0,,,,TPELO,36549,4856
MON_TPELO_03A_B0_PMLD,,NO_TPELO_03A_D,,M3/HR,0,INPREP_INC\KSTD\KSTD_MONITORS.INC,0,487,0,,,,TPELO,37170,5722
MON_TPELO_03A_B0_PMLS,,NO_TPELO_03A_CKV_D,,M3/HR,0,INPREP_INC\KSTD\KSTD_MONITORS.INC,0,491,0,,,,TPELO,37150,5411
MON_TPELO_B0_PD,,NO_TPELO_N2,,M3/HR,0,INPREP_INC\KSTD\LDS\TPELO.INC,0,19,0,,,,TPELO,36700,6375
MON_TPELO_B0_PMLD,,NO_TPELO_D,,M3/HR,0,INPREP_INC\KSTD\KSTD_MONITORS.INC,0,495,0,,,,TPELO,36493,5948
MON_TPELO_B0_PMLS,,NO_TPELO_S,,M3/HR,0,INPREP_INC\KSTD\KSTD_MONITORS.INC,0,499,0,,,,CRMWL,36266,5961
MON_TPELO_B0_PS,,NO_TPELO_N1,,M3/HR,0,INPREP_INC\KSTD\LDS\TPELO.INC,0,23,0,,,,CRMWL,36243,6360
MON_TRNEY_22_5_A0_PMLD,,NO_TRNEY_22_5_D,,M3/HR,0,INPREP_INC\KSTB\KSTB_MONITORS.INC,0,219,0,,,,TRNEY,33109,1720
MON_TRNEY_22_5_A0_PMLS,,NO_TRNEY_22_5_S,,M3/HR,0,INPREP_INC\KSTB\KSTB_MONITORS.INC,0,223,0,,,,TRNEY,32595,1725
MON_TRNEY_A0_PD,,NO_TRNEY_N2,,M3/HR,0,INPREP_INC\KSTB\LDS\TRNEY.INC,0,19,0,,,,TRNEY,32759,2620
MON_TRNEY_A0_PMLD,,NO_TRNEY_D,,M3/HR,0,INPREP_INC\KSTB\KSTB_MONITORS.INC,0,227,0,,,,TRNEY,32567,2180
MON_TRNEY_A0_PMLS,,NO_TRNEY_S,,M3/HR,0,INPREP_INC\KSTB\KSTB_MONITORS.INC,0,231,0,,,,SVRNC,32388,2184
MON_TRNEY_A0_PS,,NO_TRNEY_N1,,M3/HR,0,INPREP_INC\KSTB\LDS\TRNEY.INC,0,23,0,,,,SVRNC,32340,2591
MON_WALHL_05_6_A0_PMLD,,NO_WALHL_05_6_D,,M3/HR,0,INPREP_INC\KSTA\KSTA_MONITORS.INC,0,807,0,,,,ELMCK,18844,1073
MON_WALHL_05_6_A0_PMLS,,NO_WALHL_05_6_S,,M3/HR,0,INPREP_INC\KSTA\KSTA_MONITORS.INC,0,811,0,,,,ELMCK,18907,1469
MON_WALHL_15_7_A0_PMLD,,NO_WALHL_15_7_D,,M3/HR,0,INPREP_INC\KSTA\KSTA_MONITORS.INC,0,815,0,,,,ELMCK,19670,826
MON_WALHL_15_7_A0_PMLS,,NO_WALHL_15_7_S,,M3/HR,0,INPREP_INC\KSTA\KSTA_MONITORS.INC,0,819,0,,,,ELMCK,19670,231
MON_WALHL_19_8_A0_PMLS,,NO_WALHL_19_8_D,,M3/HR,0,INPREP_INC\KSTA\KSTA_MONITORS.INC,0,823,0,,,,ELMCK,19622,1761
MON_WELWD_08_1_A0_PMLD,,NO_WELWD_08_1_D,,M3/HR,0,INPREP_INC\KSTA\KSTA_MONITORS.INC,0,827,0,,,,WELWD,16322,1541
MON_WELWD_08_1_A0_PMLS,,NO_WELWD_08_1_S,,M3/HR,0,INPREP_INC\KSTA\KSTA_MONITORS.INC,0,831,0,,,,WELWD,16274,1755
MON_WELWD_23_2_A0_PMLD,,NO_WELWD_23_2_D,,M3/HR,0,INPREP_INC\KSTA\KSTA_MONITORS.INC,0,835,0,,,,WELWD,16855,1013
MON_WELWD_23_2_A0_PMLS,,NO_WELWD_23_2_S,,M3/HR,0,INPREP_INC\KSTA\KSTA_MONITORS.INC,0,839,0,,,,WELWD,16318,1096
MON_WELWD_35_2_A0_PMLD,,NO_WELWD_35_2_D,,M3/HR,0,INPREP_INC\KSTA\KSTA_MONITORS.INC,0,843,0,,,,WELWD,17032,1975
MON_WELWD_35_2_A0_PMLS,,NO_WELWD_35_2_S,,M3/HR,0,INPREP_INC\KSTA\KSTA_MONITORS.INC,0,847,0,,,,WELWD,17054,1581
MON_WELWD_A0_PD,,NO_WELWD_N2,,M3/HR,0,INPREP_INC\KSTA\LDS\WELWD.INC,0,19,0,,,,WELWD,16594,2621
MON_WELWD_A0_PMLD,,NO_WELWD_D,,M3/HR,0,INPREP_INC\KSTA\KSTA_MONITORS.INC,0,851,0,,,,WELWD,16364,2177
MON_WELWD_A0_PMLS,,NO_WELWD_S,,M3/HR,0,INPREP_INC\KSTA\KSTA_MONITORS.INC,0,855,0,,,,RPDCT,16161,2180
MON_WELWD_A0_PS,,NO_WELWD_N1,,M3/HR,0,INPREP_INC\KSTA\LDS\WELWD.INC,0,23,0,,,,RPDCT,16158,2621
MON_WLBER_09_9_A0_PMLD,,NO_WLBER_09_9_D,,M3/HR,0,INPREP_INC\KSTA\KSTA_MONITORS.INC,0,859,0,,,,WLBER,29936,1668
MON_WLBER_09_9_A0_PMLS,,NO_WLBER_09_9_S,,M3/HR,0,INPREP_INC\KSTA\KSTA_MONITORS.INC,0,863,0,,,,WLBER,29352,1709
MON_WLBER_A0_PD,,NO_WLBER_N2,,M3/HR,0,INPREP_INC\KSTA\LDS\WLBER.INC,0,19,0,,,,WLBER,29566,2618
MON_WLBER_A0_PMLD,,NO_WLBER_D,,M3/HR,0,INPREP_INC\KSTA\KSTA_MONITORS.INC,0,867,0,,,,WLBER,29374,2159
MON_WLBER_A0_PMLS,,NO_WLBER_S,,M3/HR,0,INPREP_INC\KSTA\KSTA_MONITORS.INC,0,871,0,,,,DVDCT,29153,2155
MON_WLBER_A0_PS,,NO_WLBER_N1,,M3/HR,0,INPREP_INC\KSTA\LDS\WLBER.INC,0,23,0,,,,DVDCT,29143,2641
MON_WNSBR_01A_B0_PMLD,,NO_WNSBR_01A_D,,M3/HR,0,INPREP_INC\KSTD\KSTD_MONITORS.INC,0,503,0,,,,WNSBR,39168,4766
MON_WNSBR_01A_B0_PMLS,,NO_WNSBR_01A_S,,M3/HR,0,INPREP_INC\KSTD\KSTD_MONITORS.INC,0,507,0,,,,WNSBR,39176,5229
MON_WNSBR_01B_B0_PMLD,,NO_WNSBR_01B_D,,M3/HR,0,INPREP_INC\KSTD\KSTD_MONITORS.INC,0,511,0,,,,WNSBR,39189,5401
MON_WNSBR_01B_B0_PMLS,,NO_WNSBR_01B_S,,M3/HR,0,INPREP_INC\KSTD\KSTD_MONITORS.INC,0,515,0,,,,WNSBR,39146,5652
MON_WNSBR_02A_B0_PMLD,,NO_WNSBR_02A_D,,M3/HR,0,INPREP_INC\KSTD\KSTD_MONITORS.INC,0,519,0,,,,WNSBR,39532,4886
MON_WNSBR_02A_B0_PMLS,,NO_WNSBR_02A_S,,M3/HR,0,INPREP_INC\KSTD\KSTD_MONITORS.INC,0,523,0,,,,WNSBR,39416,4371
MON_WNSBR_03A_B0_PMLD,,NO_WNSBR_03A_D,,M3/HR,0,INPREP_INC\KSTD\KSTD_MONITORS.INC,0,527,0,,,,WNSBR,39560,5455
MON_WNSBR_03A_B0_PMLS,,NO_WNSBR_03A_S,,M3/HR,0,INPREP_INC\KSTD\KSTD_MONITORS.INC,0,531,0,,,,WNSBR,39559,5088
MON_WNSBR_B0_PD,,NO_WNSBR_N2,,M3/HR,0,INPREP_INC\KSTD\LDS\WNSBR.INC,0,19,0,,,,WNSBR,39096,6364
MON_WNSBR_B0_PMLD,,NO_WNSBR_D,,M3/HR,0,INPREP_INC\KSTD\KSTD_MONITORS.INC,0,535,0,,,,WNSBR,38891,5953
MON_WNSBR_B0_PMLS,,NO_WNSBR_S,,M3/HR,0,INPREP_INC\KSTD\KSTD_MONITORS.INC,0,539,0,,,,DELTA,38655,5954
MON_WNSBR_B0_PS,,NO_WNSBR_N1,,M3/HR,0,INPREP_INC\KSTD\LDS\WNSBR.INC,0,23,0,,,,DELTA,38649,6361
MON_WTWOD_24_7_A0_PMLD,,NO_WTWOD_24_7_D,,M3/HR,0,INPREP_INC\KSTA\KSTA_MONITORS.INC,0,875,0,,,,WTWOD,13746,1672
MON_WTWOD_24_7_A0_PMLS,,NO_WTWOD_24_7_S,,M3/HR,0,INPREP_INC\KSTA\KSTA_MONITORS.INC,0,879,0,,,,WTWOD,13179,1667
MON_WTWOD_A0_PD,,NO_WTWOD_N2,,M3/HR,0,INPREP_INC\KSTA\LDS\WTWOD.INC,0,19,0,,,,WTWOD,13416,2641
MON_WTWOD_A0_PMLD,,NO_WTWOD_D,,M3/HR,0,INPREP_INC\KSTA\KSTA_MONITORS.INC,0,883,0,,,,WTWOD,13172,2169
MON_WTWOD_A0_PMLS,,NO_WTWOD_S,,M3/HR,0,INPREP_INC\KSTA\KSTA_MONITORS.INC,0,887,0,,,,GRNFL,12954,2175
MON_WTWOD_A0_PS,,NO_WTWOD_N1,,M3/HR,0,INPREP_INC\KSTA\LDS\WTWOD.INC,0,23,0,,,,GRNFL,12949,2622
