,CCNC,ELEV,FLOWUNITS,FROM FILE,LINE,NOTE,PMAX,PMIN,PRATE,QMAX,QMIN,QRATE,SNQ,SPT,T+,TAGS,XCOORD,YCOORD
,n/a,M,n/a,n/a,n/a,n/a,KPAG,KPAG,KPA,M3/HR,M3/HR,M3/HR,M3/HR,n/a,DC,n/a,n/a,n/a
NO_BELPL_06_4_D,,,M3/HR,INPREP_INC\KSTA\KSTA_NODE.INC,265,,,,10000,,,,,Flow,5,,10070,1588
NO_BELPL_06_4_S,,,M3/HR,INPREP_INC\KSTA\KSTA_NODE.INC,263,,,,10000,,,,,Flow,5,,10070,1788
NO_BELPL_33_1_D,,,M3/HR,INPREP_INC\KSTA\KSTA_NODE.INC,269,,,,10000,,,,,Flow,5,,10470,988
NO_BELPL_33_1_S,,,M3/HR,INPREP_INC\KSTA\KSTA_NODE.INC,267,,,,10000,,,,,Flow,5,,10070,988
NO_BELPL_45_1_CKV_D,,,M3/HR,INPREP_INC\KSTA\KSTA_NODE.INC,587,,,,10000,,,,,Flow,5,,10470,1588
NO_BELPL_45_1_CKV_S,,,M3/HR,INPREP_INC\KSTA\KSTA_NODE.INC,585,,,,10000,,,,,Flow,5,,10470,1388
NO_BELPL_45_1_D,,,M3/HR,INPREP_INC\KSTA\KSTA_NODE.INC,589,,,,10000,,,,,Flow,5,,10470,1788
NO_BELPL_D,,,M3/HR,INPREP_INC\KSTA\KSTA_NODE.INC,55,,,,10000,,,,,Flow,5,,10070,2250
NO_BELPL_N1,,,M3/HR,INPREP_INC\KSTA\LDS\BELPL.INC,90,,,,10000,,,,,Flow,5,,9670,2690
NO_BELPL_N2,,,M3/HR,INPREP_INC\KSTA\LDS\BELPL.INC,23,,,,10000,,,,,Flow,5,,10070,2690
NO_BELPL_S,,,M3/HR,INPREP_INC\KSTA\KSTA_NODE.INC,53,,,,10000,,,,,Flow,5,,9670,2250
NO_BNDLO_20_5_D,,,M3/HR,INPREP_INC\KSTA\KSTA_NODE.INC,219,,,,10000,,,,,Flow,5,,4470,1588
NO_BNDLO_20_5_S,,,M3/HR,INPREP_INC\KSTA\KSTA_NODE.INC,217,,,,10000,,,,,Flow,5,,4470,1788
NO_BNDLO_22_0_CKV_D,,,M3/HR,INPREP_INC\KSTA\KSTA_NODE.INC,223,,,,10000,,,,,Flow,5,,4470,1188
NO_BNDLO_22_0_CKV_S,,,M3/HR,INPREP_INC\KSTA\KSTA_NODE.INC,221,,,,10000,,,,,Flow,5,,4470,1388
NO_BNDLO_22_0_D,,,M3/HR,INPREP_INC\KSTA\KSTA_NODE.INC,225,,,,10000,,,,,Flow,5,,4470,888
NO_BNDLO_D,,,M3/HR,INPREP_INC\KSTA\KSTA_NODE.INC,27,,,,10000,,,,,Flow,5,,4470,2250
NO_BNDLO_N1,,,M3/HR,INPREP_INC\KSTA\LDS\BNDLO.INC,87,,,,10000,,,,,Flow,5,,4070,2690
NO_BNDLO_N2,,,M3/HR,INPREP_INC\KSTA\LDS\BNDLO.INC,89,,,,10000,,,,,Flow,5,,4470,2690
NO_BNDLO_S,,,M3/HR,INPREP_INC\KSTA\KSTA_NODE.INC,25,,,,10000,,,,,Flow,5,,4070,2250
NO_BRSTL_31_2_D,,,M3/HR,INPREP_INC\KSTA\KSTA_NODE.INC,229,,,,10000,,,,,Flow,5,,4870,1888
NO_BRSTL_31_2_S,,,M3/HR,INPREP_INC\KSTA\KSTA_NODE.INC,227,,,,10000,,,,,Flow,5,,4870,1688
NO_BRSTL_D,,,M3/HR,INPREP_INC\KSTA\KSTA_NODE.INC,231,,,,10000,,,,,Flow,5,,4870,1388
NO_BRSTL_N1,,,M3/HR,INPREP_INC\KSTA\LDS\BRSTL.INC,9,,,,10000,,,,,Flow,5,,4870,1050
NO_BRSTL_N2,,,M3/HR,INPREP_INC\KSTA\LDS\BRSTL.INC,7,,,,10000,,,,,Flow,5,,4870,1200
NO_BRSTL_S,,,M3/HR,INPREP_INC\KSTA\KSTA_NODE.INC,3,,,,10000,,,,,Flow,5,,4870,900
NO_BRYAN_01A_D,,,M3/HR,INPREP_INC\KSTD\KSTD_NODE.INC,146,,,,10000,,,,,Flow,5,,37382,5459
NO_BRYAN_01A_S,,,M3/HR,INPREP_INC\KSTD\KSTD_NODE.INC,150,,,,10000,,,,,Flow,5,,37382,5659
NO_BRYAN_01B_D,,,M3/HR,INPREP_INC\KSTD\KSTD_NODE.INC,148,,,,10000,,,,,Flow,5,,37382,4853
NO_BRYAN_01B_S,,,M3/HR,INPREP_INC\KSTD\KSTD_NODE.INC,154,,,,10000,,,,,Flow,5,,37382,5142
NO_BRYAN_02A_CKV_D,,,M3/HR,INPREP_INC\KSTD\KSTD_NODE.INC,158,,,,10000,,,,,Flow,5,,37382,4253
NO_BRYAN_02A_CKV_S,,,M3/HR,INPREP_INC\KSTD\KSTD_NODE.INC,174,,,,10000,,,,,Flow,5,,37382,4453
NO_BRYAN_02A_D,,,M3/HR,INPREP_INC\KSTD\KSTD_NODE.INC,170,,,,10000,,,,,Flow,5,,37780,4259
NO_BRYAN_02B_D,,,M3/HR,INPREP_INC\KSTD\KSTD_NODE.INC,182,,,,10000,,,,,Flow,5,,37780,4759
NO_BRYAN_02B_S,,,M3/HR,INPREP_INC\KSTD\KSTD_NODE.INC,180,,,,10000,,,,,Flow,5,,37780,4559
NO_BRYAN_03A_D,,,M3/HR,INPREP_INC\KSTD\KSTD_NODE.INC,190,,,,10000,,,,,Flow,5,,37780,5259
NO_BRYAN_03A_S,,,M3/HR,INPREP_INC\KSTD\KSTD_NODE.INC,184,,,,10000,,,,,Flow,5,,37780,5059
NO_BRYAN_04A_CKV_D,,,M3/HR,INPREP_INC\KSTD\KSTD_NODE.INC,188,,,,10000,,,,,Flow,5,,37780,5589
NO_BRYAN_04A_CKV_S,,,M3/HR,INPREP_INC\KSTD\KSTD_NODE.INC,3,,,,10000,,,,,Flow,5,,37780,5431
NO_BRYAN_04A_D,,,M3/HR,INPREP_INC\KSTD\KSTD_NODE.INC,186,,,,10000,,,,,Flow,5,,37780,5729
NO_BRYAN_D,,,M3/HR,INPREP_INC\KSTD\KSTD_NODE.INC,80,,,,10000,,,,,Flow,5,,37382,6053
NO_BRYAN_N1,,,M3/HR,INPREP_INC\KSTD\LDS\BRYAN.INC,23,,,,10000,,,,,Flow,5,,36980,6441
NO_BRYAN_N2,,,M3/HR,INPREP_INC\KSTD\LDS\BRYAN.INC,25,,,,10000,,,,,Flow,5,,37382,6441
NO_BRYAN_S,,,M3/HR,INPREP_INC\KSTD\KSTD_NODE.INC,56,,,,10000,,,,,Flow,5,,36980,6053
NO_BURNS_01A_D,,,M3/HR,INPREP_INC\KSTC\KSTC_NODE.INC,55,,,,10000,,,,,Flow,5,,32025,5548
NO_BURNS_01A_S,,,M3/HR,INPREP_INC\KSTC\KSTC_NODE.INC,53,,,,10000,,,,,Flow,5,,32025,5360
NO_BURNS_D,,,M3/HR,INPREP_INC\KSTC\KSTC_NODE.INC,51,,,,10000,,,,,Flow,5,,32025,5136
NO_BURNS_N1,,,M3/HR,INPREP_INC\KSTC\LDS\BURNS.INC,6,,,,10000,,,,,Flow,5,,32025,4598
NO_BURNS_N2,,,M3/HR,INPREP_INC\KSTC\LDS\BURNS.INC,8,,,,10000,,,,,Flow,5,,32025,4898
NO_BURNS_S,,,M3/HR,INPREP_INC\KSTC\KSTC_NODE.INC,49,,,,10000,,,,,Flow,5,,32025,4276
NO_CABRP_25_1_D,,,M3/HR,INPREP_INC\KSTA\KSTA_NODE.INC,239,,,,10000,,,,,Flow,5,,6470,1788
NO_CABRP_25_1_S,,,M3/HR,INPREP_INC\KSTA\KSTA_NODE.INC,237,,,,10000,,,,,Flow,5,,6070,1788
NO_CABRP_D,,,M3/HR,INPREP_INC\KSTA\KSTA_NODE.INC,35,,,,10000,,,,,Flow,5,,6070,2250
NO_CABRP_N1,,,M3/HR,INPREP_INC\KSTA\LDS\CABRP.INC,23,,,,10000,,,,,Flow,5,,5670,2690
NO_CABRP_N2,,,M3/HR,INPREP_INC\KSTA\LDS\CABRP.INC,25,,,,10000,,,,,Flow,5,,6070,2690
NO_CABRP_S,,,M3/HR,INPREP_INC\KSTA\KSTA_NODE.INC,33,,,,10000,,,,,Flow,5,,5670,2250
NO_CARMA_36_4_D,,,M3/HR,INPREP_INC\KSTA\KSTA_NODE.INC,353,,,,10000,,,,,Flow,5,,18270,1388
NO_CARMA_36_4_S,,,M3/HR,INPREP_INC\KSTA\KSTA_NODE.INC,349,,,,10000,,,,,Flow,5,,18270,1766
NO_CARMA_49_2_CKV_D,,,M3/HR,INPREP_INC\KSTA\KSTA_NODE.INC,359,,,,10000,,,,,Flow,5,,18670,1588
NO_CARMA_49_2_CKV_S,,,M3/HR,INPREP_INC\KSTA\KSTA_NODE.INC,357,,,,10000,,,,,Flow,5,,18670,1388
NO_CARMA_49_2_D,,,M3/HR,INPREP_INC\KSTA\KSTA_NODE.INC,559,,,,10000,,,,,Flow,5,,18670,1857
NO_CARMA_D,,,M3/HR,INPREP_INC\KSTA\KSTA_NODE.INC,109,,,,10000,,,,,Flow,5,,18270,2250
NO_CARMA_N1,,,M3/HR,INPREP_INC\KSTA\LDS\CARMA.INC,23,,,,10000,,,,,Flow,5,,17670,2710
NO_CARMA_N2,,,M3/HR,INPREP_INC\KSTA\LDS\CARMA.INC,25,,,,10000,,,,,Flow,5,,18270,2710
NO_CARMA_S,,,M3/HR,INPREP_INC\KSTA\KSTA_NODE.INC,107,,,,10000,,,,,Flow,5,,17670,2250
NO_CAROP_23_3_D,,,M3/HR,INPREP_INC\KSTA\KSTA_NODE.INC,259,,,,10000,,,,,Flow,5,,9270,1588
NO_CAROP_23_3_S,,,M3/HR,INPREP_INC\KSTA\KSTA_NODE.INC,257,,,,10000,,,,,Flow,5,,9270,1788
NO_CAROP_39_7_D,,,M3/HR,INPREP_INC\KSTA\KSTA_NODE.INC,541,,,,10000,,,,,Flow,5,,9670,988
NO_CAROP_39_7_S,,,M3/HR,INPREP_INC\KSTA\KSTA_NODE.INC,539,,,,10000,,,,,Flow,5,,9270,988
NO_CAROP_40_8_CKV_D,,,M3/HR,INPREP_INC\KSTA\KSTA_NODE.INC,261,,,,10000,,,,,Flow,5,,9670,1588
NO_CAROP_40_8_CKV_S,,,M3/HR,INPREP_INC\KSTA\KSTA_NODE.INC,543,,,,10000,,,,,Flow,5,,9670,1388
NO_CAROP_40_8_D,,,M3/HR,INPREP_INC\KSTA\KSTA_NODE.INC,545,,,,10000,,,,,Flow,5,,9670,1788
NO_CAROP_D,,,M3/HR,INPREP_INC\KSTA\KSTA_NODE.INC,51,,,,10000,,,,,Flow,5,,9270,2250
NO_CAROP_N1,,,M3/HR,INPREP_INC\KSTA\LDS\CAROP.INC,23,,,,10000,,,,,Flow,5,,8870,2690
NO_CAROP_N2,,,M3/HR,INPREP_INC\KSTA\LDS\CAROP.INC,25,,,,10000,,,,,Flow,5,,9270,2690
NO_CAROP_S,,,M3/HR,INPREP_INC\KSTA\KSTA_NODE.INC,49,,,,10000,,,,,Flow,5,,8870,2250
NO_CHPLN_05_1_D,,,M3/HR,INPREP_INC\KSTA\KSTA_NODE.INC,251,,,,10000,,,,,Flow,5,,8470,1588
NO_CHPLN_05_1_S,,,M3/HR,INPREP_INC\KSTA\KSTA_NODE.INC,249,,,,10000,,,,,Flow,5,,8470,1788
NO_CHPLN_32_8_D,,,M3/HR,INPREP_INC\KSTA\KSTA_NODE.INC,255,,,,10000,,,,,Flow,5,,8870,1188
NO_CHPLN_32_8_S,,,M3/HR,INPREP_INC\KSTA\KSTA_NODE.INC,253,,,,10000,,,,,Flow,5,,8470,1188
NO_CHPLN_51_6_D,,,M3/HR,INPREP_INC\KSTA\KSTA_NODE.INC,537,,,,10000,,,,,Flow,5,,8870,1788
NO_CHPLN_51_6_S,,,M3/HR,INPREP_INC\KSTA\KSTA_NODE.INC,535,,,,10000,,,,,Flow,5,,8870,1588
NO_CHPLN_D,,,M3/HR,INPREP_INC\KSTA\KSTA_NODE.INC,47,,,,10000,,,,,Flow,5,,8470,2250
NO_CHPLN_N1,,,M3/HR,INPREP_INC\KSTA\LDS\CHPLN.INC,23,,,,10000,,,,,Flow,5,,8070,2690
NO_CHPLN_N2,,,M3/HR,INPREP_INC\KSTA\LDS\CHPLN.INC,25,,,,10000,,,,,Flow,5,,8470,2690
NO_CHPLN_S,,,M3/HR,INPREP_INC\KSTA\KSTA_NODE.INC,45,,,,10000,,,,,Flow,5,,8070,2250
NO_CITGO_D,,,M3/HR,INPREP_INC\KSTD\KSTD_NODE.INC,252,,,,10000,,,,,Flow,5,,42175,4417
NO_CITGO_DEL,,,M3/HR,INPREP_INC\KSTD\KSTD_NODE.INC,294,,,,10000,,,,,Flow,,,42176,4219
NO_CITGO_S,,,M3/HR,INPREP_INC\KSTD\KSTD_NODE.INC,270,,,,10000,,,,,Flow,5,,42173,4666
NO_CNTRL_19_5_D,,,M3/HR,INPREP_INC\KSTB\KSTB_NODE.INC,97,,,,10000,,,,,Flow,5,,35070,1628
NO_CNTRL_19_5_S,,,M3/HR,INPREP_INC\KSTB\KSTB_NODE.INC,95,,,,10000,,,,,Flow,5,,35070,1828
NO_CNTRL_21_1_CKV_D,,,M3/HR,INPREP_INC\KSTB\KSTB_NODE.INC,101,,,,10000,,,,,Flow,5,,35470,1228
NO_CNTRL_21_1_CKV_S,,,M3/HR,INPREP_INC\KSTB\KSTB_NODE.INC,99,,,,10000,,,,,Flow,5,,35070,1228
NO_CNTRL_21_1_D,,,M3/HR,INPREP_INC\KSTB\KSTB_NODE.INC,103,,,,10000,,,,,Flow,5,,35470,1828
NO_CNTRL_D,,,M3/HR,INPREP_INC\KSTB\KSTB_NODE.INC,27,,,,10000,,,,,Flow,5,,35070,2250
NO_CNTRL_N1,,,M3/HR,INPREP_INC\KSTB\LDS\CNTRL.INC,39,,,,10000,,,,,Flow,5,,34670,2690
NO_CNTRL_N2,,,M3/HR,INPREP_INC\KSTB\LDS\CNTRL.INC,41,,,,10000,,,,,Flow,5,,35070,2690
NO_CNTRL_S,,,M3/HR,INPREP_INC\KSTB\KSTB_NODE.INC,25,,,,10000,,,,,Flow,5,,34670,2250
NO_CORGN_01A_D,,,M3/HR,INPREP_INC\KSTD\KSTD_NODE.INC,238,,,,10000,,,,,Flow,5,,41378,4853
NO_CORGN_01A_S,,,M3/HR,INPREP_INC\KSTD\KSTD_NODE.INC,232,,,,10000,,,,,Flow,5,,41378,5105
NO_CORGN_01B_D,,,M3/HR,INPREP_INC\KSTD\KSTD_NODE.INC,230,,,,10000,,,,,Flow,5,,41378,5453
NO_CORGN_01B_S,,,M3/HR,INPREP_INC\KSTD\KSTD_NODE.INC,228,,,,10000,,,,,Flow,5,,41378,5653
NO_CORGN_02A_D,,,M3/HR,INPREP_INC\KSTD\KSTD_NODE.INC,240,,,,10000,,,,,Flow,5,,41780,5133
NO_CORGN_02A_S,,,M3/HR,INPREP_INC\KSTD\KSTD_NODE.INC,234,,,,10000,,,,,Flow,5,,41780,4853
NO_CORGN_03A_D,,,M3/HR,INPREP_INC\KSTD\KSTD_NODE.INC,244,,,,10000,,,,,Flow,5,,41780,5653
NO_CORGN_03A_S,,,M3/HR,INPREP_INC\KSTD\KSTD_NODE.INC,236,,,,10000,,,,,Flow,5,,41780,5453
NO_CORGN_D,,,M3/HR,INPREP_INC\KSTD\KSTD_NODE.INC,92,,,,10000,,,,,Flow,5,,41378,6053
NO_CORGN_N1,,,M3/HR,INPREP_INC\KSTD\LDS\CORGN.INC,23,,,,10000,,,,,Flow,5,,40980,6441
NO_CORGN_N2,,,M3/HR,INPREP_INC\KSTD\LDS\CORGN.INC,25,,,,10000,,,,,Flow,5,,41378,6441
NO_CORGN_S,,,M3/HR,INPREP_INC\KSTD\KSTD_NODE.INC,72,,,,10000,,,,,Flow,5,,40980,6053
NO_CRMWL_01A_D,,,M3/HR,INPREP_INC\KSTD\KSTD_NODE.INC,132,,,,10000,,,,,Flow,5,,35784,5453
NO_CRMWL_01A_S,,,M3/HR,INPREP_INC\KSTD\KSTD_NODE.INC,116,,,,10000,,,,,Flow,5,,35784,5681
NO_CRMWL_02A_D,,,M3/HR,INPREP_INC\KSTD\KSTD_NODE.INC,134,,,,10000,,,,,Flow,5,,36180,5053
NO_CRMWL_02A_S,,,M3/HR,INPREP_INC\KSTD\KSTD_NODE.INC,118,,,,10000,,,,,Flow,5,,35784,5053
NO_CRMWL_03A_CKV_D,,,M3/HR,INPREP_INC\KSTD\KSTD_NODE.INC,120,,,,10000,,,,,Flow,5,,36180,5453
NO_CRMWL_03A_CKV_S,,,M3/HR,INPREP_INC\KSTD\KSTD_NODE.INC,112,,,,10000,,,,,Flow,5,,36180,5261
NO_CRMWL_03A_D,,,M3/HR,INPREP_INC\KSTD\KSTD_NODE.INC,136,,,,10000,,,,,Flow,5,,36180,5700
NO_CRMWL_D,,,M3/HR,INPREP_INC\KSTD\KSTD_NODE.INC,74,,,,10000,,,,,Flow,5,,35784,6053
NO_CRMWL_N1,,,M3/HR,INPREP_INC\KSTD\LDS\CRMWL.INC,15,,,,10000,,,,,Flow,5,,35380,6441
NO_CRMWL_N2,,,M3/HR,INPREP_INC\KSTD\LDS\CRMWL.INC,17,,,,10000,,,,,Flow,5,,35784,6441
NO_CRMWL_S,,,M3/HR,INPREP_INC\KSTD\KSTD_NODE.INC,52,,,,10000,,,,,Flow,5,,35380,6053
NO_CRNDL_08_1_CKV_D,,,M3/HR,INPREP_INC\KSTA\KSTA_NODE.INC,325,,,,10000,,,,,Flow,5,,14870,1488
NO_CRNDL_08_1_CKV_S,,,M3/HR,INPREP_INC\KSTA\KSTA_NODE.INC,323,,,,10000,,,,,Flow,5,,14870,1788
NO_CRNDL_08_1_D,,,M3/HR,INPREP_INC\KSTA\KSTA_NODE.INC,317,,,,10000,,,,,Flow,5,,14870,1288
NO_CRNDL_26_4_D,,,M3/HR,INPREP_INC\KSTA\KSTA_NODE.INC,321,,,,10000,,,,,Flow,5,,14870,688
NO_CRNDL_26_4_S,,,M3/HR,INPREP_INC\KSTA\KSTA_NODE.INC,319,,,,10000,,,,,Flow,5,,14870,888
NO_CRNDL_39_7_D,,,M3/HR,INPREP_INC\KSTA\KSTA_NODE.INC,327,,,,10000,,,,,Flow,5,,15270,988
NO_CRNDL_39_7_S,,,M3/HR,INPREP_INC\KSTA\KSTA_NODE.INC,549,,,,10000,,,,,Flow,5,,15270,688
NO_CRNDL_43_0_CKV_D,,,M3/HR,INPREP_INC\KSTA\KSTA_NODE.INC,571,,,,10000,,,,,Flow,5,,15270,1588
NO_CRNDL_43_0_CKV_S,,,M3/HR,INPREP_INC\KSTA\KSTA_NODE.INC,569,,,,10000,,,,,Flow,5,,15270,1388
NO_CRNDL_43_0_D,,,M3/HR,INPREP_INC\KSTA\KSTA_NODE.INC,573,,,,10000,,,,,Flow,5,,15270,1788
NO_CRNDL_D,,,M3/HR,INPREP_INC\KSTA\KSTA_NODE.INC,93,,,,10000,,,,,Flow,5,,14870,2250
NO_CRNDL_N1,,,M3/HR,INPREP_INC\KSTA\LDS\CRNDL.INC,23,,,,10000,,,,,Flow,5,,14470,2690
NO_CRNDL_N2,,,M3/HR,INPREP_INC\KSTA\LDS\CRNDL.INC,25,,,,10000,,,,,Flow,5,,14870,2690
NO_CRNDL_S,,,M3/HR,INPREP_INC\KSTA\KSTA_NODE.INC,91,,,,10000,,,,,Flow,5,,14470,2250
NO_CRPTR_15_7_D,,,M3/HR,INPREP_INC\KSTA\KSTA_NODE.INC,431,,,,10000,,,,,Flow,5,,24670,1588
NO_CRPTR_15_7_S,,,M3/HR,INPREP_INC\KSTA\KSTA_NODE.INC,429,,,,10000,,,,,Flow,5,,24670,1800
NO_CRPTR_44_2_D,,,M3/HR,INPREP_INC\KSTA\KSTA_NODE.INC,435,,,,10000,,,,,Flow,5,,25070,1800
NO_CRPTR_44_2_S,,,M3/HR,INPREP_INC\KSTA\KSTA_NODE.INC,433,,,,10000,,,,,Flow,5,,25070,1588
NO_CRPTR_D,,,M3/HR,INPREP_INC\KSTA\KSTA_NODE.INC,141,,,,10000,,,,,Flow,5,,24670,2250
NO_CRPTR_N1,,,M3/HR,INPREP_INC\KSTA\LDS\CRPTR.INC,23,,,,10000,,,,,Flow,5,,24270,2690
NO_CRPTR_N2,,,M3/HR,INPREP_INC\KSTA\LDS\CRPTR.INC,25,,,,10000,,,,,Flow,5,,24670,2690
NO_CRPTR_S,,,M3/HR,INPREP_INC\KSTA\KSTA_NODE.INC,139,,,,10000,,,,,Flow,5,,24270,2250
NO_CSHNG_DEL,,,M3/HR,INPREP_INC\KSTC\KSTC_NODE.INC,101,,,,10000,,,,,Flow,5,,34265,6078
NO_CSHNG_N1,,,M3/HR,INPREP_INC\KSTC\KSTC_NODE.INC,109,,,,10000,,,,,Flow,5,,33865,6078
NO_CSHNG_S,,,M3/HR,INPREP_INC\KSTC\KSTC_NODE.INC,99,,,,10000,,,,,Flow,5,,33625,6078
NO_CSHSP_01A_D,,,M3/HR,INPREP_INC\KSTD\KSTD_NODE.INC,96,,,,10000,,,,,Flow,5,,34984,4955
NO_CSHSP_01A_S,,,M3/HR,INPREP_INC\KSTD\KSTD_NODE.INC,94,,,,10000,,,,,Flow,5,,34984,5195
NO_CSHSP_01B_D,,,M3/HR,INPREP_INC\KSTD\KSTD_NODE.INC,272,,,,10000,,,,,Flow,5,,34984,5523
NO_CSHSP_01B_S,,,M3/HR,INPREP_INC\KSTD\KSTD_NODE.INC,268,,,,10000,,,,,Flow,5,,34982,5701
NO_CSHSP_02A_CKV_D,,,M3/HR,INPREP_INC\KSTD\KSTD_NODE.INC,98,,,,10000,,,,,Flow,5,,34984,4343
NO_CSHSP_02A_CKV_S,,,M3/HR,INPREP_INC\KSTD\KSTD_NODE.INC,104,,,,10000,,,,,Flow,5,,34984,4581
NO_CSHSP_02A_D,,,M3/HR,INPREP_INC\KSTD\KSTD_NODE.INC,100,,,,10000,,,,,Flow,5,,35380,4341
NO_CSHSP_03A_D,,,M3/HR,INPREP_INC\KSTD\KSTD_NODE.INC,110,,,,10000,,,,,Flow,5,,35380,4997
NO_CSHSP_03A_S,,,M3/HR,INPREP_INC\KSTD\KSTD_NODE.INC,108,,,,10000,,,,,Flow,5,,35380,4717
NO_CSHSP_04A_CKV_D,,,M3/HR,INPREP_INC\KSTD\KSTD_NODE.INC,126,,,,10000,,,,,Flow,5,,35380,5503
NO_CSHSP_04A_CKV_S,,,M3/HR,INPREP_INC\KSTD\KSTD_NODE.INC,114,,,,10000,,,,,Flow,5,,35380,5271
NO_CSHSP_04A_D,,,M3/HR,INPREP_INC\KSTD\KSTD_NODE.INC,130,,,,10000,,,,,Flow,5,,35380,5703
NO_CSHSP_D1,,,M3/HR,INPREP_INC\KSTD\KSTD_NODE.INC,48,,,,10000,,,,,Flow,5,,34984,6077
NO_CSHSP_N1,,,M3/HR,INPREP_INC\KSTD\KSTD_NODE.INC,298,,,,10000,,,,,Flow,,,33625,6272
NO_CSHSP_N2,,,M3/HR,INPREP_INC\KSTD\LDS\CSHSP.INC,18,,,,10000,,,,,Flow,5,,34585,6448
NO_CSHSP_N3,,,M3/HR,INPREP_INC\KSTD\LDS\CSHSP.INC,20,,,,10000,,,,,Flow,5,,34985,6448
NO_CSHSP_S,,,M3/HR,INPREP_INC\KSTD\KSTD_NODE.INC,50,,,,10000,,,,,Flow,5,,33624,6448
NO_CSHTT_MB11_S,,,M3/HR,INPREP_INC\Externals\EXTERNALS.INC,637,,,,,,,,,Flow,,,33502,7170
NO_CSHTT_MB12_S,,,M3/HR,INPREP_INC\Externals\EXTERNALS.INC,639,,,,,,,,,Flow,,,33726,7180
NO_CSHTT_N2,,,M3/HR,INPREP_INC\KSTD\LDS\CSHTT.INC,5,,,,10000,,,,,Flow,,,33624,6672
NO_CSHTT_N3,,,M3/HR,INPREP_INC\KSTD\LDS\CSHTT.INC,7,,,,10000,,,,,Flow,,,33624,6556
NO_CSHTT_REC,,,M3/HR,INPREP_INC\KSTD\KSTD_NODE.INC,106,,,,10000,,,,,Flow,5,,33624,6907
NO_CTGOD_D,,,M3/HR,INPREP_INC\KSTD\KSTD_NODE.INC,304,,,,,,,,,Flow,,,42176,4327
NO_CTGOI_D,,,M3/HR,INPREP_INC\KSTD\KSTD_NODE.INC,254,,,,10000,,,,,Flow,5,,42171,4811
NO_CTGOI_S,,,M3/HR,INPREP_INC\KSTD\KSTD_NODE.INC,282,,,,10000,,,,,Flow,5,,42175,5138
NO_DELTA_01A_D,,,M3/HR,INPREP_INC\KSTD\KSTD_NODE.INC,172,,,,10000,,,,,Flow,5,,38182,5459
NO_DELTA_01A_S,,,M3/HR,INPREP_INC\KSTD\KSTD_NODE.INC,156,,,,10000,,,,,Flow,5,,38182,5659
NO_DELTA_02A_CKV_D,,,M3/HR,INPREP_INC\KSTD\KSTD_NODE.INC,160,,,,10000,,,,,Flow,5,,38182,4859
NO_DELTA_02A_CKV_S,,,M3/HR,INPREP_INC\KSTD\KSTD_NODE.INC,152,,,,10000,,,,,Flow,5,,38182,5159
NO_DELTA_02A_D,,,M3/HR,INPREP_INC\KSTD\KSTD_NODE.INC,176,,,,10000,,,,,Flow,5,,38182,4459
NO_DELTA_03A_D,,,M3/HR,INPREP_INC\KSTD\KSTD_NODE.INC,178,,,,10000,,,,,Flow,5,,38580,4763
NO_DELTA_03A_S,,,M3/HR,INPREP_INC\KSTD\KSTD_NODE.INC,162,,,,10000,,,,,Flow,5,,38580,4453
NO_DELTA_04A_D,,,M3/HR,INPREP_INC\KSTD\KSTD_NODE.INC,82,,,,10000,,,,,Flow,5,,38580,5159
NO_DELTA_04A_S,,,M3/HR,INPREP_INC\KSTD\KSTD_NODE.INC,164,,,,10000,,,,,Flow,5,,38580,4959
NO_DELTA_D,,,M3/HR,INPREP_INC\KSTD\KSTD_NODE.INC,76,,,,10000,,,,,Flow,5,,38182,6053
NO_DELTA_N1,,,M3/HR,INPREP_INC\KSTD\LDS\DELTA.INC,15,,,,10000,,,,,Flow,5,,37780,6441
NO_DELTA_N2,,,M3/HR,INPREP_INC\KSTD\LDS\DELTA.INC,17,,,,10000,,,,,Flow,5,,38182,6441
NO_DELTA_S,,,M3/HR,INPREP_INC\KSTD\KSTD_NODE.INC,58,,,,10000,,,,,Flow,5,,37780,6053
NO_DVDCT_21_5_D,,,M3/HR,INPREP_INC\KSTA\KSTA_NODE.INC,497,,,,10000,,,,,Flow,5,,28670,1688
NO_DVDCT_21_5_S,,,M3/HR,INPREP_INC\KSTA\KSTA_NODE.INC,495,,,,10000,,,,,Flow,5,,28670,1888
NO_DVDCT_25_6_CKV_S,,,M3/HR,INPREP_INC\KSTA\KSTA_NODE.INC,499,,,,10000,,,,,Flow,5,,28670,1388
NO_DVDCT_25_6_D,,,M3/HR,INPREP_INC\KSTA\KSTA_NODE.INC,501,,,,10000,,,,,Flow,5,,28670,788
NO_DVDCT_25_6_S,,,M3/HR,INPREP_INC\KSTA\KSTA_NODE.INC,601,,,,,,,,,Flow,,,28670,1200
NO_DVDCT_36_8_D,,,M3/HR,INPREP_INC\KSTA\KSTA_NODE.INC,507,,,,10000,,,,,Flow,5,,29070,1050
NO_DVDCT_36_8_S,,,M3/HR,INPREP_INC\KSTA\KSTA_NODE.INC,503,,,,10000,,,,,Flow,5,,29070,788
NO_DVDCT_39_2_D,,,M3/HR,INPREP_INC\KSTA\KSTA_NODE.INC,509,,,,10000,,,,,Flow,5,,29070,1270
NO_DVDCT_39_2_S,,,M3/HR,INPREP_INC\KSTA\KSTA_NODE.INC,505,,,,10000,,,,,Flow,5,,29070,1179
NO_DVDCT_41_6_CKV_D,,,M3/HR,INPREP_INC\KSTA\KSTA_NODE.INC,513,,,,10000,,,,,Flow,5,,29070,1588
NO_DVDCT_41_6_CKV_S,,,M3/HR,INPREP_INC\KSTA\KSTA_NODE.INC,511,,,,10000,,,,,Flow,5,,29070,1450
NO_DVDCT_41_6_D,,,M3/HR,INPREP_INC\KSTA\KSTA_NODE.INC,515,,,,10000,,,,,Flow,5,,29070,1788
NO_DVDCT_D,,,M3/HR,INPREP_INC\KSTA\KSTA_NODE.INC,161,,,,10000,,,,,Flow,5,,28670,2250
NO_DVDCT_N1,,,M3/HR,INPREP_INC\KSTA\LDS\DVDCT.INC,23,,,,10000,,,,,Flow,5,,28270,2690
NO_DVDCT_N2,,,M3/HR,INPREP_INC\KSTA\LDS\DVDCT.INC,25,,,,10000,,,,,Flow,5,,28670,2690
NO_DVDCT_S,,,M3/HR,INPREP_INC\KSTA\KSTA_NODE.INC,159,,,,10000,,,,,Flow,5,,28270,2250
NO_EDNBG_15_5_CKV_D,,,M3/HR,INPREP_INC\KSTA\KSTA_NODE.INC,383,,,,10000,,,,,Flow,5,,19870,1588
NO_EDNBG_15_5_CKV_S,,,M3/HR,INPREP_INC\KSTA\KSTA_NODE.INC,381,,,,10000,,,,,Flow,5,,19870,1788
NO_EDNBG_15_5_D,,,M3/HR,INPREP_INC\KSTA\KSTA_NODE.INC,591,,,,10000,,,,,Flow,5,,20270,1588
NO_EDNBG_D,,,M3/HR,INPREP_INC\KSTA\KSTA_NODE.INC,117,,,,10000,,,,,Flow,5,,19870,2250
NO_EDNBG_N1,,,M3/HR,INPREP_INC\KSTA\LDS\EDNBG.INC,23,,,,10000,,,,,Flow,5,,19470,2690
NO_EDNBG_N2,,,M3/HR,INPREP_INC\KSTA\LDS\EDNBG.INC,25,,,,10000,,,,,Flow,5,,19870,2690
NO_EDNBG_S,,,M3/HR,INPREP_INC\KSTA\KSTA_NODE.INC,115,,,,10000,,,,,Flow,5,,19470,2250
NO_ELMCK_D,,,M3/HR,INPREP_INC\KSTA\KSTA_NODE.INC,583,,,,10000,,,,,Flow,5,,17669,1783
NO_ELMCK_S,,,M3/HR,INPREP_INC\KSTA\KSTA_NODE.INC,5,,,,10000,,,,,Flow,5,,17670,1297
NO_ELMCK_VIRT_D,,,M3/HR,INPREP_INC\KSTA\KSTA_NODE.INC,351,,,,10000,,,,,Flow,5,,17671,1582
NO_ELMCK_VIRT_S,,,M3/HR,INPREP_INC\KSTA\KSTA_NODE.INC,355,,,,10000,,,,,Flow,5,,17670,1456
NO_FERNY_14_3_D,,,M3/HR,INPREP_INC\KSTA\KSTA_NODE.INC,417,,,,10000,,,,,Flow,5,,23870,1588
NO_FERNY_14_3_S,,,M3/HR,INPREP_INC\KSTA\KSTA_NODE.INC,415,,,,10000,,,,,Flow,5,,23870,1800
NO_FERNY_30_8_D,,,M3/HR,INPREP_INC\KSTA\KSTA_NODE.INC,421,,,,10000,,,,,Flow,5,,23870,988
NO_FERNY_30_8_S,,,M3/HR,INPREP_INC\KSTA\KSTA_NODE.INC,419,,,,10000,,,,,Flow,5,,23870,1188
NO_FERNY_38_9_CKV_D,,,M3/HR,INPREP_INC\KSTA\KSTA_NODE.INC,425,,,,10000,,,,,Flow,5,,24270,1188
NO_FERNY_38_9_CKV_S,,,M3/HR,INPREP_INC\KSTA\KSTA_NODE.INC,423,,,,10000,,,,,Flow,5,,24270,988
NO_FERNY_38_9_D,,,M3/HR,INPREP_INC\KSTA\KSTA_NODE.INC,427,,,,10000,,,,,Flow,5,,24270,1888
NO_FERNY_D,,,M3/HR,INPREP_INC\KSTA\KSTA_NODE.INC,137,,,,10000,,,,,Flow,5,,23870,2250
NO_FERNY_N1,,,M3/HR,INPREP_INC\KSTA\LDS\FERNY.INC,23,,,,10000,,,,,Flow,5,,23470,2690
NO_FERNY_N2,,,M3/HR,INPREP_INC\KSTA\LDS\FERNY.INC,25,,,,10000,,,,,Flow,5,,23870,2690
NO_FERNY_S,,,M3/HR,INPREP_INC\KSTA\KSTA_NODE.INC,135,,,,10000,,,,,Flow,5,,23470,2250
NO_FREMA_12_1_D,,,M3/HR,INPREP_INC\KSTA\KSTA_NODE.INC,449,,,,10000,,,,,Flow,5,,26270,1588
NO_FREMA_12_1_S,,,M3/HR,INPREP_INC\KSTA\KSTA_NODE.INC,447,,,,10000,,,,,Flow,5,,26270,1800
NO_FREMA_25_7_D,,,M3/HR,INPREP_INC\KSTA\KSTA_NODE.INC,455,,,,10000,,,,,Flow,5,,26308,1000
NO_FREMA_25_7_S,,,M3/HR,INPREP_INC\KSTA\KSTA_NODE.INC,451,,,,10000,,,,,Flow,5,,26270,1288
NO_FREMA_30_8_D,,,M3/HR,INPREP_INC\KSTA\KSTA_NODE.INC,457,,,,10000,,,,,Flow,5,,26548,893
NO_FREMA_30_8_S,,,M3/HR,INPREP_INC\KSTA\KSTA_NODE.INC,453,,,,10000,,,,,Flow,5,,26403,849
NO_FREMA_39_3_CKV_D,,,M3/HR,INPREP_INC\KSTA\KSTA_NODE.INC,461,,,,10000,,,,,Flow,5,,26670,1388
NO_FREMA_39_3_CKV_S,,,M3/HR,INPREP_INC\KSTA\KSTA_NODE.INC,459,,,,10000,,,,,Flow,5,,26670,1100
NO_FREMA_39_3_D,,,M3/HR,INPREP_INC\KSTA\KSTA_NODE.INC,463,,,,10000,,,,,Flow,5,,26670,1788
NO_FREMA_D,,,M3/HR,INPREP_INC\KSTA\KSTA_NODE.INC,149,,,,10000,,,,,Flow,5,,26270,2250
NO_FREMA_N1,,,M3/HR,INPREP_INC\KSTA\LDS\FREMA.INC,23,,,,10000,,,,,Flow,5,,25870,2690
NO_FREMA_N2,,,M3/HR,INPREP_INC\KSTA\LDS\FREMA.INC,25,,,,10000,,,,,Flow,5,,26270,2690
NO_FREMA_S,,,M3/HR,INPREP_INC\KSTA\KSTA_NODE.INC,147,,,,10000,,,,,Flow,5,,25870,2250
NO_FTRSM_09_5_D,,,M3/HR,INPREP_INC\KSTA\KSTA_NODE.INC,399,,,,10000,,,,,Flow,5,,22270,1588
NO_FTRSM_09_5_S,,,M3/HR,INPREP_INC\KSTA\KSTA_NODE.INC,397,,,,10000,,,,,Flow,5,,22270,1800
NO_FTRSM_15_5_CKV_D,,,M3/HR,INPREP_INC\KSTA\KSTA_NODE.INC,403,,,,10000,,,,,Flow,5,,22270,988
NO_FTRSM_15_5_CKV_S,,,M3/HR,INPREP_INC\KSTA\KSTA_NODE.INC,401,,,,10000,,,,,Flow,5,,22270,1188
NO_FTRSM_15_5_D,,,M3/HR,INPREP_INC\KSTA\KSTA_NODE.INC,405,,,,10000,,,,,Flow,5,,22670,988
NO_FTRSM_31_7_D,,,M3/HR,INPREP_INC\KSTA\KSTA_NODE.INC,409,,,,10000,,,,,Flow,5,,22670,1788
NO_FTRSM_31_7_S,,,M3/HR,INPREP_INC\KSTA\KSTA_NODE.INC,407,,,,10000,,,,,Flow,5,,22670,1588
NO_FTRSM_D,,,M3/HR,INPREP_INC\KSTA\KSTA_NODE.INC,129,,,,10000,,,,,Flow,5,,22270,2250
NO_FTRSM_N1,,,M3/HR,INPREP_INC\KSTA\LDS\FTRSM.INC,23,,,,10000,,,,,Flow,5,,21870,2690
NO_FTRSM_N2,,,M3/HR,INPREP_INC\KSTA\LDS\FTRSM.INC,25,,,,10000,,,,,Flow,5,,22270,2690
NO_FTRSM_S,,,M3/HR,INPREP_INC\KSTA\KSTA_NODE.INC,127,,,,10000,,,,,Flow,5,,21870,2250
NO_GRNFL_26_2_D,,,M3/HR,INPREP_INC\KSTA\KSTA_NODE.INC,291,,,,10000,,,,,Flow,5,,12470,1388
NO_GRNFL_26_2_S,,,M3/HR,INPREP_INC\KSTA\KSTA_NODE.INC,289,,,,10000,,,,,Flow,5,,12470,1788
NO_GRNFL_D,,,M3/HR,INPREP_INC\KSTA\KSTA_NODE.INC,79,,,,10000,,,,,Flow,5,,12470,2250
NO_GRNFL_N1,,,M3/HR,INPREP_INC\KSTA\LDS\GRNFL.INC,23,,,,10000,,,,,Flow,5,,12070,2690
NO_GRNFL_N2,,,M3/HR,INPREP_INC\KSTA\LDS\GRNFL.INC,25,,,,10000,,,,,Flow,5,,12470,2690
NO_GRNFL_S,,,M3/HR,INPREP_INC\KSTA\KSTA_NODE.INC,75,,,,10000,,,,,Flow,5,,12070,2250
NO_HOPEP_01A_D,,,M3/HR,INPREP_INC\KSTC\KSTC_NODE.INC,41,,,,10000,,,,,Flow,5,,31625,5336
NO_HOPEP_01A_S,,,M3/HR,INPREP_INC\KSTC\KSTC_NODE.INC,39,,,,10000,,,,,Flow,5,,31625,5548
NO_HOPEP_02A_CKV_D,,,M3/HR,INPREP_INC\KSTC\KSTC_NODE.INC,45,,,,10000,,,,,Flow,5,,31625,4476
NO_HOPEP_02A_CKV_S,,,M3/HR,INPREP_INC\KSTC\KSTC_NODE.INC,43,,,,10000,,,,,Flow,5,,31625,4878
NO_HOPEP_02A_D,,,M3/HR,INPREP_INC\KSTC\KSTC_NODE.INC,47,,,,10000,,,,,Flow,5,,31625,4276
NO_HOPEP_D,,,M3/HR,INPREP_INC\KSTC\KSTC_NODE.INC,37,,,,10000,,,,,Flow,5,,31625,5936
NO_HOPEP_N1,,,M3/HR,INPREP_INC\KSTC\LDS\HOPEP.INC,23,,,,10000,,,,,Flow,5,,31225,6438
NO_HOPEP_N2,,,M3/HR,INPREP_INC\KSTC\LDS\HOPEP.INC,25,,,,10000,,,,,Flow,5,,31625,6438
NO_HOPEP_S,,,M3/HR,INPREP_INC\KSTC\KSTC_NODE.INC,35,,,,10000,,,,,Flow,5,,31225,5936
NO_HRBRT_25_9_D,,,M3/HR,INPREP_INC\KSTA\KSTA_NODE.INC,533,,,,10000,,,,,Flow,5,,8070,1788
NO_HRBRT_25_9_S,,,M3/HR,INPREP_INC\KSTA\KSTA_NODE.INC,531,,,,10000,,,,,Flow,5,,7670,1788
NO_HRBRT_D,,,M3/HR,INPREP_INC\KSTA\KSTA_NODE.INC,43,,,,10000,,,,,Flow,5,,7670,2250
NO_HRBRT_N1,,,M3/HR,INPREP_INC\KSTA\LDS\HRBRT.INC,23,,,,10000,,,,,Flow,5,,7270,2690
NO_HRBRT_N2,,,M3/HR,INPREP_INC\KSTA\LDS\HRBRT.INC,25,,,,10000,,,,,Flow,5,,7670,2690
NO_HRBRT_S,,,M3/HR,INPREP_INC\KSTA\KSTA_NODE.INC,41,,,,10000,,,,,Flow,5,,7270,2250
NO_HRDST_MB1_S,,,M3/HR,INPREP_INC\KSTA\KSTA_NODE.INC,593,,,,10000,,,,,Flow,5,,381,2440
NO_HRDST_MB2_S,,,M3/HR,INPREP_INC\KSTA\KSTA_NODE.INC,595,,,,10000,,,,,Flow,5,,578,2419
NO_HRDST_MB3_S,,,M3/HR,INPREP_INC\KSTA\KSTA_NODE.INC,597,,,,10000,,,,,Flow,5,,817,2430
NO_HRDSY_32_1_D,,,M3/HR,INPREP_INC\KSTA\KSTA_NODE.INC,169,,,,10000,,,,,Flow,5,,1650,1780
NO_HRDSY_32_1_S,,,M3/HR,INPREP_INC\KSTA\KSTA_NODE.INC,167,,,,10000,,,,,Flow,5,,1110,1774
NO_HRDSY_D,,,M3/HR,INPREP_INC\KSTA\KSTA_NODE.INC,9,,,,10000,,,,,Flow,5,,1110,2178
NO_HRDSY_S,,,M3/HR,INPREP_INC\KSTA\KSTA_NODE.INC,599,,,,10000,,,,,Flow,5,,617,2178
NO_HRTDD_DEL,,,M3/HR,INPREP_INC\KSTB\KSTB_NODE.INC,157,,,,10000,,,,,Flow,,,37466,1794
NO_HRTDD_MOV0211_D,,,M3/HR,INPREP_INC\KSTB\KSTB_NODE.INC,153,,,,10000,,,,,Flow,5,,37470,2160
NO_HRTDD_MOV0212_D,,,M3/HR,INPREP_INC\KSTB\KSTB_NODE.INC,3,,,,10000,,,,,Flow,5,,37657,1629
NO_HRTDD_S,,,M3/HR,INPREP_INC\KSTB\KSTB_NODE.INC,145,,,,10000,,,,,Flow,5,,37468,1999
NO_HRTFD_22_0_D,,,M3/HR,INPREP_INC\KSTB\KSTB_NODE.INC,131,,,,10000,,,,,Flow,5,,38113,1890
NO_HRTFD_22_0_S,,,M3/HR,INPREP_INC\KSTB\KSTB_NODE.INC,129,,,,10000,,,,,Flow,5,,38113,1629
NO_HRTFD_D,,,M3/HR,INPREP_INC\KSTB\KSTB_NODE.INC,39,,,,10000,,,,,Flow,5,,37470,2370
NO_HRTFD_N1,,,M3/HR,INPREP_INC\KSTB\LDS\HRTFD.INC,3,,,,10000,,,,,Flow,5,,37070,2730
NO_HRTFD_N2,,,M3/HR,INPREP_INC\KSTB\LDS\HRTFD.INC,10,,,,10000,,,,,Flow,5,,37470,2730
NO_HRTFD_S,,,M3/HR,INPREP_INC\KSTB\KSTB_NODE.INC,37,,,,10000,,,,,Flow,5,,37070,2250
NO_HRTGT_25_2_D,,,M3/HR,INPREP_INC\KSTA\KSTA_NODE.INC,467,,,,10000,,,,,Flow,5,,27070,1588
NO_HRTGT_25_2_S,,,M3/HR,INPREP_INC\KSTA\KSTA_NODE.INC,465,,,,10000,,,,,Flow,5,,27070,1800
NO_HRTGT_48_6_D,,,M3/HR,INPREP_INC\KSTA\KSTA_NODE.INC,567,,,,10000,,,,,Flow,5,,27470,1800
NO_HRTGT_48_6_S,,,M3/HR,INPREP_INC\KSTA\KSTA_NODE.INC,565,,,,10000,,,,,Flow,5,,27470,1588
NO_HRTGT_D,,,M3/HR,INPREP_INC\KSTA\KSTA_NODE.INC,153,,,,10000,,,,,Flow,5,,27070,2250
NO_HRTGT_N1,,,M3/HR,INPREP_INC\KSTA\LDS\HRTGT.INC,23,,,,10000,,,,,Flow,5,,26670,2690
NO_HRTGT_N2,,,M3/HR,INPREP_INC\KSTA\LDS\HRTGT.INC,25,,,,10000,,,,,Flow,5,,27070,2690
NO_HRTGT_S,,,M3/HR,INPREP_INC\KSTA\KSTA_NODE.INC,151,,,,10000,,,,,Flow,5,,26670,2250
NO_HSKTT_D,,,M3/HR,INPREP_INC\KSTA\KSTA_NODE.INC,113,,,,10000,,,,,Flow,5,,19070,2250
NO_HSKTT_N1,,,M3/HR,INPREP_INC\KSTA\LDS\HSKTT.INC,23,,,,10000,,,,,Flow,5,,18670,2710
NO_HSKTT_N2,,,M3/HR,INPREP_INC\KSTA\LDS\HSKTT.INC,25,,,,10000,,,,,Flow,5,,19070,2710
NO_HSKTT_S,,,M3/HR,INPREP_INC\KSTA\KSTA_NODE.INC,111,,,,10000,,,,,Flow,5,,18670,2250
NO_HSTNL_01A_D,,,M3/HR,INPREP_INC\KSTD\KSTD_NODE.INC,36,,,,10000,,,,,Flow,5,,42582,6873
NO_HSTNL_01A_S,,,M3/HR,INPREP_INC\KSTD\KSTD_NODE.INC,19,/*------*/,,,10000,,,,,Flow,5,,42584,6613
NO_HSTNL_02A_D,,,M3/HR,INPREP_INC\KSTD\KSTD_NODE.INC,40,,,,10000,,,,,Flow,5,,42580,7383
NO_HSTNL_02A_S,,,M3/HR,INPREP_INC\KSTD\KSTD_NODE.INC,22,/*------*/,,,10000,,,,,Flow,5,,42580,7173
NO_HSTNL_03A_CKV_D,,,M3/HR,INPREP_INC\KSTD\KSTD_NODE.INC,28,/*------*/,,,10000,,,,,Flow,5,,42580,7853
NO_HSTNL_03A_CKV_S,,,M3/HR,INPREP_INC\KSTD\KSTD_NODE.INC,25,/*------*/,,,10000,,,,,Flow,5,,42581,7576
NO_HSTNL_03A_D,,,M3/HR,INPREP_INC\KSTD\KSTD_NODE.INC,34,,,,10000,,,,,Flow,5,,42980,7853
NO_HSTNL_04A_D,,,M3/HR,INPREP_INC\KSTD\KSTD_NODE.INC,32,,,,10000,,,,,Flow,5,,42980,7253
NO_HSTNL_04A_S,,,M3/HR,INPREP_INC\KSTD\KSTD_NODE.INC,16,/*------*/,,,10000,,,,,Flow,5,,42980,7543
NO_HSTNL_05A_D,,,M3/HR,INPREP_INC\KSTD\KSTD_NODE.INC,30,,,,10000,,,,,Flow,5,,42980,6653
NO_HSTNL_05A_S,,,M3/HR,INPREP_INC\KSTD\KSTD_NODE.INC,11,/*------*/,,,10000,,,,,Flow,5,,42980,6853
NO_HSTNL_06A_CKV_D,,,M3/HR,INPREP_INC\KSTD\KSTD_NODE.INC,8,/*------*/,,,10000,,,,,Flow,5,,42982,6058
NO_HSTNL_06A_CKV_S,,,M3/HR,INPREP_INC\KSTD\KSTD_NODE.INC,42,,,,10000,,,,,Flow,5,,42980,6253
NO_HSTNL_06A_D,,,M3/HR,INPREP_INC\KSTD\KSTD_NODE.INC,286,,,,10000,,,,,Flow,5,,43275,6058
NO_HSTNL_D,,,M3/HR,INPREP_INC\KSTD\KSTD_NODE.INC,5,,,,10000,,,,,Flow,5,,42585,6408
NO_HSTNL_N1,,,M3/HR,INPREP_INC\KSTD\LDS\HSTNL.INC,24,,,,10000,,,,,Flow,5,,42584,6058
NO_HSTNT,,,M3/HR,INPREP_INC\KSTD\KSTD_NODE.INC,44,,,,10000,,,,,Flow,5,,43695,6058
NO_HSTNT_DEL,,,M3/HR,INPREP_INC\KSTD\KSTD_NODE.INC,296,,,,10000,,,,,Flow,,,44438,6058
NO_HSTNT_N1,,,M3/HR,INPREP_INC\KSTD\KSTD_NODE.INC,46,,,,10000,,,,,Flow,5,,44115,6058
NO_KENDL_08_2_D,,,M3/HR,INPREP_INC\KSTA\KSTA_NODE.INC,277,,,,10000,,,,,Flow,5,,11670,1588
NO_KENDL_08_2_S,,,M3/HR,INPREP_INC\KSTA\KSTA_NODE.INC,275,,,,10000,,,,,Flow,5,,11670,1788
NO_KENDL_32_8_D,,,M3/HR,INPREP_INC\KSTA\KSTA_NODE.INC,281,,,,10000,,,,,Flow,5,,11670,888
NO_KENDL_32_8_S,,,M3/HR,INPREP_INC\KSTA\KSTA_NODE.INC,279,,,,10000,,,,,Flow,5,,11670,1188
NO_KENDL_41_1_CKV_D,,,M3/HR,INPREP_INC\KSTA\KSTA_NODE.INC,285,,,,10000,,,,,Flow,5,,12070,1188
NO_KENDL_41_1_CKV_S,,,M3/HR,INPREP_INC\KSTA\KSTA_NODE.INC,283,,,,10000,,,,,Flow,5,,12070,888
NO_KENDL_41_1_D,,,M3/HR,INPREP_INC\KSTA\KSTA_NODE.INC,287,,,,10000,,,,,Flow,5,,12070,1788
NO_KENDL_D,,,M3/HR,INPREP_INC\KSTA\KSTA_NODE.INC,71,,,,10000,,,,,Flow,5,,11670,2250
NO_KENDL_N1,,,M3/HR,INPREP_INC\KSTA\LDS\KENDL.INC,23,,,,10000,,,,,Flow,5,,11270,2690
NO_KENDL_N2,,,M3/HR,INPREP_INC\KSTA\LDS\KENDL.INC,25,,,,10000,,,,,Flow,5,,11670,2690
NO_KENDL_S,,,M3/HR,INPREP_INC\KSTA\KSTA_NODE.INC,67,,,,10000,,,,,Flow,5,,11270,2250
NO_LBNTL_05_6_D,,,M3/HR,INPREP_INC\KSTA\KSTA_NODE.INC,235,,,,10000,,,,,Flow,5,,5270,1488
NO_LBNTL_05_6_S,,,M3/HR,INPREP_INC\KSTA\KSTA_NODE.INC,233,,,,10000,,,,,Flow,5,,5270,1788
NO_LBNTL_25_3_D,,,M3/HR,INPREP_INC\KSTA\KSTA_NODE.INC,529,,,,10000,,,,,Flow,5,,5670,1788
NO_LBNTL_25_3_S,,,M3/HR,INPREP_INC\KSTA\KSTA_NODE.INC,527,,,,10000,,,,,Flow,5,,5670,1488
NO_LBNTL_D,,,M3/HR,INPREP_INC\KSTA\KSTA_NODE.INC,31,,,,10000,,,,,Flow,5,,5270,2250
NO_LBNTL_N1,,,M3/HR,INPREP_INC\KSTA\LDS\LBNTL.INC,21,,,,10000,,,,,Flow,5,,4870,2690
NO_LBNTL_N2,,,M3/HR,INPREP_INC\KSTA\LDS\LBNTL.INC,15,,,,10000,,,,,Flow,5,,5270,2690
NO_LBNTL_S,,,M3/HR,INPREP_INC\KSTA\KSTA_NODE.INC,29,,,,10000,,,,,Flow,5,,4870,2250
NO_LIBRT_01A_D,,,M3/HR,INPREP_INC\KSTD\KSTD_NODE.INC,300,,,,,,,,,Flow,,,42584,5258
NO_LIBRT_01A_S,,,M3/HR,INPREP_INC\KSTD\KSTD_NODE.INC,242,,,,10000,,,,,Flow,5,,42175,5248
NO_LIBRT_02A_D,,,M3/HR,INPREP_INC\KSTD\KSTD_NODE.INC,258,,,,10000,,,,,Flow,5,,42577,4783
NO_LIBRT_02A_S,,,M3/HR,INPREP_INC\KSTD\KSTD_NODE.INC,246,,,,10000,,,,,Flow,5,,42576,4940
NO_LIBRT_03A_D,,,M3/HR,INPREP_INC\KSTD\KSTD_NODE.INC,260,,,,10000,,,,,Flow,5,,42980,4253
NO_LIBRT_03A_S,,,M3/HR,INPREP_INC\KSTD\KSTD_NODE.INC,248,,,,10000,,,,,Flow,5,,42578,4253
NO_LIBRT_04A_D,,,M3/HR,INPREP_INC\KSTD\KSTD_NODE.INC,262,,,,10000,,,,,Flow,5,,42979,4853
NO_LIBRT_04A_S,,,M3/HR,INPREP_INC\KSTD\KSTD_NODE.INC,250,,,,10000,,,,,Flow,5,,42979,4653
NO_LIBRT_D,,,M3/HR,INPREP_INC\KSTD\KSTD_NODE.INC,88,,,,10000,,,,,Flow,5,,42175,6058
NO_LIBRT_N1,,,M3/HR,INPREP_INC\KSTD\LDS\LIBRT.INC,17,,,,10000,,,,,Flow,5,,41785,6448
NO_LIBRT_N2,,,M3/HR,INPREP_INC\KSTD\LDS\LIBRT.INC,19,,,,10000,,,,,Flow,5,,42175,6448
NO_LIBRT_N3,,,M3/HR,INPREP_INC\KSTD\KSTD_NODE.INC,38,,,,10000,,,,,Flow,5,,42175,5688
NO_LIBRT_S,,,M3/HR,INPREP_INC\KSTD\KSTD_NODE.INC,68,,,,10000,,,,,Flow,5,,41780,6053
NO_LKSND_05_8_CKV_D,,,M3/HR,INPREP_INC\KSTA\KSTA_NODE.INC,173,,,,10000,,,,,Flow,5,,2070,1588
NO_LKSND_05_8_CKV_S,,,M3/HR,INPREP_INC\KSTA\KSTA_NODE.INC,171,,,,10000,,,,,Flow,5,,2070,1788
NO_LKSND_05_8_D,,,M3/HR,INPREP_INC\KSTA\KSTA_NODE.INC,175,,,,10000,,,,,Flow,5,,2070,1388
NO_LKSND_29_7_D,,,M3/HR,INPREP_INC\KSTA\KSTA_NODE.INC,179,,,,10000,,,,,Flow,5,,2070,890
NO_LKSND_29_7_S,,,M3/HR,INPREP_INC\KSTA\KSTA_NODE.INC,177,,,,10000,,,,,Flow,5,,2070,1090
NO_LKSND_36_8_CKV_D,,,M3/HR,INPREP_INC\KSTA\KSTA_NODE.INC,183,,,,10000,,,,,Flow,5,,2470,1088
NO_LKSND_36_8_CKV_S,,,M3/HR,INPREP_INC\KSTA\KSTA_NODE.INC,181,,,,10000,,,,,Flow,5,,2470,888
NO_LKSND_36_8_D,,,M3/HR,INPREP_INC\KSTA\KSTA_NODE.INC,185,,,,10000,,,,,Flow,5,,2470,1288
NO_LKSND_51_4_D,,,M3/HR,INPREP_INC\KSTA\KSTA_NODE.INC,189,,,,10000,,,,,Flow,5,,2470,1788
NO_LKSND_51_4_S,,,M3/HR,INPREP_INC\KSTA\KSTA_NODE.INC,187,,,,10000,,,,,Flow,5,,2470,1488
NO_LKSND_D,,,M3/HR,INPREP_INC\KSTA\KSTA_NODE.INC,15,,,,10000,,,,,Flow,5,,2070,2250
NO_LKSND_N1,,,M3/HR,INPREP_INC\KSTA\LDS\LKSND.INC,14,,,,10000,,,,,Flow,5,,1650,2670
NO_LKSND_N2,,,M3/HR,INPREP_INC\KSTA\LDS\LKSND.INC,16,,,,10000,,,,,Flow,5,,2070,2670
NO_LKSND_S,,,M3/HR,INPREP_INC\KSTA\KSTA_NODE.INC,13,,,,10000,,,,,Flow,5,,1650,2250
NO_LKTLR_01A_D,,,M3/HR,INPREP_INC\KSTD\KSTD_NODE.INC,208,,,,10000,,,,,Flow,5,,39788,5253
NO_LKTLR_01A_S,,,M3/HR,INPREP_INC\KSTD\KSTD_NODE.INC,202,,,,10000,,,,,Flow,5,,39788,5653
NO_LKTLR_02A_D,,,M3/HR,INPREP_INC\KSTD\KSTD_NODE.INC,210,,,,10000,,,,,Flow,5,,40180,4853
NO_LKTLR_02A_S,,,M3/HR,INPREP_INC\KSTD\KSTD_NODE.INC,204,,,,10000,,,,,Flow,5,,39788,4853
NO_LKTLR_03A_D,,,M3/HR,INPREP_INC\KSTD\KSTD_NODE.INC,212,,,,10000,,,,,Flow,5,,40180,5653
NO_LKTLR_03A_S,,,M3/HR,INPREP_INC\KSTD\KSTD_NODE.INC,206,,,,10000,,,,,Flow,5,,40180,5253
NO_LKTLR_D,,,M3/HR,INPREP_INC\KSTD\KSTD_NODE.INC,86,,,,10000,,,,,Flow,5,,39788,6053
NO_LKTLR_N1,,,M3/HR,INPREP_INC\KSTD\LDS\LKTLR.INC,15,,,,10000,,,,,Flow,5,,39380,6441
NO_LKTLR_N2,,,M3/HR,INPREP_INC\KSTD\LDS\LKTLR.INC,17,,,,10000,,,,,Flow,5,,39788,6441
NO_LKTLR_S,,,M3/HR,INPREP_INC\KSTD\KSTD_NODE.INC,66,,,,10000,,,,,Flow,5,,39380,6053
NO_LUCAS_CKV_D,,,M3/HR,INPREP_INC\KSTD\KSTD_NODE.INC,13,,,,10000,,,,,Flow,5,,43500,5257
NO_LUCAS_CKV_S,,,M3/HR,INPREP_INC\KSTD\KSTD_NODE.INC,264,,,,10000,,,,,Flow,5,,43242,5257
NO_LUCAS_DEL,,,M3/HR,INPREP_INC\KSTD\KSTD_NODE.INC,274,,,,10000,,,,,Flow,5,,43562,5498
NO_LUCAS_N1,,,M3/HR,INPREP_INC\KSTD\LDS\LUCAS.INC,10,,,,10000,,,,,Flow,5,,42977,5498
NO_LUCAS_N2,,,M3/HR,INPREP_INC\KSTD\LDS\LUCAS.INC,34,,,,10000,,,,,Flow,,,43264,5498
NO_LUCAS_S,,,M3/HR,INPREP_INC\KSTD\KSTD_NODE.INC,256,,,,10000,,,,,Flow,5,,42978,5258
NO_LUDDE_23_8_D,,,M3/HR,INPREP_INC\KSTA\KSTA_NODE.INC,413,,,,10000,,,,,Flow,5,,23470,1788
NO_LUDDE_23_8_S,,,M3/HR,INPREP_INC\KSTA\KSTA_NODE.INC,411,,,,10000,,,,,Flow,5,,23070,1788
NO_LUDDE_D,,,M3/HR,INPREP_INC\KSTA\KSTA_NODE.INC,133,,,,10000,,,,,Flow,5,,23070,2250
NO_LUDDE_N1,,,M3/HR,INPREP_INC\KSTA\LDS\LUDDE.INC,23,,,,10000,,,,,Flow,5,,22670,2690
NO_LUDDE_N2,,,M3/HR,INPREP_INC\KSTA\LDS\LUDDE.INC,25,,,,10000,,,,,Flow,5,,23070,2690
NO_LUDDE_S,,,M3/HR,INPREP_INC\KSTA\KSTA_NODE.INC,131,,,,10000,,,,,Flow,5,,22670,2250
NO_LUFKN_01A_D,,,M3/HR,INPREP_INC\KSTD\KSTD_NODE.INC,220,,,,10000,,,,,Flow,5,,40584,4853
NO_LUFKN_01A_S,,,M3/HR,INPREP_INC\KSTD\KSTD_NODE.INC,218,,,,10000,,,,,Flow,5,,40584,5133
NO_LUFKN_01B_D,,,M3/HR,INPREP_INC\KSTD\KSTD_NODE.INC,216,,,,10000,,,,,Flow,5,,40584,5453
NO_LUFKN_01B_S,,,M3/HR,INPREP_INC\KSTD\KSTD_NODE.INC,214,,,,10000,,,,,Flow,5,,40584,5653
NO_LUFKN_02A_CKV_D,,,M3/HR,INPREP_INC\KSTD\KSTD_NODE.INC,224,,,,10000,,,,,Flow,5,,40980,5203
NO_LUFKN_02A_CKV_S,,,M3/HR,INPREP_INC\KSTD\KSTD_NODE.INC,222,,,,10000,,,,,Flow,5,,40980,4853
NO_LUFKN_02A_D,,,M3/HR,INPREP_INC\KSTD\KSTD_NODE.INC,226,,,,10000,,,,,Flow,5,,40980,5503
NO_LUFKN_D,,,M3/HR,INPREP_INC\KSTD\KSTD_NODE.INC,90,,,,10000,,,,,Flow,5,,40584,6053
NO_LUFKN_N1,,,M3/HR,INPREP_INC\KSTD\LDS\LUFKN.INC,15,,,,10000,,,,,Flow,5,,40180,6441
NO_LUFKN_N2,,,M3/HR,INPREP_INC\KSTD\LDS\LUFKN.INC,17,,,,10000,,,,,Flow,5,,40584,6441
NO_LUFKN_S,,,M3/HR,INPREP_INC\KSTD\KSTD_NODE.INC,70,,,,10000,,,,,Flow,5,,40180,6053
NO_LUVER_07_4_CKV_D,,,M3/HR,INPREP_INC\KSTA\KSTA_NODE.INC,391,,,,10000,,,,,Flow,5,,21470,1588
NO_LUVER_07_4_CKV_S,,,M3/HR,INPREP_INC\KSTA\KSTA_NODE.INC,389,,,,10000,,,,,Flow,5,,21470,1788
NO_LUVER_44_2_D,,,M3/HR,INPREP_INC\KSTA\KSTA_NODE.INC,395,,,,10000,,,,,Flow,5,,21870,1800
NO_LUVER_44_2_S,,,M3/HR,INPREP_INC\KSTA\KSTA_NODE.INC,393,,,,10000,,,,,Flow,5,,21870,1588
NO_LUVER_D,,,M3/HR,INPREP_INC\KSTA\KSTA_NODE.INC,125,,,,10000,,,,,Flow,5,,21470,2250
NO_LUVER_N1,,,M3/HR,INPREP_INC\KSTA\LDS\LUVER.INC,19,,,,10000,,,,,Flow,5,,21070,2690
NO_LUVER_N2,,,M3/HR,INPREP_INC\KSTA\LDS\LUVER.INC,21,,,,10000,,,,,Flow,5,,21470,2690
NO_LUVER_S,,,M3/HR,INPREP_INC\KSTA\KSTA_NODE.INC,123,,,,10000,,,,,Flow,5,,21070,2250
NO_MDLTP_23_6_D,,,M3/HR,INPREP_INC\KSTB\KSTB_NODE.INC,107,,,,10000,,,,,Flow,5,,35870,1428
NO_MDLTP_23_6_S,,,M3/HR,INPREP_INC\KSTB\KSTB_NODE.INC,105,,,,10000,,,,,Flow,5,,35870,1828
NO_MDLTP_28_3_CKV_D,,,M3/HR,INPREP_INC\KSTB\KSTB_NODE.INC,111,,,,10000,,,,,Flow,5,,36270,1028
NO_MDLTP_28_3_CKV_S,,,M3/HR,INPREP_INC\KSTB\KSTB_NODE.INC,109,,,,10000,,,,,Flow,5,,35870,1028
NO_MDLTP_28_3_D,,,M3/HR,INPREP_INC\KSTB\KSTB_NODE.INC,113,,,,10000,,,,,Flow,5,,36270,1828
NO_MDLTP_D,,,M3/HR,INPREP_INC\KSTB\KSTB_NODE.INC,31,,,,10000,,,,,Flow,5,,35870,2250
NO_MDLTP_N1,,,M3/HR,INPREP_INC\KSTB\LDS\MDLTP.INC,23,,,,10000,,,,,Flow,5,,35470,2690
NO_MDLTP_N2,,,M3/HR,INPREP_INC\KSTB\LDS\MDLTP.INC,25,,,,10000,,,,,Flow,5,,35870,2690
NO_MDLTP_S,,,M3/HR,INPREP_INC\KSTB\KSTB_NODE.INC,29,,,,10000,,,,,Flow,5,,35470,2250
NO_MNTOR_35_6_D,,,M3/HR,INPREP_INC\KSTA\KSTA_NODE.INC,195,,,,10000,,,,,Flow,5,,2870,1588
NO_MNTOR_35_6_S,,,M3/HR,INPREP_INC\KSTA\KSTA_NODE.INC,191,,,,10000,,,,,Flow,5,,2870,1788
NO_MNTOR_45_4_CKV_D,,,M3/HR,INPREP_INC\KSTA\KSTA_NODE.INC,199,,,,10000,,,,,Flow,5,,3270,1388
NO_MNTOR_45_4_CKV_S,,,M3/HR,INPREP_INC\KSTA\KSTA_NODE.INC,197,,,,10000,,,,,Flow,5,,2870,1388
NO_MNTOR_45_4_D,,,M3/HR,INPREP_INC\KSTA\KSTA_NODE.INC,201,,,,10000,,,,,Flow,5,,3270,1688
NO_MNTOR_D,,,M3/HR,INPREP_INC\KSTA\KSTA_NODE.INC,19,,,,10000,,,,,Flow,5,,2870,2250
NO_MNTOR_N1,,,M3/HR,INPREP_INC\KSTA\LDS\MNTOR.INC,15,,,,10000,,,,,Flow,5,,2470,2670
NO_MNTOR_N2,,,M3/HR,INPREP_INC\KSTA\LDS\MNTOR.INC,17,,,,10000,,,,,Flow,5,,2870,2670
NO_MNTOR_S,,,M3/HR,INPREP_INC\KSTA\KSTA_NODE.INC,17,,,,10000,,,,,Flow,5,,2470,2250
NO_MOSMI_07_8_D,,,M3/HR,INPREP_INC\KSTA\KSTA_NODE.INC,299,,,,10000,,,,,Flow,5,,14070,1688
NO_MOSMI_07_8_S,,,M3/HR,INPREP_INC\KSTA\KSTA_NODE.INC,297,,,,10000,,,,,Flow,5,,14070,1888
NO_MOSMI_30_0_D,,,M3/HR,INPREP_INC\KSTA\KSTA_NODE.INC,303,,,,10000,,,,,Flow,5,,14070,1188
NO_MOSMI_30_0_S,,,M3/HR,INPREP_INC\KSTA\KSTA_NODE.INC,301,,,,10000,,,,,Flow,5,,14070,1388
NO_MOSMI_31_8_D,,,M3/HR,INPREP_INC\KSTA\KSTA_NODE.INC,307,,,,10000,,,,,Flow,5,,14070,488
NO_MOSMI_31_8_S,,,M3/HR,INPREP_INC\KSTA\KSTA_NODE.INC,305,,,,10000,,,,,Flow,5,,14070,688
NO_MOSMI_42_5_D,,,M3/HR,INPREP_INC\KSTA\KSTA_NODE.INC,313,,,,10000,,,,,Flow,5,,14470,688
NO_MOSMI_42_5_S,,,M3/HR,INPREP_INC\KSTA\KSTA_NODE.INC,547,,,,10000,,,,,Flow,5,,14470,488
NO_MOSMI_50_5_CKV_D,,,M3/HR,INPREP_INC\KSTA\KSTA_NODE.INC,311,,,,10000,,,,,Flow,5,,14470,1388
NO_MOSMI_50_5_CKV_S,,,M3/HR,INPREP_INC\KSTA\KSTA_NODE.INC,309,,,,10000,,,,,Flow,5,,14470,1188
NO_MOSMI_50_5_D,,,M3/HR,INPREP_INC\KSTA\KSTA_NODE.INC,315,,,,10000,,,,,Flow,5,,14470,1788
NO_MOSMI_D,,,M3/HR,INPREP_INC\KSTA\KSTA_NODE.INC,89,,,,10000,,,,,Flow,5,,14070,2250
NO_MOSMI_N1,,,M3/HR,INPREP_INC\KSTA\LDS\MOSMI.INC,15,,,,10000,,,,,Flow,5,,13670,2690
NO_MOSMI_N2,,,M3/HR,INPREP_INC\KSTA\LDS\MOSMI.INC,17,,,,10000,,,,,Flow,5,,14070,2690
NO_MOSMI_S,,,M3/HR,INPREP_INC\KSTA\KSTA_NODE.INC,87,,,,10000,,,,,Flow,5,,13670,2250
NO_NAGRA_23_9_D,,,M3/HR,INPREP_INC\KSTA\KSTA_NODE.INC,387,,,,10000,,,,,Flow,5,,21070,1788
NO_NAGRA_23_9_S,,,M3/HR,INPREP_INC\KSTA\KSTA_NODE.INC,385,,,,10000,,,,,Flow,5,,20670,1788
NO_NAGRA_D,,,M3/HR,INPREP_INC\KSTA\KSTA_NODE.INC,121,,,,10000,,,,,Flow,5,,20670,2250
NO_NAGRA_N1,,,M3/HR,INPREP_INC\KSTA\LDS\NAGRA.INC,15,,,,10000,,,,,Flow,5,,20270,2690
NO_NAGRA_N2,,,M3/HR,INPREP_INC\KSTA\LDS\NAGRA.INC,17,,,,10000,,,,,Flow,5,,20670,2690
NO_NAGRA_S,,,M3/HR,INPREP_INC\KSTA\KSTA_NODE.INC,119,,,,10000,,,,,Flow,5,,20270,2250
NO_NDLPS_D,,,M3/HR,INPREP_INC\KSTD\KSTD_NODE.INC,288,,,,10000,,,,,Flow,5,,44573,4884
NO_NDLPS_N1,,,M3/HR,INPREP_INC\KSTD\LDS\NDLPS.INC,19,,,,10000,,,,,Flow,5,,44193,4884
NO_NDLPS_N2,,,M3/HR,INPREP_INC\KSTD\LDS\NDLPS.INC,17,,,,10000,,,,,Flow,5,,44393,4884
NO_NDLPS_S,,,M3/HR,INPREP_INC\KSTD\KSTD_NODE.INC,284,,,,10000,,,,,Flow,5,,43963,4884
NO_NDRLD_D,,,M3/HR,INPREP_INC\KSTD\KSTD_NODE.INC,278,,,,10000,,,,,Flow,5,,43963,5256
NO_NDRLD_DEL,,,M3/HR,INPREP_INC\KSTD\KSTD_NODE.INC,276,,,,10000,,,,,Flow,5,,44844,5256
NO_NDRLD_MOV2212_D,,,M3/HR,INPREP_INC\KSTD\KSTD_NODE.INC,280,,,,10000,,,,,Flow,5,,43963,5064
NO_NDRLD_N1,,,M3/HR,INPREP_INC\KSTD\LDS\NDRLD.INC,14,,,,10000,,,,,Flow,5,,44223,5256
NO_NDRLD_S,,,M3/HR,INPREP_INC\KSTD\KSTD_NODE.INC,266,,,,10000,,,,,Flow,5,,43763,5256
NO_OYENP_25_9_CKV_D,,,M3/HR,INPREP_INC\KSTA\KSTA_NODE.INC,211,,,,10000,,,,,Flow,5,,3670,1588
NO_OYENP_25_9_CKV_S,,,M3/HR,INPREP_INC\KSTA\KSTA_NODE.INC,209,,,,10000,,,,,Flow,5,,3670,1788
NO_OYENP_25_9_D,,,M3/HR,INPREP_INC\KSTA\KSTA_NODE.INC,203,,,,10000,,,,,Flow,5,,3670,1388
NO_OYENP_47_5_D,,,M3/HR,INPREP_INC\KSTA\KSTA_NODE.INC,207,,,,10000,,,,,Flow,5,,3670,890
NO_OYENP_47_5_S,,,M3/HR,INPREP_INC\KSTA\KSTA_NODE.INC,205,,,,10000,,,,,Flow,5,,3670,1088
NO_OYENP_57_7_D,,,M3/HR,INPREP_INC\KSTA\KSTA_NODE.INC,215,,,,10000,,,,,Flow,5,,4070,1088
NO_OYENP_57_7_S,,,M3/HR,INPREP_INC\KSTA\KSTA_NODE.INC,213,,,,10000,,,,,Flow,5,,4070,888
NO_OYENP_63_5_CKV_D,,,M3/HR,INPREP_INC\KSTA\KSTA_NODE.INC,523,,,,10000,,,,,Flow,5,,4070,1588
NO_OYENP_63_5_CKV_S,,,M3/HR,INPREP_INC\KSTA\KSTA_NODE.INC,521,,,,10000,,,,,Flow,5,,4070,1388
NO_OYENP_63_5_D,,,M3/HR,INPREP_INC\KSTA\KSTA_NODE.INC,525,,,,10000,,,,,Flow,5,,4070,1788
NO_OYENP_D,,,M3/HR,INPREP_INC\KSTA\KSTA_NODE.INC,23,,,,10000,,,,,Flow,5,,3670,2250
NO_OYENP_N1,,,M3/HR,INPREP_INC\KSTA\LDS\OYENP.INC,15,,,,10000,,,,,Flow,5,,3270,2690
NO_OYENP_N2,,,M3/HR,INPREP_INC\KSTA\LDS\OYENP.INC,17,,,,10000,,,,,Flow,5,,3670,2690
NO_OYENP_S,,,M3/HR,INPREP_INC\KSTA\KSTA_NODE.INC,21,,,,10000,,,,,Flow,5,,3270,2250
NO_PEROP_15_8_D,,,M3/HR,INPREP_INC\KSTB\KSTB_NODE.INC,135,,,,10000,,,,,Flow,5,,38513,1418
NO_PEROP_15_8_S,,,M3/HR,INPREP_INC\KSTB\KSTB_NODE.INC,133,,,,10000,,,,,Flow,5,,38513,1818
NO_PEROP_25_3_CKV_D,,,M3/HR,INPREP_INC\KSTB\KSTB_NODE.INC,139,,,,10000,,,,,Flow,5,,38913,1618
NO_PEROP_25_3_CKV_S,,,M3/HR,INPREP_INC\KSTB\KSTB_NODE.INC,137,,,,10000,,,,,Flow,5,,38913,1418
NO_PEROP_25_3_D,,,M3/HR,INPREP_INC\KSTB\KSTB_NODE.INC,141,,,,10000,,,,,Flow,5,,38913,1818
NO_PEROP_D,,,M3/HR,INPREP_INC\KSTB\KSTB_NODE.INC,43,,,,10000,,,,,Flow,5,,38513,2240
NO_PEROP_N1,,,M3/HR,INPREP_INC\KSTB\LDS\PEROP.INC,23,,,,10000,,,,,Flow,5,,38113,2720
NO_PEROP_N2,,,M3/HR,INPREP_INC\KSTB\LDS\PEROP.INC,25,,,,10000,,,,,Flow,5,,38513,2720
NO_PEROP_S,,,M3/HR,INPREP_INC\KSTB\KSTB_NODE.INC,41,,,,10000,,,,,Flow,5,,38113,2240
NO_PNCCP_01A_CKV_D,,,M3/HR,INPREP_INC\KSTC\KSTC_NODE.INC,85,,,,10000,,,,,Flow,5,,33225,5336
NO_PNCCP_01A_CKV_S,,,M3/HR,INPREP_INC\KSTC\KSTC_NODE.INC,83,,,,10000,,,,,Flow,5,,33225,5536
NO_PNCCP_01A_D,,,M3/HR,INPREP_INC\KSTC\KSTC_NODE.INC,87,,,,10000,,,,,Flow,5,,33225,5136
NO_PNCCP_02A_D,,,M3/HR,INPREP_INC\KSTC\KSTC_NODE.INC,91,,,,10000,,,,,Flow,5,,33625,4736
NO_PNCCP_02A_S,,,M3/HR,INPREP_INC\KSTC\KSTC_NODE.INC,89,,,,10000,,,,,Flow,5,,33225,4736
NO_PNCCP_03A_CKV_D,,,M3/HR,INPREP_INC\KSTC\KSTC_NODE.INC,95,,,,10000,,,,,Flow,5,,33625,5336
NO_PNCCP_03A_CKV_S,,,M3/HR,INPREP_INC\KSTC\KSTC_NODE.INC,93,,,,10000,,,,,Flow,5,,33625,5136
NO_PNCCP_03A_D,,,M3/HR,INPREP_INC\KSTC\KSTC_NODE.INC,97,,,,10000,,,,,Flow,5,,33625,5536
NO_PNCCP_D,,,M3/HR,INPREP_INC\KSTC\KSTC_NODE.INC,81,,,,10000,,,,,Flow,5,,33225,5936
NO_PNCCP_N1,,,M3/HR,INPREP_INC\KSTC\LDS\PNCCP.INC,23,,,,10000,,,,,Flow,5,,32825,6438
NO_PNCCP_N2,,,M3/HR,INPREP_INC\KSTC\LDS\PNCCP.INC,25,,,,10000,,,,,Flow,5,,33225,6438
NO_PNCCP_S,,,M3/HR,INPREP_INC\KSTC\KSTC_NODE.INC,79,,,,10000,,,,,Flow,5,,32825,5936
NO_PNLPN_D,,,M3/HR,INPREP_INC\KSTD\KSTD_NODE.INC,102,,,,10000,,,,,Flow,5,,45263,4884
NO_PNLPN_MB1_S,,,M3/HR,INPREP_INC\KSTD\KSTD_NODE.INC,306,,,,10000,,,,,Flow,5,,45575,5731
NO_PNLPN_N1,,,M3/HR,INPREP_INC\KSTD\LDS\PNLPN.INC,9,,,,10000,,,,,Flow,5,,44793,4884
NO_PNLPN_N2,,,M3/HR,INPREP_INC\KSTD\LDS\PNLPN.INC,7,,,,10000,,,,,Flow,5,,45033,4884
NO_PNLPN_N3,,,M3/HR,INPREP_INC\KSTD\LDS\PNLPN.INC,31,,,,10000,,,,,Flow,,,45263,5062
NO_PNLPN_S,,,M3/HR,INPREP_INC\KSTD\KSTD_NODE.INC,290,,,,10000,,,,,Flow,5,,45263,5241
NO_PRTLP_08_4_D,,,M3/HR,INPREP_INC\KSTA\KSTA_NODE.INC,343,,,,10000,,,,,Flow,5,,17270,1588
NO_PRTLP_08_4_S,,,M3/HR,INPREP_INC\KSTA\KSTA_NODE.INC,341,,,,10000,,,,,Flow,5,,17270,1788
NO_PRTLP_09_9_D,,,M3/HR,INPREP_INC\KSTA\KSTA_NODE.INC,347,,,,10000,,,,,Flow,5,,17270,988
NO_PRTLP_09_9_S,,,M3/HR,INPREP_INC\KSTA\KSTA_NODE.INC,345,,,,10000,,,,,Flow,5,,17270,1188
NO_PRTLP_25_1_D,,,M3/HR,INPREP_INC\KSTA\KSTA_NODE.INC,577,,,,10000,,,,,Flow,5,,17670,588
NO_PRTLP_25_1_S,,,M3/HR,INPREP_INC\KSTA\KSTA_NODE.INC,575,,,,10000,,,,,Flow,5,,17270,588
NO_PRTLP_38_3_D,,,M3/HR,INPREP_INC\KSTA\KSTA_NODE.INC,581,,,,10000,,,,,Flow,5,,17670,1086
NO_PRTLP_38_3_S,,,M3/HR,INPREP_INC\KSTA\KSTA_NODE.INC,579,,,,10000,,,,,Flow,5,,17670,867
NO_PRTLP_D,,,M3/HR,INPREP_INC\KSTA\KSTA_NODE.INC,105,,,,10000,,,,,Flow,5,,17270,2250
NO_PRTLP_N1,,,M3/HR,INPREP_INC\KSTA\LDS\PRTLP.INC,15,,,,10000,,,,,Flow,5,,16870,2710
NO_PRTLP_N2,,,M3/HR,INPREP_INC\KSTA\LDS\PRTLP.INC,17,,,,10000,,,,,Flow,5,,17270,2710
NO_PRTLP_S,,,M3/HR,INPREP_INC\KSTA\KSTA_NODE.INC,103,,,,10000,,,,,Flow,5,,16870,2250
NO_PTNCI_DEL,,,M3/HR,INPREP_INC\KSTD\KSTD_NODE.INC,302,,,,10000,,,,,Flow,,,46306,4884
NO_PTNCI_N1,,,M3/HR,INPREP_INC\KSTD\LDS\PTNCI.INC,9,,,,10000,,,,,Flow,5,,45733,4884
NO_PTNCI_S,,,M3/HR,INPREP_INC\KSTD\KSTD_NODE.INC,292,,,,10000,,,,,Flow,5,,45523,4884
NO_PTOKA_DEL,,,M3/HR,INPREP_INC\KSTB\KSTB_NODE.INC,155,,,,10000,,,,,Flow,5,,39339,2241
NO_PTOKA_S,,,M3/HR,INPREP_INC\KSTB\KSTB_NODE.INC,45,,,,10000,,,,,Flow,5,,38913,2240
NO_REGNA_26_4_D,,,M3/HR,INPREP_INC\KSTA\KSTA_NODE.INC,273,,,,10000,,,,,Flow,5,,11270,1788
NO_REGNA_26_4_S,,,M3/HR,INPREP_INC\KSTA\KSTA_NODE.INC,271,,,,10000,,,,,Flow,5,,10870,1788
NO_REGNA_D,,,M3/HR,INPREP_INC\KSTA\KSTA_NODE.INC,63,,,,10000,,,,,Flow,5,,10870,2250
NO_REGNA_N1,,,M3/HR,INPREP_INC\KSTA\LDS\REGNA.INC,15,,,,10000,,,,,Flow,5,,10470,2690
NO_REGNA_N2,,,M3/HR,INPREP_INC\KSTA\LDS\REGNA.INC,17,,,,10000,,,,,Flow,5,,10870,2690
NO_REGNA_S,,,M3/HR,INPREP_INC\KSTA\KSTA_NODE.INC,59,,,,10000,,,,,Flow,5,,10470,2250
NO_RILEY_01A_CKV_D,,,M3/HR,INPREP_INC\KSTC\KSTC_NODE.INC,19,,,,10000,,,,,Flow,5,,30825,5336
NO_RILEY_01A_CKV_S,,,M3/HR,INPREP_INC\KSTC\KSTC_NODE.INC,17,,,,10000,,,,,Flow,5,,30825,5536
NO_RILEY_01A_D,,,M3/HR,INPREP_INC\KSTC\KSTC_NODE.INC,21,,,,10000,,,,,Flow,5,,30825,5136
NO_RILEY_02A_D,,,M3/HR,INPREP_INC\KSTC\KSTC_NODE.INC,25,,,,10000,,,,,Flow,5,,31223,4736
NO_RILEY_02A_S,,,M3/HR,INPREP_INC\KSTC\KSTC_NODE.INC,23,,,,10000,,,,,Flow,5,,30825,4736
NO_RILEY_02B_D,,,M3/HR,INPREP_INC\KSTC\KSTC_NODE.INC,31,,,,10000,,,,,Flow,5,,31223,5000
NO_RILEY_02B_S,,,M3/HR,INPREP_INC\KSTC\KSTC_NODE.INC,111,,,,,,,,,Flow,,,31223,4900
NO_RILEY_03A_CKV_D,,,M3/HR,INPREP_INC\KSTC\KSTC_NODE.INC,29,,,,10000,,,,,Flow,5,,31225,5336
NO_RILEY_03A_CKV_S,,,M3/HR,INPREP_INC\KSTC\KSTC_NODE.INC,27,,,,10000,,,,,Flow,5,,31225,5136
NO_RILEY_03A_D,,,M3/HR,INPREP_INC\KSTC\KSTC_NODE.INC,33,,,,10000,,,,,Flow,5,,31225,5536
NO_RILEY_D,,,M3/HR,INPREP_INC\KSTC\KSTC_NODE.INC,15,,,,10000,,,,,Flow,5,,30825,5936
NO_RILEY_N1,,,M3/HR,INPREP_INC\KSTC\LDS\RILEY.INC,13,,,,10000,,,,,Flow,5,,30425,6438
NO_RILEY_N2,,,M3/HR,INPREP_INC\KSTC\LDS\RILEY.INC,15,,,,10000,,,,,Flow,5,,30825,6438
NO_RILEY_S,,,M3/HR,INPREP_INC\KSTC\KSTC_NODE.INC,13,,,,10000,,,,,Flow,5,,30425,5936
NO_ROCKP_01A_D,,,M3/HR,INPREP_INC\KSTC\KSTC_NODE.INC,63,,,,10000,,,,,Flow,5,,32425,5336
NO_ROCKP_01A_S,,,M3/HR,INPREP_INC\KSTC\KSTC_NODE.INC,61,,,,10000,,,,,Flow,5,,32425,5548
NO_ROCKP_02A_CKV_D,,,M3/HR,INPREP_INC\KSTC\KSTC_NODE.INC,67,,,,10000,,,,,Flow,5,,32425,4236
NO_ROCKP_02A_CKV_S,,,M3/HR,INPREP_INC\KSTC\KSTC_NODE.INC,65,,,,10000,,,,,Flow,5,,32425,4936
NO_ROCKP_02A_D,,,M3/HR,INPREP_INC\KSTC\KSTC_NODE.INC,69,,,,10000,,,,,Flow,5,,32825,4236
NO_ROCKP_03A_D,,,M3/HR,INPREP_INC\KSTC\KSTC_NODE.INC,73,,,,10000,,,,,Flow,5,,32825,4928
NO_ROCKP_03A_S,,,M3/HR,INPREP_INC\KSTC\KSTC_NODE.INC,71,,,,10000,,,,,Flow,5,,32825,4636
NO_ROCKP_04A_D,,,M3/HR,INPREP_INC\KSTC\KSTC_NODE.INC,77,,,,10000,,,,,Flow,5,,32825,5548
NO_ROCKP_04A_S,,,M3/HR,INPREP_INC\KSTC\KSTC_NODE.INC,75,,,,10000,,,,,Flow,5,,32825,5336
NO_ROCKP_D,,,M3/HR,INPREP_INC\KSTC\KSTC_NODE.INC,59,,,,10000,,,,,Flow,5,,32425,5936
NO_ROCKP_N1,,,M3/HR,INPREP_INC\KSTC\LDS\ROCKP.INC,23,,,,10000,,,,,Flow,5,,32025,6438
NO_ROCKP_N2,,,M3/HR,INPREP_INC\KSTC\LDS\ROCKP.INC,25,,,,10000,,,,,Flow,5,,32425,6438
NO_ROCKP_S,,,M3/HR,INPREP_INC\KSTC\KSTC_NODE.INC,57,,,,10000,,,,,Flow,5,,32025,5936
NO_ROSWL_15_9_D,,,M3/HR,INPREP_INC\KSTA\KSTA_NODE.INC,439,,,,10000,,,,,Flow,5,,25470,1588
NO_ROSWL_15_9_S,,,M3/HR,INPREP_INC\KSTA\KSTA_NODE.INC,437,,,,10000,,,,,Flow,5,,25470,1800
NO_ROSWL_31_4_D,,,M3/HR,INPREP_INC\KSTA\KSTA_NODE.INC,445,,,,10000,,,,,Flow,5,,25870,988
NO_ROSWL_31_4_S,,,M3/HR,INPREP_INC\KSTA\KSTA_NODE.INC,561,,,,10000,,,,,Flow,5,,25470,988
NO_ROSWL_36_8_CKV_D,,,M3/HR,INPREP_INC\KSTA\KSTA_NODE.INC,443,,,,10000,,,,,Flow,5,,25870,1588
NO_ROSWL_36_8_CKV_S,,,M3/HR,INPREP_INC\KSTA\KSTA_NODE.INC,441,,,,10000,,,,,Flow,5,,25870,1388
NO_ROSWL_36_8_D,,,M3/HR,INPREP_INC\KSTA\KSTA_NODE.INC,563,,,,10000,,,,,Flow,5,,25870,1788
NO_ROSWL_D,,,M3/HR,INPREP_INC\KSTA\KSTA_NODE.INC,145,,,,10000,,,,,Flow,5,,25470,2250
NO_ROSWL_N1,,,M3/HR,INPREP_INC\KSTA\LDS\ROSWL.INC,15,,,,10000,,,,,Flow,5,,25070,2690
NO_ROSWL_N2,,,M3/HR,INPREP_INC\KSTA\LDS\ROSWL.INC,17,,,,10000,,,,,Flow,5,,25470,2690
NO_ROSWL_S,,,M3/HR,INPREP_INC\KSTA\KSTA_NODE.INC,143,,,,10000,,,,,Flow,5,,25070,2250
NO_RPDCT_11_6_D,,,M3/HR,INPREP_INC\KSTA\KSTA_NODE.INC,331,,,,10000,,,,,Flow,5,,15670,1588
NO_RPDCT_11_6_S,,,M3/HR,INPREP_INC\KSTA\KSTA_NODE.INC,329,,,,10000,,,,,Flow,5,,15670,1788
NO_RPDCT_25_1_D,,,M3/HR,INPREP_INC\KSTA\KSTA_NODE.INC,335,,,,10000,,,,,Flow,5,,16070,1788
NO_RPDCT_25_1_S,,,M3/HR,INPREP_INC\KSTA\KSTA_NODE.INC,333,,,,10000,,,,,Flow,5,,16070,1588
NO_RPDCT_D,,,M3/HR,INPREP_INC\KSTA\KSTA_NODE.INC,97,,,,10000,,,,,Flow,5,,15670,2250
NO_RPDCT_N1,,,M3/HR,INPREP_INC\KSTA\LDS\RPDCT.INC,15,,,,10000,,,,,Flow,5,,15270,2690
NO_RPDCT_N2,,,M3/HR,INPREP_INC\KSTA\LDS\RPDCT.INC,17,,,,10000,,,,,Flow,5,,15670,2690
NO_RPDCT_S,,,M3/HR,INPREP_INC\KSTA\KSTA_NODE.INC,95,,,,10000,,,,,Flow,5,,15270,2250
NO_SLBRY_19_1_D,,,M3/HR,INPREP_INC\KSTB\KSTB_NODE.INC,93,,,,10000,,,,,Flow,5,,34670,1828
NO_SLBRY_19_1_S,,,M3/HR,INPREP_INC\KSTB\KSTB_NODE.INC,91,,,,10000,,,,,Flow,5,,34270,1828
NO_SLBRY_D,,,M3/HR,INPREP_INC\KSTB\KSTB_NODE.INC,23,,,,10000,,,,,Flow,5,,34270,2250
NO_SLBRY_N1,,,M3/HR,INPREP_INC\KSTB\LDS\SLBRY.INC,23,,,,10000,,,,,Flow,5,,33870,2690
NO_SLBRY_N2,,,M3/HR,INPREP_INC\KSTB\LDS\SLBRY.INC,25,,,,10000,,,,,Flow,5,,34270,2690
NO_SLBRY_S,,,M3/HR,INPREP_INC\KSTB\KSTB_NODE.INC,21,,,,10000,,,,,Flow,5,,33870,2250
NO_SNECA_09_8_D,,,M3/HR,INPREP_INC\KSTB\KSTB_NODE.INC,53,,,,10000,,,,,Flow,5,,31070,1428
NO_SNECA_09_8_S,,,M3/HR,INPREP_INC\KSTB\KSTB_NODE.INC,51,,,,10000,,,,,Flow,5,,31070,1828
NO_SNECA_29_2_CKV_D,,,M3/HR,INPREP_INC\KSTB\KSTB_NODE.INC,49,,,,10000,,,,,Flow,5,,31470,1628
NO_SNECA_29_2_CKV_S,,,M3/HR,INPREP_INC\KSTB\KSTB_NODE.INC,47,,,,10000,,,,,Flow,5,,31470,1428
NO_SNECA_29_2_D,,,M3/HR,INPREP_INC\KSTB\KSTB_NODE.INC,143,,,,10000,,,,,Flow,5,,31470,1828
NO_SNECA_D,,,M3/HR,INPREP_INC\KSTB\KSTB_NODE.INC,7,,,,10000,,,,,Flow,5,,31070,2250
NO_SNECA_N1,,,M3/HR,INPREP_INC\KSTB\LDS\SNECA.INC,23,,,,10000,,,,,Flow,5,,30670,2690
NO_SNECA_N2,,,M3/HR,INPREP_INC\KSTB\LDS\SNECA.INC,25,,,,10000,,,,,Flow,5,,31070,2690
NO_SNECA_S,,,M3/HR,INPREP_INC\KSTB\KSTB_NODE.INC,5,,,,10000,,,,,Flow,5,,30670,2250
NO_SNTPL_04_8_CKV_D,,,M3/HR,INPREP_INC\KSTB\KSTB_NODE.INC,117,,,,10000,,,,,Flow,5,,36670,1628
NO_SNTPL_04_8_CKV_S,,,M3/HR,INPREP_INC\KSTB\KSTB_NODE.INC,115,,,,10000,,,,,Flow,5,,36670,1828
NO_SNTPL_04_8_D,,,M3/HR,INPREP_INC\KSTB\KSTB_NODE.INC,119,,,,10000,,,,,Flow,5,,36670,1428
NO_SNTPL_20_9_D,,,M3/HR,INPREP_INC\KSTB\KSTB_NODE.INC,123,,,,10000,,,,,Flow,5,,37070,1028
NO_SNTPL_20_9_S,,,M3/HR,INPREP_INC\KSTB\KSTB_NODE.INC,121,,,,10000,,,,,Flow,5,,36670,1028
NO_SNTPL_36_1_D,,,M3/HR,INPREP_INC\KSTB\KSTB_NODE.INC,127,,,,10000,,,,,Flow,5,,37070,1728
NO_SNTPL_36_1_S,,,M3/HR,INPREP_INC\KSTB\KSTB_NODE.INC,125,,,,10000,,,,,Flow,5,,37070,1428
NO_SNTPL_D,,,M3/HR,INPREP_INC\KSTB\KSTB_NODE.INC,35,,,,10000,,,,,Flow,5,,36670,2250
NO_SNTPL_N1,,,M3/HR,INPREP_INC\KSTB\LDS\SNTPL.INC,23,,,,10000,,,,,Flow,5,,36270,2730
NO_SNTPL_N2,,,M3/HR,INPREP_INC\KSTB\LDS\SNTPL.INC,25,,,,10000,,,,,Flow,5,,36670,2730
NO_SNTPL_S,,,M3/HR,INPREP_INC\KSTB\KSTB_NODE.INC,33,,,,10000,,,,,Flow,5,,36270,2250
NO_STLCA_D,,,M3/HR,INPREP_INC\KSTC\KSTC_NODE.INC,103,,,,10000,,,,,Flow,5,,30277,1712
NO_STLCB_01A_CKV_D,,,M3/HR,INPREP_INC\KSTC\KSTC_NODE.INC,5,,,,10000,,,,,Flow,5,,30423,4097
NO_STLCB_01A_CKV_S,,,M3/HR,INPREP_INC\KSTC\KSTC_NODE.INC,3,,,,10000,,,,,Flow,5,,30423,3811
NO_STLCB_01A_D,,,M3/HR,INPREP_INC\KSTC\KSTC_NODE.INC,7,,,,10000,,,,,Flow,5,,30423,4830
NO_STLCB_02A_D,,,M3/HR,INPREP_INC\KSTC\KSTC_NODE.INC,11,,,,10000,,,,,Flow,5,,30425,5536
NO_STLCB_02A_S,,,M3/HR,INPREP_INC\KSTC\KSTC_NODE.INC,9,,,,10000,,,,,Flow,5,,30425,5136
NO_STLCB_D,,,M3/HR,INPREP_INC\KSTC\KSTC_NODE.INC,105,,,,10000,,,,,Flow,5,,30425,3280
NO_STLCB_N2,,,M3/HR,INPREP_INC\KSTC\LDS\STLCB.INC,20,,,,10000,,,,,Flow,5,,30423,3013
NO_STLCB_S,,,M3/HR,INPREP_INC\KSTC\KSTC_NODE.INC,107,,,,10000,,,,,Flow,5,,30423,2733
NO_STLCT_17_7_D,,,M3/HR,INPREP_INC\KSTA\KSTA_NODE.INC,61,,,,10000,,,,,Flow,5,,30270,1028
NO_STLCT_17_7_S,,,M3/HR,INPREP_INC\KSTA\KSTA_NODE.INC,57,,,,10000,,,,,Flow,5,,30270,1428
NO_STLCT_30_3_CKV_D,,,M3/HR,INPREP_INC\KSTA\KSTA_NODE.INC,69,,,,10000,,,,,Flow,5,,30270,228
NO_STLCT_30_3_CKV_S,,,M3/HR,INPREP_INC\KSTA\KSTA_NODE.INC,65,,,,10000,,,,,Flow,5,,30270,628
NO_STLCT_30_3_D,,,M3/HR,INPREP_INC\KSTA\KSTA_NODE.INC,73,,,,10000,,,,,Flow,5,,30670,228
NO_STLCT_44_8_D,,,M3/HR,INPREP_INC\KSTA\KSTA_NODE.INC,81,,,,10000,,,,,Flow,5,,30670,1028
NO_STLCT_44_8_S,,,M3/HR,INPREP_INC\KSTA\KSTA_NODE.INC,77,,,,10000,,,,,Flow,5,,30670,628
NO_STLCT_D,,,M3/HR,INPREP_INC\KSTA\KSTA_NODE.INC,11,,,,10000,,,,,Flow,5,,30270,2250
NO_STLCT_N1,,,M3/HR,INPREP_INC\KSTA\LDS\STLCT.INC,17,,,,10000,,,,,Flow,5,,29870,2690
NO_STLCT_N2,,,M3/HR,INPREP_INC\KSTA\LDS\STLCT.INC,19,,,,10000,,,,,Flow,5,,30269,2691
NO_STLCT_S,,,M3/HR,INPREP_INC\KSTA\KSTA_NODE.INC,7,,,,10000,,,,,Flow,5,,29870,2250
NO_STLCT_SWING_D,,,M3/HR,INPREP_INC\KSTA\KSTA_NODE.INC,193,,,,10000,,,,,Flow,5,,30274,1876
NO_STNTO_00_5_CKV_D,,,M3/HR,INPREP_INC\KSTA\KSTA_NODE.INC,471,,,,10000,,,,,Flow,5,,27870,1588
NO_STNTO_00_5_CKV_S,,,M3/HR,INPREP_INC\KSTA\KSTA_NODE.INC,469,,,,10000,,,,,Flow,5,,27870,1788
NO_STNTO_00_5_D,,,M3/HR,INPREP_INC\KSTA\KSTA_NODE.INC,473,,,,10000,,,,,Flow,5,,27870,1388
NO_STNTO_28_6_D,,,M3/HR,INPREP_INC\KSTA\KSTA_NODE.INC,479,,,,10000,,,,,Flow,5,,27870,788
NO_STNTO_28_6_S,,,M3/HR,INPREP_INC\KSTA\KSTA_NODE.INC,475,,,,10000,,,,,Flow,5,,27870,1000
NO_STNTO_32_8_CKV_D,,,M3/HR,INPREP_INC\KSTA\KSTA_NODE.INC,485,,,,10000,,,,,Flow,5,,28270,975
NO_STNTO_32_8_CKV_S,,,M3/HR,INPREP_INC\KSTA\KSTA_NODE.INC,483,,,,10000,,,,,Flow,5,,28270,788
NO_STNTO_32_8_D,,,M3/HR,INPREP_INC\KSTA\KSTA_NODE.INC,487,,,,10000,,,,,Flow,5,,28270,1188
NO_STNTO_37_6_D,,,M3/HR,INPREP_INC\KSTA\KSTA_NODE.INC,481,,,,10000,,,,,Flow,5,,28270,1459
NO_STNTO_37_6_S,,,M3/HR,INPREP_INC\KSTA\KSTA_NODE.INC,477,,,,10000,,,,,Flow,5,,28270,1350
NO_STNTO_39_5_CKV_D,,,M3/HR,INPREP_INC\KSTA\KSTA_NODE.INC,491,,,,10000,,,,,Flow,5,,28270,1688
NO_STNTO_39_5_CKV_S,,,M3/HR,INPREP_INC\KSTA\KSTA_NODE.INC,489,,,,10000,,,,,Flow,5,,28270,1581
NO_STNTO_39_5_D,,,M3/HR,INPREP_INC\KSTA\KSTA_NODE.INC,493,,,,10000,,,,,Flow,5,,28270,1888
NO_STNTO_D,,,M3/HR,INPREP_INC\KSTA\KSTA_NODE.INC,157,,,,10000,,,,,Flow,5,,27870,2250
NO_STNTO_N1,,,M3/HR,INPREP_INC\KSTA\LDS\STNTO.INC,15,,,,10000,,,,,Flow,5,,27470,2690
NO_STNTO_N2,,,M3/HR,INPREP_INC\KSTA\LDS\STNTO.INC,17,,,,10000,,,,,Flow,5,,27870,2690
NO_STNTO_S,,,M3/HR,INPREP_INC\KSTA\KSTA_NODE.INC,155,,,,10000,,,,,Flow,5,,27470,2250
NO_STWTV_11_6_D,,,M3/HR,INPREP_INC\KSTA\KSTA_NODE.INC,243,,,,10000,,,,,Flow,5,,6870,1388
NO_STWTV_11_6_S,,,M3/HR,INPREP_INC\KSTA\KSTA_NODE.INC,241,,,,10000,,,,,Flow,5,,6870,1788
NO_STWTV_31_2_D,,,M3/HR,INPREP_INC\KSTA\KSTA_NODE.INC,247,,,,10000,,,,,Flow,5,,7270,1788
NO_STWTV_31_2_S,,,M3/HR,INPREP_INC\KSTA\KSTA_NODE.INC,245,,,,10000,,,,,Flow,5,,7270,1388
NO_STWTV_D,,,M3/HR,INPREP_INC\KSTA\KSTA_NODE.INC,39,,,,10000,,,,,Flow,5,,6870,2250
NO_STWTV_N1,,,M3/HR,INPREP_INC\KSTA\LDS\STWTV.INC,15,,,,10000,,,,,Flow,5,,6470,2690
NO_STWTV_N2,,,M3/HR,INPREP_INC\KSTA\LDS\STWTV.INC,17,,,,10000,,,,,Flow,5,,6870,2690
NO_STWTV_S,,,M3/HR,INPREP_INC\KSTA\KSTA_NODE.INC,37,,,,10000,,,,,Flow,5,,6470,2250
NO_SVRNC_02_1_D,,,M3/HR,INPREP_INC\KSTB\KSTB_NODE.INC,57,,,,10000,,,,,Flow,5,,31870,1628
NO_SVRNC_02_1_S,,,M3/HR,INPREP_INC\KSTB\KSTB_NODE.INC,55,,,,10000,,,,,Flow,5,,31870,1828
NO_SVRNC_08_5_D,,,M3/HR,INPREP_INC\KSTB\KSTB_NODE.INC,63,,,,10000,,,,,Flow,5,,31870,928
NO_SVRNC_08_5_S,,,M3/HR,INPREP_INC\KSTB\KSTB_NODE.INC,147,,,,10000,,,,,Flow,5,,31870,1228
NO_SVRNC_10_5_CKV_D,,,M3/HR,INPREP_INC\KSTB\KSTB_NODE.INC,61,,,,10000,,,,,Flow,5,,31870,328
NO_SVRNC_10_5_CKV_S,,,M3/HR,INPREP_INC\KSTB\KSTB_NODE.INC,59,,,,10000,,,,,Flow,5,,31870,528
NO_SVRNC_10_5_D,,,M3/HR,INPREP_INC\KSTB\KSTB_NODE.INC,65,,,,10000,,,,,Flow,5,,32270,328
NO_SVRNC_16_6_D,,,M3/HR,INPREP_INC\KSTB\KSTB_NODE.INC,71,,,,10000,,,,,Flow,5,,32270,928
NO_SVRNC_16_6_S,,,M3/HR,INPREP_INC\KSTB\KSTB_NODE.INC,149,,,,10000,,,,,Flow,5,,32270,728
NO_SVRNC_24_5_CKV_D,,,M3/HR,INPREP_INC\KSTB\KSTB_NODE.INC,69,,,,10000,,,,,Flow,5,,32270,1528
NO_SVRNC_24_5_CKV_S,,,M3/HR,INPREP_INC\KSTB\KSTB_NODE.INC,67,,,,10000,,,,,Flow,5,,32270,1328
NO_SVRNC_24_5_D,,,M3/HR,INPREP_INC\KSTB\KSTB_NODE.INC,151,,,,10000,,,,,Flow,5,,32270,1828
NO_SVRNC_D,,,M3/HR,INPREP_INC\KSTB\KSTB_NODE.INC,11,,,,10000,,,,,Flow,5,,31870,2250
NO_SVRNC_N1,,,M3/HR,INPREP_INC\KSTB\LDS\SVRNC.INC,15,,,,10000,,,,,Flow,5,,31470,2690
NO_SVRNC_N2,,,M3/HR,INPREP_INC\KSTB\LDS\SVRNC.INC,17,,,,10000,,,,,Flow,5,,31870,2690
NO_SVRNC_S,,,M3/HR,INPREP_INC\KSTB\KSTB_NODE.INC,9,,,,10000,,,,,Flow,5,,31470,2250
NO_TINAP_10_3_D,,,M3/HR,INPREP_INC\KSTB\KSTB_NODE.INC,79,,,,10000,,,,,Flow,5,,33470,1628
NO_TINAP_10_3_S,,,M3/HR,INPREP_INC\KSTB\KSTB_NODE.INC,77,,,,10000,,,,,Flow,5,,33470,1828
NO_TINAP_17_9_CKV_D,,,M3/HR,INPREP_INC\KSTB\KSTB_NODE.INC,83,,,,10000,,,,,Flow,5,,33870,1028
NO_TINAP_17_9_CKV_S,,,M3/HR,INPREP_INC\KSTB\KSTB_NODE.INC,81,,,,10000,,,,,Flow,5,,33470,1028
NO_TINAP_17_9_D,,,M3/HR,INPREP_INC\KSTB\KSTB_NODE.INC,85,,,,10000,,,,,Flow,5,,33870,1228
NO_TINAP_30_5_D,,,M3/HR,INPREP_INC\KSTB\KSTB_NODE.INC,89,,,,10000,,,,,Flow,5,,33870,1828
NO_TINAP_30_5_S,,,M3/HR,INPREP_INC\KSTB\KSTB_NODE.INC,87,,,,10000,,,,,Flow,5,,33870,1628
NO_TINAP_D,,,M3/HR,INPREP_INC\KSTB\KSTB_NODE.INC,19,,,,10000,,,,,Flow,5,,33470,2250
NO_TINAP_N1,,,M3/HR,INPREP_INC\KSTB\LDS\TINAP.INC,15,,,,10000,,,,,Flow,5,,33070,2690
NO_TINAP_N2,,,M3/HR,INPREP_INC\KSTB\LDS\TINAP.INC,17,,,,10000,,,,,Flow,5,,33470,2690
NO_TINAP_S,,,M3/HR,INPREP_INC\KSTB\KSTB_NODE.INC,17,,,,10000,,,,,Flow,5,,33070,2250
NO_TPELO_01A_D,,,M3/HR,INPREP_INC\KSTD\KSTD_NODE.INC,138,,,,10000,,,,,Flow,5,,36582,5353
NO_TPELO_01A_S,,,M3/HR,INPREP_INC\KSTD\KSTD_NODE.INC,122,,,,10000,,,,,Flow,5,,36582,5653
NO_TPELO_02A_D,,,M3/HR,INPREP_INC\KSTD\KSTD_NODE.INC,140,,,,10000,,,,,Flow,5,,36980,4953
NO_TPELO_02A_S,,,M3/HR,INPREP_INC\KSTD\KSTD_NODE.INC,124,,,,10000,,,,,Flow,5,,36582,4953
NO_TPELO_03A_CKV_D,,,M3/HR,INPREP_INC\KSTD\KSTD_NODE.INC,128,,,,10000,,,,,Flow,5,,36981,5403
NO_TPELO_03A_CKV_S,,,M3/HR,INPREP_INC\KSTD\KSTD_NODE.INC,144,,,,10000,,,,,Flow,5,,36980,5181
NO_TPELO_03A_D,,,M3/HR,INPREP_INC\KSTD\KSTD_NODE.INC,142,,,,10000,,,,,Flow,5,,36980,5653
NO_TPELO_D,,,M3/HR,INPREP_INC\KSTD\KSTD_NODE.INC,78,,,,10000,,,,,Flow,5,,36582,6053
NO_TPELO_N1,,,M3/HR,INPREP_INC\KSTD\LDS\TPELO.INC,15,,,,10000,,,,,Flow,5,,36180,6441
NO_TPELO_N2,,,M3/HR,INPREP_INC\KSTD\LDS\TPELO.INC,17,,,,10000,,,,,Flow,5,,36582,6441
NO_TPELO_S,,,M3/HR,INPREP_INC\KSTD\KSTD_NODE.INC,54,,,,10000,,,,,Flow,5,,36180,6053
NO_TRNEY_22_5_D,,,M3/HR,INPREP_INC\KSTB\KSTB_NODE.INC,75,,,,10000,,,,,Flow,5,,33070,1828
NO_TRNEY_22_5_S,,,M3/HR,INPREP_INC\KSTB\KSTB_NODE.INC,73,,,,10000,,,,,Flow,5,,32670,1828
NO_TRNEY_D,,,M3/HR,INPREP_INC\KSTB\KSTB_NODE.INC,15,,,,10000,,,,,Flow,5,,32670,2250
NO_TRNEY_N1,,,M3/HR,INPREP_INC\KSTB\LDS\TRNEY.INC,15,,,,10000,,,,,Flow,5,,32270,2690
NO_TRNEY_N2,,,M3/HR,INPREP_INC\KSTB\LDS\TRNEY.INC,17,,,,10000,,,,,Flow,5,,32670,2690
NO_TRNEY_S,,,M3/HR,INPREP_INC\KSTB\KSTB_NODE.INC,13,,,,10000,,,,,Flow,5,,32270,2250
NO_WALHL_05_6_D,,,M3/HR,INPREP_INC\KSTA\KSTA_NODE.INC,363,,,,10000,,,,,Flow,5,,19070,1188
NO_WALHL_05_6_S,,,M3/HR,INPREP_INC\KSTA\KSTA_NODE.INC,361,,,,10000,,,,,Flow,5,,19070,1388
NO_WALHL_08_2_CKV_D,,,M3/HR,INPREP_INC\KSTA\KSTA_NODE.INC,367,,,,10000,,,,,Flow,5,,19070,588
NO_WALHL_08_2_CKV_S,,,M3/HR,INPREP_INC\KSTA\KSTA_NODE.INC,365,,,,10000,,,,,Flow,5,,19070,788
NO_WALHL_08_2_D,,,M3/HR,INPREP_INC\KSTA\KSTA_NODE.INC,369,,,,10000,,,,,Flow,5,,19070,388
NO_WALHL_15_7_D,,,M3/HR,INPREP_INC\KSTA\KSTA_NODE.INC,373,,,,10000,,,,,Flow,5,,19470,888
NO_WALHL_15_7_S,,,M3/HR,INPREP_INC\KSTA\KSTA_NODE.INC,371,,,,10000,,,,,Flow,5,,19470,388
NO_WALHL_19_8_CKV_D,,,M3/HR,INPREP_INC\KSTA\KSTA_NODE.INC,377,,,,10000,,,,,Flow,5,,19470,1488
NO_WALHL_19_8_CKV_S,,,M3/HR,INPREP_INC\KSTA\KSTA_NODE.INC,375,,,,10000,,,,,Flow,5,,19470,1288
NO_WALHL_19_8_D,,,M3/HR,INPREP_INC\KSTA\KSTA_NODE.INC,379,,,,10000,,,,,Flow,5,,19470,1800
NO_WELWD_08_1_D,,,M3/HR,INPREP_INC\KSTA\KSTA_NODE.INC,339,,,,10000,,,,,Flow,5,,16470,1588
NO_WELWD_08_1_S,,,M3/HR,INPREP_INC\KSTA\KSTA_NODE.INC,337,,,,10000,,,,,Flow,5,,16470,1788
NO_WELWD_23_2_D,,,M3/HR,INPREP_INC\KSTA\KSTA_NODE.INC,553,,,,10000,,,,,Flow,5,,16870,1188
NO_WELWD_23_2_S,,,M3/HR,INPREP_INC\KSTA\KSTA_NODE.INC,551,,,,10000,,,,,Flow,5,,16470,1188
NO_WELWD_35_2_D,,,M3/HR,INPREP_INC\KSTA\KSTA_NODE.INC,557,,,,10000,,,,,Flow,5,,16870,1788
NO_WELWD_35_2_S,,,M3/HR,INPREP_INC\KSTA\KSTA_NODE.INC,555,,,,10000,,,,,Flow,5,,16870,1588
NO_WELWD_D,,,M3/HR,INPREP_INC\KSTA\KSTA_NODE.INC,101,,,,10000,,,,,Flow,5,,16470,2250
NO_WELWD_N1,,,M3/HR,INPREP_INC\KSTA\LDS\WELWD.INC,15,,,,10000,,,,,Flow,5,,16070,2690
NO_WELWD_N2,,,M3/HR,INPREP_INC\KSTA\LDS\WELWD.INC,17,,,,10000,,,,,Flow,5,,16470,2690
NO_WELWD_S,,,M3/HR,INPREP_INC\KSTA\KSTA_NODE.INC,99,,,,10000,,,,,Flow,5,,16070,2250
NO_WLBER_09_9_D,,,M3/HR,INPREP_INC\KSTA\KSTA_NODE.INC,519,,,,10000,,,,,Flow,5,,29870,1788
NO_WLBER_09_9_S,,,M3/HR,INPREP_INC\KSTA\KSTA_NODE.INC,517,,,,10000,,,,,Flow,5,,29470,1788
NO_WLBER_D,,,M3/HR,INPREP_INC\KSTA\KSTA_NODE.INC,165,,,,10000,,,,,Flow,5,,29470,2250
NO_WLBER_N1,,,M3/HR,INPREP_INC\KSTA\LDS\WLBER.INC,15,,,,10000,,,,,Flow,5,,29070,2690
NO_WLBER_N2,,,M3/HR,INPREP_INC\KSTA\LDS\WLBER.INC,17,,,,10000,,,,,Flow,5,,29470,2690
NO_WLBER_S,,,M3/HR,INPREP_INC\KSTA\KSTA_NODE.INC,163,,,,10000,,,,,Flow,5,,29070,2250
NO_WNSBR_01A_D,,,M3/HR,INPREP_INC\KSTD\KSTD_NODE.INC,60,,,,10000,,,,,Flow,5,,38980,4853
NO_WNSBR_01A_S,,,M3/HR,INPREP_INC\KSTD\KSTD_NODE.INC,166,,,,10000,,,,,Flow,5,,38980,5143
NO_WNSBR_01B_D,,,M3/HR,INPREP_INC\KSTD\KSTD_NODE.INC,62,,,,10000,,,,,Flow,5,,38980,5453
NO_WNSBR_01B_S,,,M3/HR,INPREP_INC\KSTD\KSTD_NODE.INC,168,,,,10000,,,,,Flow,5,,38980,5653
NO_WNSBR_02A_CKV_S,,,M3/HR,INPREP_INC\KSTD\KSTD_NODE.INC,192,,,,10000,,,,,Flow,5,,38980,4453
NO_WNSBR_02A_D,,,M3/HR,INPREP_INC\KSTD\KSTD_NODE.INC,198,,,,10000,,,,,Flow,5,,39380,4753
NO_WNSBR_02A_S,,,M3/HR,INPREP_INC\KSTD\KSTD_NODE.INC,194,,,,10000,,,,,Flow,5,,39380,4453
NO_WNSBR_03A_D,,,M3/HR,INPREP_INC\KSTD\KSTD_NODE.INC,200,,,,10000,,,,,Flow,5,,39380,5353
NO_WNSBR_03A_S,,,M3/HR,INPREP_INC\KSTD\KSTD_NODE.INC,196,,,,10000,,,,,Flow,5,,39380,5153
NO_WNSBR_D,,,M3/HR,INPREP_INC\KSTD\KSTD_NODE.INC,84,,,,10000,,,,,Flow,5,,38980,6053
NO_WNSBR_N1,,,M3/HR,INPREP_INC\KSTD\LDS\WNSBR.INC,15,,,,10000,,,,,Flow,5,,38580,6441
NO_WNSBR_N2,,,M3/HR,INPREP_INC\KSTD\LDS\WNSBR.INC,17,,,,10000,,,,,Flow,5,,38980,6441
NO_WNSBR_S,,,M3/HR,INPREP_INC\KSTD\KSTD_NODE.INC,64,,,,10000,,,,,Flow,5,,38580,6053
NO_WTWOD_24_7_D,,,M3/HR,INPREP_INC\KSTA\KSTA_NODE.INC,295,,,,10000,,,,,Flow,5,,13670,1788
NO_WTWOD_24_7_S,,,M3/HR,INPREP_INC\KSTA\KSTA_NODE.INC,293,,,,10000,,,,,Flow,5,,13270,1788
NO_WTWOD_D,,,M3/HR,INPREP_INC\KSTA\KSTA_NODE.INC,85,,,,10000,,,,,Flow,5,,13270,2250
NO_WTWOD_N1,,,M3/HR,INPREP_INC\KSTA\LDS\WTWOD.INC,15,,,,10000,,,,,Flow,5,,12870,2690
NO_WTWOD_N2,,,M3/HR,INPREP_INC\KSTA\LDS\WTWOD.INC,17,,,,10000,,,,,Flow,5,,13270,2690
NO_WTWOD_S,,,M3/HR,INPREP_INC\KSTA\KSTA_NODE.INC,83,,,,10000,,,,,Flow,5,,12870,2250
