,AMP,DRAD,EE,EFF,FILL_CP,FILL_DEN,FILL_K,FILL_KNOT,FILL_THIK,FRICTION,FROM,FROM FILE,GRND_CP,GRND_DEN,GRND_K,GRND_KNOT,GRND_THIK,KS,LAOPP,LEN,LINE,MAOP1_DUR,MAOP1_EXCEED,MAOP1_LOC,MAOP1_WARN,MAOP2_DUR,MAOP2_EXCEED,MAOP2_LOC,MAOP2_WARN,MAOP_ALM,MAOP_DUR,MAOP_EXCEED,MAOP_LOC,MAOP_WARN,MAOPP,MODULUS,MONSECTION,NOTE,OD,P.ADJ+,P.ADJ-,PRESSURE.ADJ,PRESSURE.OFFSET,RUF,SVB,T+,T-,TAGS,TCURV,TO,USING_BDEP,WALL_CP,WALL_DEN,WALL_K,WALL_KNOT,WRAP_CP,WRAP_DEN,WRAP_K,WRAP_KNOT,WRAP_THIK,WT,XCOORD,YCOORD
,n/a,1/KM,M,n/a,KJ/KG-DC,KG/M3,KJ/HR-M-DC,n/a,MM,n/a,n/a,n/a,KJ/KG-DC,KG/M3,KJ/HR-M-DC,n/a,MM,KM,n/a,KM,n/a,n/a,n/a,n/a,n/a,n/a,n/a,n/a,n/a,n/a,n/a,n/a,n/a,n/a,n/a,GPA,n/a,n/a,MM,n/a,n/a,n/a,n/a,MM,M3,DC,DC,n/a,n/a,n/a,n/a,KJ/KG-DC,KG/M3,KJ/HR-M-DC,n/a,KJ/KG-DC,KG/M3,KJ/HR-M-DC,n/a,MM,MM,n/a,n/a
T_BELPL_06_4_BELPL_33_1,,,,,,,,,,COLEBROOK,NO_BELPL_06_4_D,INPREP_INC\KSTA\KSTA_PIPE.INC,1.3,,2.2,,,,100,26.5635,2895,0,0,0,0,0,0,0,0,0,0,0,0,0,9930,,"""BELPL-A0""",,863.6,0,0,0,0,,,10.98,10.9,BELPL-A0,,NO_BELPL_33_1_S,No,,,,,,,,,,9.55402,10070,1388
T_BELPL_33_1_BELPL_45_1_CKV,,,,,,,,,,COLEBROOK,NO_BELPL_33_1_D,INPREP_INC\KSTA\KSTA_PIPE.INC,1.3,,2.2,,,,100,11.8072,3958,0,0,0,0,0,0,0,0,0,0,0,0,0,9930,,"""BELPL-A0""",,863.6,0,0,0,0,,,11.24,10.98,BELPL-A0,,NO_BELPL_45_1_CKV_S,No,,,,,,,,,,10.1657,10470,1188
T_BELPL_45_1_REGNA,,,,,,,,,,COLEBROOK,NO_BELPL_45_1_D,INPREP_INC\KSTA\KSTA_PIPE.INC,1.3,,2.2,,,,100,15.1841,4484,0,0,0,0,0,0,0,0,0,0,0,0,0,9930,,"""BELPL-A0""",,863.6,0,0,0,0,,,11.56,11.24,BELPL-A0,,NO_REGNA_S,No,,,,,,,,,,9.58899,10470,1988
T_BELPL_BELPL_06_4,,,,,,,,,,COLEBROOK,NO_BELPL_D,INPREP_INC\KSTA\KSTA_PIPE.INC,1.3,,2.2,,,,100,6.35726,16112,0,0,0,0,0,0,0,0,0,0,0,0,0,9930,,"""BELPL-A0""",,863.6,0,0,0,0,,,10.9,10.99,BELPL-A0,,NO_BELPL_06_4_S,No,,,,,,,,,,9.5235,10070,1988
T_BNDLO_20_5_BNDLO_22_0_CKV,,,,,,,,,,COLEBROOK,NO_BNDLO_20_5_D,INPREP_INC\KSTA\KSTA_PIPE.INC,1.3,,2.2,,,,100,1.47092,869,0,0,0,0,0,0,0,0,0,0,0,0,0,9930,,"""BNDLO-A0""",,762,0,0,0,0,,,12.9,12.9,BNDLO-A0,,NO_BNDLO_22_0_CKV_S,No,,,,,,,,,,14.4955,4470,1488
T_BNDLO_22_0_BRSTL,,,,,,,,,,COLEBROOK,NO_BNDLO_22_0_D,INPREP_INC\KSTA\KSTA_PIPE.INC,1.3,,2.2,,,,100,18.919,886,0,0,0,0,0,0,0,0,0,0,0,0,0,9930,,"""BNDLO-A0""",,762,0,0,0,0,,,12.93,12.9,BNDLO-A0,,NO_BRSTL_S,No,,,,,,,,,,13.0002,4670,789
T_BNDLO_BNDLO_20_5,,,,,,,,,,COLEBROOK,NO_BNDLO_D,INPREP_INC\KSTA\KSTA_PIPE.INC,1.3,,2.2,,,,100,20.3924,15918,0,0,0,0,0,0,0,0,0,0,0,0,0,9930,,"""BNDLO-A0""",,762,0,0,0,0,,,12.9,12.9,BNDLO-A0,,NO_BNDLO_20_5_S,No,,,,,,,,,,13.005,4470,1988
T_BRSTL_31_2_LBNTL,,,,,,,,,,COLEBROOK,NO_BRSTL_31_2_D,INPREP_INC\KSTA\KSTA_PIPE.INC,1.3,,2.2,,,,100,4.75986,931,0,0,0,0,0,0,0,0,0,0,0,0,0,9930,,"""BRSTL-A0""",,863.6,0,0,0,0,,,13.15,13.12,BRSTL-A0,,NO_LBNTL_S,No,,,,,,,,,,10.2302,4870,1988
T_BRSTL_BRSTL_31_2,,,,,,,,,,COLEBROOK,NO_BRSTL_D,INPREP_INC\KSTA\KSTA_PIPE.INC,1.3,,2.2,,,,100,31.2747,140,0,0,0,0,0,0,0,0,0,0,0,0,0,9930,,"""BRSTL-A0""",,863.6,0,0,0,0,,,13.12,12.93,BRSTL-A0,,NO_BRSTL_31_2_S,No,,,,,,,,,,9.54175,4870,1488
T_BRYAN_01A_BRYAN_01B,,,,,,,,,,COLEBROOK,NO_BRYAN_01A_D,INPREP_INC\KSTD\KSTD_PIPE.INC,1.3,,2.2,,,,100,13.5508,647,0,0,0,0,0,0,0,0,0,0,0,0,0,9930,,"""BRYAN-B0""",,914.4,0,0,0,0,,,21.39,21.93,BRYAN-B0,,NO_BRYAN_01B_S,No,,,,,,,,,,14.0436,37381,5259
T_BRYAN_01B_BRYAN_02A_CKV,,,,,,,,,,COLEBROOK,NO_BRYAN_01B_D,INPREP_INC\KSTD\KSTD_PIPE.INC,1.3,,2.2,,,,100,5.24208,267,0,0,0,0,0,0,0,0,0,0,0,0,0,9930,,"""BRYAN-B0""",,914.4,0,0,0,0,,,21.39,21.93,BRYAN-B0,,NO_BRYAN_02A_CKV_S,No,,,,,,,,,,14.7688,37381,4581
T_BRYAN_02A_BRYAN_02B,,,,,,,,,,COLEBROOK,NO_BRYAN_02A_D,INPREP_INC\KSTD\KSTD_PIPE.INC,1.3,,2.2,,,,100,11.932,697,0,0,0,0,0,0,0,0,0,0,0,0,0,9930,,"""BRYAN-B0""",,914.4,0,0,0,0,,,21.39,21.93,BRYAN-B0,,NO_BRYAN_02B_S,No,,,,,,,,,,13.5465,37780,4359
T_BRYAN_02B_BRYAN_03A,,,,,,,,,,COLEBROOK,NO_BRYAN_02B_D,INPREP_INC\KSTD\KSTD_PIPE.INC,1.3,,2.2,,,,100,30.4554,4265,0,0,0,0,0,0,0,0,0,0,0,0,0,9930,,"""BRYAN-B0""",,914.4,0,0,0,0,,,21.39,21.93,BRYAN-B0,,NO_BRYAN_03A_S,No,,,,,,,,,,13.7297,37780,4859
T_BRYAN_03A_BRYAN_04A_CKV,,,,,,,,,,COLEBROOK,NO_BRYAN_03A_D,INPREP_INC\KSTD\KSTD_PIPE.INC,1.3,,2.2,,,,100,5.74415,1294,0,0,0,0,0,0,0,0,0,0,0,0,0,9930,,"""BRYAN-B0""",,914.4,0,0,0,0,,,21.39,21.93,BRYAN-B0,,NO_BRYAN_04A_CKV_S,No,,,,,,,,,,14.2726,37780,5348
T_BRYAN_04A_DELTA,,,,,,,,,,COLEBROOK,NO_BRYAN_04A_D,INPREP_INC\KSTD\KSTD_PIPE.INC,1.3,,2.2,,,,100,3.54335,1372,0,0,0,0,0,0,0,0,0,0,0,0,0,9930,,"""BRYAN-B0""",,914.4,0,0,0,0,,,21.39,21.93,BRYAN-B0,,NO_DELTA_S,No,,,,,,,,,,13.6897,37780,5801
T_BRYAN_BRYAN_01A,,,,,,,,,,COLEBROOK,NO_BRYAN_D,INPREP_INC\KSTD\KSTD_PIPE.INC,1.3,,2.2,,,,100,5.88876,742,0,0,0,0,0,0,0,0,0,0,0,0,0,9930,,"""BRYAN-B0""",,914.4,0,0,0,0,,,21.39,21.93,BRYAN-B0,,NO_BRYAN_01A_S,No,,,,,,,,,,14.2098,37381,5801
T_BURNS_01A_ROCKP,,,,,,,,,,COLEBROOK,NO_BURNS_01A_D,INPREP_INC\KSTC\KSTC_PIPE.INC,1.3,,2.2,,,,100,34.1914,942,0,0,0,0,0,0,0,0,0,0,0,0,0,9930,,"""BURNS-B0""",,914.4,0,0,0,0,,,25.7,25.42,BURNS-B0,,NO_ROCKP_S,No,,,,,,,,,,12.6595,32025,5736
T_BURNS_BURNS_01A,,,,,,,,,,COLEBROOK,NO_BURNS_D,INPREP_INC\KSTC\KSTC_PIPE.INC,1.3,,2.2,,,,100,35.9295,90,0,0,0,0,0,0,0,0,0,0,0,0,0,9930,,"""BURNS-B0""",,914.4,0,0,0,0,,,25.42,25.13,BURNS-B0,,NO_BURNS_01A_S,No,,,,,,,,,,13.3797,32025,5236
T_CABRP_25_1_STWTV,,,,,,,,,,COLEBROOK,NO_CABRP_25_1_D,INPREP_INC\KSTA\KSTA_PIPE.INC,1.3,,2.2,,,,100,17.6364,1093,0,0,0,0,0,0,0,0,0,0,0,0,0,9930,,"""CABRP-A0""",,863.6,0,0,0,0,,,13.72,13.62,CABRP-A0,,NO_STWTV_S,No,,,,,,,,,,9.95503,6470,1988
T_CABRP_CABRP_25_1,,,,,,,,,,COLEBROOK,NO_CABRP_D,INPREP_INC\KSTA\KSTA_PIPE.INC,1.3,,2.2,,,,100,24.9856,20308,0,0,0,0,0,0,0,0,0,0,0,0,0,9930,,"""CABRP-A0""",,863.6,0,0,0,0,,,13.62,13.47,CABRP-A0,,NO_CABRP_25_1_S,No,,,,,,,,,,9.59703,6070,1988
T_CARMA_36_4_CARMA_49_2_CKV,,,,,,,,,,COLEBROOK,NO_CARMA_36_4_D,INPREP_INC\KSTA\KSTA_PIPE.INC,1.3,,2.2,,,,100,12.822,11320,0,0,0,0,0,0,0,0,0,0,0,0,0,9930,,"""CARMA-A0""",,762,0,0,0,0,,,13.23,13.22,CARMA-A0,,NO_CARMA_49_2_CKV_S,No,,,,,,,,,,14.1937,18470,1288
T_CARMA_49_2_HSKTT,,,,,,,,,,COLEBROOK,NO_CARMA_49_2_D,INPREP_INC\KSTA\KSTA_PIPE.INC,1.3,,2.2,,,,100,19.3473,11368,0,0,0,0,0,0,0,0,0,0,0,0,0,9930,,"""CARMA-A0""",,762,0,0,0,0,,,13.25,13.23,CARMA-A0,,NO_HSKTT_S,No,,,,,,,,,,13.1091,18670,1988
T_CARMA_CARMA_36_4,,,,,,,,,,COLEBROOK,NO_CARMA_D,INPREP_INC\KSTA\KSTA_PIPE.INC,1.3,,2.2,,,,100,36.437,14792,0,0,0,0,0,0,0,0,0,0,0,0,0,9930,,"""CARMA-A0""",,762,0,0,0,0,,,13.22,12.78,CARMA-A0,,NO_CARMA_36_4_S,No,,,,,,,,,,13.1543,18270,1988
T_CAROP_23_3_CAROP_39_7,,,,,,,,,,COLEBROOK,NO_CAROP_23_3_D,INPREP_INC\KSTA\KSTA_PIPE.INC,1.3,,2.2,,,,100,16.2988,1829,0,0,0,0,0,0,0,0,0,0,0,0,0,9930,,"""CAROP-A0""",,863.6,0,0,0,0,,,11.07,11.31,CAROP-A0,,NO_CAROP_39_7_S,No,,,,,,,,,,9.68283,9270,1390
T_CAROP_39_7_CAROP_40_8_CKV,,,,,,,,,,COLEBROOK,NO_CAROP_39_7_D,INPREP_INC\KSTA\KSTA_PIPE.INC,1.3,,2.2,,,,100,1.10267,2617,0,0,0,0,0,0,0,0,0,0,0,0,0,9930,,"""CAROP-A0""",,863.6,0,0,0,0,,,11.05,11.07,CAROP-A0,,NO_CAROP_40_8_CKV_S,No,,,,,,,,,,9.26897,9670,1188
T_CAROP_40_8_BELPL,,,,,,,,,,COLEBROOK,NO_CAROP_40_8_D,INPREP_INC\KSTA\KSTA_PIPE.INC,1.3,,2.2,,,,100,4.06442,2689,0,0,0,0,0,0,0,0,0,0,0,0,0,9930,,"""CAROP-A0""",,863.6,0,0,0,0,,,10.99,11.05,CAROP-A0,,NO_BELPL_S,No,,,,,,,,,,9.38744,9670,1988
T_CAROP_CAROP_23_3,,,,,,,,,,COLEBROOK,NO_CAROP_D,INPREP_INC\KSTA\KSTA_PIPE.INC,1.3,,2.2,,,,100,23.4067,16728,0,0,0,0,0,0,0,0,0,0,0,0,0,9930,,"""CAROP-A0""",,863.6,0,0,0,0,,,11.31,11.65,CAROP-A0,,NO_CAROP_23_3_S,No,,,,,,,,,,9.5928,9270,1988
T_CHPLN_05_1_CHPLN_32_8,,,,,,,,,,COLEBROOK,NO_CHPLN_05_1_D,INPREP_INC\KSTA\KSTA_PIPE.INC,1.3,,2.2,,,,100,27.6406,1558,0,0,0,0,0,0,0,0,0,0,0,0,0,9930,,"""CHPLN-A0""",,863.6,0,0,0,0,,,12.04,12.44,CHPLN-A0,,NO_CHPLN_32_8_S,No,,,,,,,,,,9.54381,8470,1388
T_CHPLN_32_8_CHPLN_51_6,,,,,,,,,,COLEBROOK,NO_CHPLN_32_8_D,INPREP_INC\KSTA\KSTA_PIPE.INC,1.3,,2.2,,,,100,18.7705,1643,0,0,0,0,0,0,0,0,0,0,0,0,0,9930,,"""CHPLN-A0""",,863.6,0,0,0,0,,,11.76,12.04,CHPLN-A0,,NO_CHPLN_51_6_S,No,,,,,,,,,,9.62669,8870,1388
T_CHPLN_51_6_CAROP,,,,,,,,,,COLEBROOK,NO_CHPLN_51_6_D,INPREP_INC\KSTA\KSTA_PIPE.INC,1.3,,2.2,,,,100,7.83451,1782,0,0,0,0,0,0,0,0,0,0,0,0,0,9930,,"""CHPLN-A0""",,863.6,0,0,0,0,,,11.65,11.76,CHPLN-A0,,NO_CAROP_S,No,,,,,,,,,,9.53971,8870,1988
T_CHPLN_CHPLN_05_1,,,,,,,,,,COLEBROOK,NO_CHPLN_D,INPREP_INC\KSTA\KSTA_PIPE.INC,1.3,,2.2,,,,100,5.09344,16083,0,0,0,0,0,0,0,0,0,0,0,0,0,9930,,"""CHPLN-A0""",,863.6,0,0,0,0,,,12.44,12.51,CHPLN-A0,,NO_CHPLN_05_1_S,No,,,,,,,,,,9.45027,8470,1988
T_CITGO_LATERAL,,,,,,,,,,COLEBROOK,NO_CITGO_S,INPREP_INC\KSTD\KSTD_PIPE.INC,1.3,,2.2,,,,100,9.39533,4389,0,0,0,0,0,0,0,0,0,0,0,0,0,9930,,"""CITGO-B0""",,914.4,0,0,0,0,,,22,21.39,CITGO-B0,,NO_CITGO_D,No,,,,,,,,,,14.7412,42175,4523
T_CNTRL_19_5_CNTRL_21_1_CKV,,,,,,,,,,COLEBROOK,NO_CNTRL_19_5_D,INPREP_INC\KSTB\KSTB_PIPE.INC,1.3,,2.2,,,,100,2.58228,901,0,0,0,0,0,0,0,0,0,0,0,0,0,9930,,"""CNTRL-A0""",,762,0,0,0,0,,,20.1,20.1,CNTRL-A0,,NO_CNTRL_21_1_CKV_S,No,,,,,,,,,,11.6772,35070,1428
T_CNTRL_21_1_MDLTP,,,,,,,,,,COLEBROOK,NO_CNTRL_21_1_D,INPREP_INC\KSTB\KSTB_PIPE.INC,1.3,,2.2,,,,100,39.5571,925,0,0,0,0,0,0,0,0,0,0,0,0,0,9930,,"""CNTRL-A0""",,762,0,0,0,0,,,20.1,20.1,CNTRL-A0,,NO_MDLTP_S,No,,,,,,,,,,11.3919,35470,2028
T_CNTRL_CNTRL_19_5,,,,,,,,,,COLEBROOK,NO_CNTRL_D,INPREP_INC\KSTB\KSTB_PIPE.INC,1.3,,2.2,,,,100,31.3268,1959,0,0,0,0,0,0,0,0,0,0,0,0,0,9930,,"""CNTRL-A0""",,762,0,0,0,0,,,20.1,20.1,CNTRL-A0,,NO_CNTRL_19_5_S,No,,,,,,,,,,11.0768,35070,2028
T_CORGN_01A_CORGN_02A,,,,,,,,,,COLEBROOK,NO_CORGN_01A_D,INPREP_INC\KSTD\KSTD_PIPE.INC,1.3,,2.2,,,,100,18.8413,3048,0,0,0,0,0,0,0,0,0,0,0,0,0,9930,,"""CORGN-B0""",,914.4,0,0,0,0,,,21.39,21.93,CORGN-B0,,NO_CORGN_02A_S,No,,,,,,,,,,14.494,41580,4753
T_CORGN_01B_CORGN_01A,,,,,,,,,,COLEBROOK,NO_CORGN_01B_D,INPREP_INC\KSTD\KSTD_PIPE.INC,1.3,,2.2,,,,100,12.7948,2998,0,0,0,0,0,0,0,0,0,0,0,0,0,9930,,"""CORGN-B0""",,914.4,0,0,0,0,,,21.39,21.93,CORGN-B0,,NO_CORGN_01A_S,No,,,,,,,,,,12.8598,41378,5253
T_CORGN_02A_CORGN_03A,,,,,,,,,,COLEBROOK,NO_CORGN_02A_D,INPREP_INC\KSTD\KSTD_PIPE.INC,1.3,,2.2,,,,100,15.8704,3154,0,0,0,0,0,0,0,0,0,0,0,0,0,9930,,"""CORGN-B0""",,914.4,0,0,0,0,,,21.39,21.93,CORGN-B0,,NO_CORGN_03A_S,No,,,,,,,,,,13.4414,41781,5258
T_CORGN_03A_LIBRT,,,,,,,,,,COLEBROOK,NO_CORGN_03A_D,INPREP_INC\KSTD\KSTD_PIPE.INC,1.3,,2.2,,,,100,8.47208,3204,0,0,0,0,0,0,0,0,0,0,0,0,0,9930,,"""CORGN-B0""",,914.4,0,0,0,0,,,21.39,21.93,CORGN-B0,,NO_LIBRT_S,No,,,,,,,,,,12.8211,41780,5801
T_CORGN_CORGN_01B,,,,,,,,,,COLEBROOK,NO_CORGN_D,INPREP_INC\KSTD\KSTD_PIPE.INC,1.3,,2.2,,,,100,32.2059,2826,0,0,0,0,0,0,0,0,0,0,0,0,0,9930,,"""CORGN-B0""",,914.4,0,0,0,0,,,21.39,21.93,CORGN-B0,,NO_CORGN_01B_S,No,,,,,,,,,,14.1299,41378,5801
T_CRMWL_01A_CRMWL_02A,,,,,,,,,,COLEBROOK,NO_CRMWL_01A_D,INPREP_INC\KSTD\KSTD_PIPE.INC,1.3,,2.2,,,,100,11.0298,795,0,0,0,0,0,0,0,0,0,0,0,0,0,9930,,"""CRMWL-B0""",,914.4,0,0,0,0,,,21.39,21.93,CRMWL-B0,,NO_CRMWL_02A_S,No,,,,,,,,,,15.3398,35783,5253
T_CRMWL_02A_CRMWL_03A_CKV,,,,,,,,,,COLEBROOK,NO_CRMWL_02A_D,INPREP_INC\KSTD\KSTD_PIPE.INC,1.3,,2.2,,,,100,6.43526,865,0,0,0,0,0,0,0,0,0,0,0,0,0,9930,,"""CRMWL-B0""",,914.4,0,0,0,0,,,21.39,21.93,CRMWL-B0,,NO_CRMWL_03A_CKV_S,No,,,,,,,,,,13.9488,36180,5153
T_CRMWL_03A_TPELO,,,,,,,,,,COLEBROOK,NO_CRMWL_03A_D,INPREP_INC\KSTD\KSTD_PIPE.INC,1.3,,2.2,,,,100,29.0576,313,0,0,0,0,0,0,0,0,0,0,0,0,0,9930,,"""CRMWL-B0""",,914.4,0,0,0,0,,,21.39,21.93,CRMWL-B0,,NO_TPELO_S,No,,,,,,,,,,14.1385,36180,5801
T_CRMWL_CRMWL_01A,,,,,,,,,,COLEBROOK,NO_CRMWL_D,INPREP_INC\KSTD\KSTD_PIPE.INC,1.3,,2.2,,,,100,28.4231,913,0,0,0,0,0,0,0,0,0,0,0,0,0,9930,,"""CRMWL-B0""",,914.4,0,0,0,0,,,21.39,21.93,CRMWL-B0,,NO_CRMWL_01A_S,No,,,,,,,,,,15.4797,35784,5801
T_CRNDL_08_1_CRNDL_26_4,,,,,,,,,,COLEBROOK,NO_CRNDL_08_1_D,INPREP_INC\KSTA\KSTA_PIPE.INC,1.3,,2.2,,,,100,18.2376,10343,0,0,0,0,0,0,0,0,0,0,0,0,0,9930,,"""CRNDL-A0""",,863.6,0,0,0,0,,,12.49,12.6,CRNDL-A0,,NO_CRNDL_26_4_S,No,,,,,,,,,,10.9922,14870,1088
T_CRNDL_26_4_CRNDL_39_7,,,,,,,,,,COLEBROOK,NO_CRNDL_26_4_D,INPREP_INC\KSTA\KSTA_PIPE.INC,1.3,,2.2,,,,100,13.3046,10409,0,0,0,0,0,0,0,0,0,0,0,0,0,9930,,"""CRNDL-A0""",,863.6,0,0,0,0,,,12.4,12.49,CRNDL-A0,,NO_CRNDL_39_7_S,No,,,,,,,,,,11.017,15070,588
T_CRNDL_39_7_CRNDL_43_0_CKV,,,,,,,,,,COLEBROOK,NO_CRNDL_39_7_D,INPREP_INC\KSTA\KSTA_PIPE.INC,1.3,,2.2,,,,100,3.21765,10450,0,0,0,0,0,0,0,0,0,0,0,0,0,9930,,"""CRNDL-A0""",,863.6,0,0,0,0,,,12.38,12.4,CRNDL-A0,,NO_CRNDL_43_0_CKV_S,No,,,,,,,,,,11.1387,15270,1188
T_CRNDL_43_0_RPDCT,,,,,,,,,,COLEBROOK,NO_CRNDL_43_0_D,INPREP_INC\KSTA\KSTA_PIPE.INC,1.3,,2.2,,,,100,8.45968,10470,0,0,0,0,0,0,0,0,0,0,0,0,0,9930,,"""CRNDL-A0""",,863.6,0,0,0,0,,,12.33,12.38,CRNDL-A0,,NO_RPDCT_S,No,,,,,,,,,,11.6256,15270,1988
T_CRNDL_CRNDL_08_1_CKV,,,,,,,,,,COLEBROOK,NO_CRNDL_D,INPREP_INC\KSTA\KSTA_PIPE.INC,1.3,,2.2,,,,100,7.94784,14688,0,0,0,0,0,0,0,0,0,0,0,0,0,9930,,"""CRNDL-A0""",,863.6,0,0,0,0,,,12.6,12.65,CRNDL-A0,,NO_CRNDL_08_1_CKV_S,No,,,,,,,,,,11.3561,14870,1988
T_CRPTR_15_7_CRPTR_44_2,,,,,,,,,,COLEBROOK,NO_CRPTR_15_7_D,INPREP_INC\KSTA\KSTA_PIPE.INC,1.3,,2.2,,,,100,45.4048,12471,0,0,0,0,0,0,0,0,0,0,0,0,0,9930,,"""CRPTR-A0""",,762,0,0,0,0,,,16.02,15.75,CRPTR-A0,,NO_CRPTR_44_2_S,No,,,,,,,,,,11.8025,24870,1488
T_CRPTR_44_2_ROSWL,,,,,,,,,,COLEBROOK,NO_CRPTR_44_2_D,INPREP_INC\KSTA\KSTA_PIPE.INC,1.3,,2.2,,,,100,4.95703,12592,0,0,0,0,0,0,0,0,0,0,0,0,0,9930,,"""CRPTR-A0""",,762,0,0,0,0,,,16.05,16.02,CRPTR-A0,,NO_ROSWL_S,No,,,,,,,,,,11.04,25070,1988
T_CRPTR_CRPTR_15_7,,,,,,,,,,COLEBROOK,NO_CRPTR_D,INPREP_INC\KSTA\KSTA_PIPE.INC,1.3,,2.2,,,,100,25.836,15348,0,0,0,0,0,0,0,0,0,0,0,0,0,9930,,"""CRPTR-A0""",,762,0,0,0,0,,,15.75,15.6,CRPTR-A0,,NO_CRPTR_15_7_S,No,,,,,,,,,,11.4817,24670,1988
T_CSHSP_01A_CSHSP_02A_CKV,,,,,,,,,,COLEBROOK,NO_CSHSP_01A_D,INPREP_INC\KSTD\KSTD_PIPE.INC,1.3,,2.2,,,,100,10.2656,1122,0,0,0,0,0,0,0,0,0,0,0,0,0,9930,,"""CSHSP-B0""",,914.4,0,0,0,0,,,21.39,21.93,CSHSP-B0,,NO_CSHSP_02A_CKV_S,No,,,,,,,,,,14.3063,34984,4731
T_CSHSP_01B_CSHSP_01A,,,,,,,,,,COLEBROOK,NO_CSHSP_01B_D,INPREP_INC\KSTD\KSTD_PIPE.INC,1.3,,2.2,,,,100,17.9904,3974,0,0,0,0,0,0,0,0,0,0,0,0,0,9930,,"""CSHSP-B0""",,914.4,0,0,0,0,,,21.39,21.93,CSHSP-B0,,NO_CSHSP_01A_S,No,,,,,,,,,,14.5043,34984,5376
T_CSHSP_02A_CSHSP_03A,,,,,,,,,,COLEBROOK,NO_CSHSP_02A_D,INPREP_INC\KSTD\KSTD_PIPE.INC,1.3,,2.2,,,,100,21.9429,1163,0,0,0,0,0,0,0,0,0,0,0,0,0,9930,,"""CSHSP-B0""",,914.4,0,0,0,0,,,21.39,21.93,CSHSP-B0,,NO_CSHSP_03A_S,No,,,,,,,,,,14.3776,35380,4471
T_CSHSP_03A_CSHSP_04A_CKV,,,,,,,,,,COLEBROOK,NO_CSHSP_03A_D,INPREP_INC\KSTD\KSTD_PIPE.INC,1.3,,2.2,,,,100,4.53972,1268,0,0,0,0,0,0,0,0,0,0,0,0,0,9930,,"""CSHSP-B0""",,914.4,0,0,0,0,,,21.39,21.93,CSHSP-B0,,NO_CSHSP_04A_CKV_S,No,,,,,,,,,,14.4549,35380,5111
T_CSHSP_04A_CRMWL,,,,,,,,,,COLEBROOK,NO_CSHSP_04A_D,INPREP_INC\KSTD\KSTD_PIPE.INC,1.3,,2.2,,,,100,13.8123,1049,0,0,0,0,0,0,0,0,0,0,0,0,0,9930,,"""CSHSP-B0""",,914.4,0,0,0,0,,,21.39,21.93,CSHSP-B0,,NO_CRMWL_S,No,,,,,,,,,,14.8787,35380,5801
T_CSHSP_CSHSP_01B,,,,,,,,,,COLEBROOK,NO_CSHSP_D1,INPREP_INC\KSTD\KSTD_PIPE.INC,1.3,,2.2,,,,100,10.9133,3879,0,0,0,0,0,0,0,0,0,0,0,0,0,9930,,"""CSHSP-B0""",,914.4,0,0,0,0,,,21.6,21.93,CSHSP-B0,,NO_CSHSP_01B_S,No,,,,,,,,,,13.6705,34984,5801
T_DELTA_01A_DELTA_02A_CKV,,,,,,,,,,COLEBROOK,NO_DELTA_01A_D,INPREP_INC\KSTD\KSTD_PIPE.INC,1.3,,2.2,,,,100,4.08174,1398,0,0,0,0,0,0,0,0,0,0,0,0,0,9930,,"""DELTA-B0""",,914.4,0,0,0,0,,,21.39,21.93,DELTA-B0,,NO_DELTA_02A_CKV_S,No,,,,,,,,,,14.2085,38182,5259
T_DELTA_02A_DELTA_03A,,,,,,,,,,COLEBROOK,NO_DELTA_02A_D,INPREP_INC\KSTD\KSTD_PIPE.INC,1.3,,2.2,,,,100,27.6165,1427,0,0,0,0,0,0,0,0,0,0,0,0,0,9930,,"""DELTA-B0""",,914.4,0,0,0,0,,,21.39,21.93,DELTA-B0,,NO_DELTA_03A_S,No,,,,,,,,,,14.0475,38380,4359
T_DELTA_03A_DELTA_04A,,,,,,,,,,COLEBROOK,NO_DELTA_03A_D,INPREP_INC\KSTD\KSTD_PIPE.INC,1.3,,2.2,,,,100,21.5221,1545,0,0,0,0,0,0,0,0,0,0,0,0,0,9930,,"""DELTA-B0""",,914.4,0,0,0,0,,,21.39,21.93,DELTA-B0,,NO_DELTA_04A_S,No,,,,,,,,,,13.9496,38580,4859
T_DELTA_04A_WNSBR,,,,,,,,,,COLEBROOK,NO_DELTA_04A_D,INPREP_INC\KSTD\KSTD_PIPE.INC,1.3,,2.2,,,,100,8.31041,4083,0,0,0,0,0,0,0,0,0,0,0,0,0,9930,,"""DELTA-B0""",,914.4,0,0,0,0,,,21.39,21.93,DELTA-B0,,NO_WNSBR_S,No,,,,,,,,,,14.2224,38580,5801
T_DELTA_DELTA_01A,,,,,,,,,,COLEBROOK,NO_DELTA_D,INPREP_INC\KSTD\KSTD_PIPE.INC,1.3,,2.2,,,,100,9.51374,1342,0,0,0,0,0,0,0,0,0,0,0,0,0,9930,,"""DELTA-B0""",,914.4,0,0,0,0,,,21.39,21.93,DELTA-B0,,NO_DELTA_01A_S,No,,,,,,,,,,13.3059,38182,5801
T_DVDCT_21_5_DVDCT_25_6_CKV,,,,,,,,,,COLEBROOK,NO_DVDCT_21_5_D,INPREP_INC\KSTA\KSTA_PIPE.INC,1.3,,2.2,,,,100,6.5828,13404,0,0,0,0,0,0,0,0,0,0,0,0,0,9930,,"""DVDCT-A0""",,762,0,0,0,0,,,18.06,18,DVDCT-A0,,NO_DVDCT_25_6_CKV_S,No,,,,,,,,,,10.9986,28670,1588
T_DVDCT_25_6_DVDCT_36_8,,,,,,,,,,COLEBROOK,NO_DVDCT_25_6_D,INPREP_INC\KSTA\KSTA_PIPE.INC,1.3,,2.2,,,,100,18.1072,13442,0,0,0,0,0,0,0,0,0,0,0,0,0,9930,,"""DVDCT-A0""",,762,0,0,0,0,,,18.2,18.06,DVDCT-A0,,NO_DVDCT_36_8_S,No,,,,,,,,,,11.7181,28870,688
T_DVDCT_36_8_DVDCT_39_2,,,,,,,,,,COLEBROOK,NO_DVDCT_36_8_D,INPREP_INC\KSTA\KSTA_PIPE.INC,1.3,,2.2,,,,100,5.05792,13493,0,0,0,0,0,0,0,0,0,0,0,0,0,9930,,"""DVDCT-A0""",,762,0,0,0,0,,,18.27,18.2,DVDCT-A0,,NO_DVDCT_39_2_S,No,,,,,,,,,,12.3062,29070,1100
T_DVDCT_39_2_DVDCT_41_6_CKV,,,,,,,,,,COLEBROOK,NO_DVDCT_39_2_D,INPREP_INC\KSTA\KSTA_PIPE.INC,1.3,,2.2,,,,100,2.56171,13516,0,0,0,0,0,0,0,0,0,0,0,0,0,9930,,"""DVDCT-A0""",,762,0,0,0,0,,,18.27,18.2,DVDCT-A0,,NO_DVDCT_41_6_CKV_S,No,,,,,,,,,,12.3062,29070,1350
T_DVDCT_41_6_WLBER,,,,,,,,,,COLEBROOK,NO_DVDCT_41_6_D,INPREP_INC\KSTA\KSTA_PIPE.INC,1.3,,2.2,,,,100,15.9928,13535,0,0,0,0,0,0,0,0,0,0,0,0,0,9930,,"""DVDCT-A0""",,762,0,0,0,0,,,18.4,18.27,DVDCT-A0,,NO_WLBER_S,No,,,,,,,,,,12.1573,29070,1988
T_DVDCT_DVDCT_21_5,,,,,,,,,,COLEBROOK,NO_DVDCT_D,INPREP_INC\KSTA\KSTA_PIPE.INC,1.3,,2.2,,,,100,34.738,15677,0,0,0,0,0,0,0,0,0,0,0,0,0,9930,,"""DVDCT-A0""",,762,0,0,0,0,,,18,17.81,DVDCT-A0,,NO_DVDCT_21_5_S,No,,,,,,,,,,11.6987,28670,1988
T_EDNBG_15_5_NAGRA,,,,,,,,,,COLEBROOK,NO_EDNBG_15_5_D,INPREP_INC\KSTA\KSTA_PIPE.INC,1.3,,2.2,,,,100,42.5855,11617,0,0,0,0,0,0,0,0,0,0,0,0,0,9930,,"""EDNBG-A0""",,762,0,0,0,0,,,13.39,13.34,EDNBG-A0,,NO_NAGRA_S,No,,,,,,,,,,11.0124,20270,1988
T_EDNBG_EDNBG_15_5_CKV,,,,,,,,,,COLEBROOK,NO_EDNBG_D,INPREP_INC\KSTA\KSTA_PIPE.INC,1.3,,2.2,,,,100,24.9922,14871,0,0,0,0,0,0,0,0,0,0,0,0,0,9930,,"""EDNBG-A0""",,762,0,0,0,0,,,13.34,13.32,EDNBG-A0,,NO_EDNBG_15_5_CKV_S,No,,,,,,,,,,11.7723,19870,1988
T_ELMCK_CARMA,,,,,,,,,,COLEBROOK,NO_ELMCK_D,INPREP_INC\KSTA\KSTA_PIPE.INC,1.3,,2.2,,,,100,14.91,327,0,0,0,0,0,0,0,0,0,0,0,0,0,9930,,"""ELMCK-A0""",,762,0,0,0,0,,,12.78,12.46,ELMCK-A0,,NO_CARMA_S,No,,,,,,,,,,13.0833,17670,1988
T_FERNY_14_3_FERNY_30_8,,,,,,,,,,COLEBROOK,NO_FERNY_14_3_D,INPREP_INC\KSTA\KSTA_PIPE.INC,1.3,,2.2,,,,100,26.5833,12314,0,0,0,0,0,0,0,0,0,0,0,0,0,9930,,"""FERNY-A0""",,762,0,0,0,0,,,15.44,15.28,FERNY-A0,,NO_FERNY_30_8_S,No,,,,,,,,,,11.4121,23870,1388
T_FERNY_30_8_FERNY_38_9_CKV,,,,,,,,,,COLEBROOK,NO_FERNY_30_8_D,INPREP_INC\KSTA\KSTA_PIPE.INC,1.3,,2.2,,,,100,13.0649,12388,0,0,0,0,0,0,0,0,0,0,0,0,0,9930,,"""FERNY-A0""",,762,0,0,0,0,,,15.51,15.44,FERNY-A0,,NO_FERNY_38_9_CKV_S,No,,,,,,,,,,11.206,24070,888
T_FERNY_38_9_CRPTR,,,,,,,,,,COLEBROOK,NO_FERNY_38_9_D,INPREP_INC\KSTA\KSTA_PIPE.INC,1.3,,2.2,,,,100,13.9668,12428,0,0,0,0,0,0,0,0,0,0,0,0,0,9930,,"""FERNY-A0""",,762,0,0,0,0,,,15.6,15.51,FERNY-A0,,NO_CRPTR_S,No,,,,,,,,,,11.624,24270,1988
T_FERNY_FERNY_14_3,,,,,,,,,,COLEBROOK,NO_FERNY_D,INPREP_INC\KSTA\KSTA_PIPE.INC,1.3,,2.2,,,,100,22.9093,15281,0,0,0,0,0,0,0,0,0,0,0,0,0,9930,,"""FERNY-A0""",,762,0,0,0,0,,,15.28,15.14,FERNY-A0,,NO_FERNY_14_3_S,No,,,,,,,,,,12.2134,23870,1988
T_FREMA_12_1_FREMA_25_7,,,,,,,,,,COLEBROOK,NO_FREMA_12_1_D,INPREP_INC\KSTA\KSTA_PIPE.INC,1.3,,2.2,,,,100,21.9998,12795,0,0,0,0,0,0,0,0,0,0,0,0,0,9930,,"""FREMA-A0""",,762,0,0,0,0,,,16.72,16.6,FREMA-A0,,NO_FREMA_25_7_S,No,,,,,,,,,,11.7544,26270,1388
T_FREMA_25_7_FREMA_30_8,,,,,,,,,,COLEBROOK,NO_FREMA_25_7_D,INPREP_INC\KSTA\KSTA_PIPE.INC,1.3,,2.2,,,,100,9.63591,12881,0,0,0,0,0,0,0,0,0,0,0,0,0,9930,,"""FREMA-A0""",,762,0,0,0,0,,,16.85,16.72,FREMA-A0,,NO_FREMA_30_8_S,No,,,,,,,,,,11.9795,26365,908
T_FREMA_30_8_FREMA_39_3_CKV,,,,,,,,,,COLEBROOK,NO_FREMA_30_8_D,INPREP_INC\KSTA\KSTA_PIPE.INC,1.3,,2.2,,,,100,12.0766,12937,0,0,0,0,0,0,0,0,0,0,0,0,0,9930,,"""FREMA-A0""",,762,0,0,0,0,,,16.85,16.72,FREMA-A0,,NO_FREMA_39_3_CKV_S,No,,,,,,,,,,11.9795,26622,1000
T_FREMA_39_3_HRTGT,,,,,,,,,,COLEBROOK,NO_FREMA_39_3_D,INPREP_INC\KSTA\KSTA_PIPE.INC,1.3,,2.2,,,,100,14.3397,12976,0,0,0,0,0,0,0,0,0,0,0,0,0,9930,,"""FREMA-A0""",,762,0,0,0,0,,,16.93,16.85,FREMA-A0,,NO_HRTGT_S,No,,,,,,,,,,12.0256,26670,1988
T_FREMA_FREMA_12_1,,,,,,,,,,COLEBROOK,NO_FREMA_D,INPREP_INC\KSTA\KSTA_PIPE.INC,1.3,,2.2,,,,100,19.7314,15491,0,0,0,0,0,0,0,0,0,0,0,0,0,9930,,"""FREMA-A0""",,762,0,0,0,0,,,16.6,16.49,FREMA-A0,,NO_FREMA_12_1_S,No,,,,,,,,,,11.1528,26270,1988
T_FTRSM_09_5_FTRSM_15_5_CKV,,,,,,,,,,COLEBROOK,NO_FTRSM_09_5_D,INPREP_INC\KSTA\KSTA_PIPE.INC,1.3,,2.2,,,,100,9.63913,12034,0,0,0,0,0,0,0,0,0,0,0,0,0,9930,,"""FTRSM-A0""",,762,0,0,0,0,,,14.4,14.34,FTRSM-A0,,NO_FTRSM_15_5_CKV_S,No,,,,,,,,,,11.2402,22270,1388
T_FTRSM_15_5_FTRSM_31_7,,,,,,,,,,COLEBROOK,NO_FTRSM_15_5_D,INPREP_INC\KSTA\KSTA_PIPE.INC,1.3,,2.2,,,,100,26.1081,12068,0,0,0,0,0,0,0,0,0,0,0,0,0,9930,,"""FTRSM-A0""",,762,0,0,0,0,,,14.56,14.4,FTRSM-A0,,NO_FTRSM_31_7_S,No,,,,,,,,,,11.6168,22670,1388
T_FTRSM_31_7_A0_LUDDE,,,,,,,,,,COLEBROOK,NO_FTRSM_31_7_D,INPREP_INC\KSTA\KSTA_PIPE.INC,1.3,,2.2,,,,100,22.6382,12150,0,0,0,0,0,0,0,0,0,0,0,0,0,9930,,"""FTRSM-A0""",,762,0,0,0,0,,,14.69,14.56,FTRSM-A0,,NO_LUDDE_S,No,,,,,,,,,,11.5918,22670,1988
T_FTRSM_FTRSM_09_5,,,,,,,,,,COLEBROOK,NO_FTRSM_D,INPREP_INC\KSTA\KSTA_PIPE.INC,1.3,,2.2,,,,100,15.4926,15089,0,0,0,0,0,0,0,0,0,0,0,0,0,9930,,"""FTRSM-A0""",,762,0,0,0,0,,,14.34,14.25,FTRSM-A0,,NO_FTRSM_09_5_S,No,,,,,,,,,,11.4221,22270,1988
T_GRNFL_26_2_WTWOD,,,,,,,,,,COLEBROOK,NO_GRNFL_26_2_D,INPREP_INC\KSTA\KSTA_PIPE.INC,1.3,,2.2,,,,100,26.5432,7824,0,0,0,0,0,0,0,0,0,0,0,0,0,9930,,"""GRNFL-A0""",,863.6,0,0,0,0,,,13.33,13.44,GRNFL-A0,,NO_WTWOD_S,No,,,,,,,,,,9.49185,12858,1412
T_GRNFL_GRNFL_26_2,,,,,,,,,,COLEBROOK,NO_GRNFL_D,INPREP_INC\KSTA\KSTA_PIPE.INC,1.3,,2.2,,,,100,26.2203,19013,0,0,0,0,0,0,0,0,0,0,0,0,0,9930,,"""GRNFL-A0""",,863.6,0,0,0,0,,,13.5,13.66,GRNFL-A0,,NO_GRNFL_26_2_S,No,,,,,,,,,,9.60009,12470,1988
T_HOPEP_01A_HOPEP_02A_CKV,,,,,,,,,,COLEBROOK,NO_HOPEP_01A_D,INPREP_INC\KSTC\KSTC_PIPE.INC,1.3,,2.2,,,,100,31.0102,718,0,0,0,0,0,0,0,0,0,0,0,0,0,9930,,"""HOPEP-B0""",,914.4,0,0,0,0,,,24.83,24.57,HOPEP-B0,,NO_HOPEP_02A_CKV_S,No,,,,,,,,,,12.8636,31625,5136
T_HOPEP_02A_BURNS,,,,,,,,,,COLEBROOK,NO_HOPEP_02A_D,INPREP_INC\KSTC\KSTC_PIPE.INC,1.3,,2.2,,,,100,36.2963,807,0,0,0,0,0,0,0,0,0,0,0,0,0,9930,,"""HOPEP-B0""",,914.4,0,0,0,0,,,25.13,24.83,HOPEP-B0,,NO_BURNS_S,No,,,,,,,,,,13.5544,31825,4176
T_HOPEP_HOPEP_01A,,,,,,,,,,COLEBROOK,NO_HOPEP_D,INPREP_INC\KSTC\KSTC_PIPE.INC,1.3,,2.2,,,,100,12.0047,43,0,0,0,0,0,0,0,0,0,0,0,0,0,9930,,"""HOPEP-B0""",,914.4,0,0,0,0,,,24.57,24.48,HOPEP-B0,,NO_HOPEP_01A_S,No,,,,,,,,,,15.1012,31625,5736
T_HRBRT_25_9_CHPLN,,,,,,,,,,COLEBROOK,NO_HRBRT_25_9_D,INPREP_INC\KSTA\KSTA_PIPE.INC,1.3,,2.2,,,,100,17.7852,1502,0,0,0,0,0,0,0,0,0,0,0,0,0,9930,,"""HRBRT-A0""",,863.6,0,0,0,0,,,12.51,12.77,HRBRT-A0,,NO_CHPLN_S,No,,,,,,,,,,9.68443,8070,1988
T_HRBRT_HRBRT_25_9,,,,,,,,,,COLEBROOK,NO_HRBRT_D,INPREP_INC\KSTA\KSTA_PIPE.INC,1.3,,2.2,,,,100,25.7972,20530,0,0,0,0,0,0,0,0,0,0,0,0,0,9930,,"""HRBRT-A0""",,863.6,0,0,0,0,,,12.77,13.15,HRBRT-A0,,NO_HRBRT_25_9_S,No,,,,,,,,,,9.76254,7670,1988
T_HRDSY_32_1_LKSND,,,,,,,,,,COLEBROOK,NO_HRDSY_32_1_D,INPREP_INC\KSTA\KSTA_PIPE.INC,1.3,,2.2,,,,100,16.0015,467,0,0,0,0,0,0,0,0,0,0,0,0,0,9930,,"""HRDSY-A0""",,762,0,0,0,0,,,12.9,12.9,HRDSY-A0,,NO_LKSND_S,No,,,,,,,,,,12.4285,1650,1994
T_HRDSY_HRDSY_32_1,,,,,,,,,,COLEBROOK,NO_HRDSY_D,INPREP_INC\KSTA\KSTA_PIPE.INC,1.3,,2.2,,,,100,32.2423,424,0,0,0,0,0,0,0,0,0,0,0,0,0,9930,,"""HRDSY-A0""",,762,0,0,0,0,,,12.9,12.9,HRDSY-A0,,NO_HRDSY_32_1_S,No,,,,,,,,,,13.0058,1109,1990
T_HRTFD_22_0_PEROP,,,,,,,,,,COLEBROOK,NO_HRTFD_22_0_D,INPREP_INC\KSTB\KSTB_PIPE.INC,1.3,,2.2,,,,100,7.77729,1474,0,0,0,0,0,0,0,0,0,0,0,0,0,9930,,"""HRTFD-A0""",,762,0,0,0,0,,,20.1,20.1,HRTFD-A0,,NO_PEROP_S,No,,,,,,,,,,11.8989,38113,2018
T_HRTFD_HRTFD_22_0,,,,,,,,,,COLEBROOK,NO_HRTDD_MOV0212_D,INPREP_INC\KSTB\KSTB_PIPE.INC,1.3,,2.2,,,,100,35.752,2387,0,0,0,0,0,0,0,0,0,0,0,0,0,9930,,"""HRTFD-A0""",,762,0,0,0,0,,,20.1,20.1,HRTFD-A0,,NO_HRTFD_22_0_S,No,,,,,,,,,,11.6677,37888,1628
T_HRTGT_25_2_HRTGT_48_6,,,,,,,,,,COLEBROOK,NO_HRTGT_25_2_D,INPREP_INC\KSTA\KSTA_PIPE.INC,1.3,,2.2,,,,100,37.629,13016,0,0,0,0,0,0,0,0,0,0,0,0,0,9930,,"""HRTGT-A0""",,762,0,0,0,0,,,17.36,17.15,HRTGT-A0,,NO_HRTGT_48_6_S,No,,,,,,,,,,11.6644,27270,1488
T_HRTGT_48_6_STNTO,,,,,,,,,,COLEBROOK,NO_HRTGT_48_6_D,INPREP_INC\KSTA\KSTA_PIPE.INC,1.3,,2.2,,,,100,3.5542,13108,0,0,0,0,0,0,0,0,0,0,0,0,0,9930,,"""HRTGT-A0""",,762,0,0,0,0,,,17.38,17.36,HRTGT-A0,,NO_STNTO_S,No,,,,,,,,,,11.2995,27470,1988
T_HRTGT_HRTGT_25_2,,,,,,,,,,COLEBROOK,NO_HRTGT_D,INPREP_INC\KSTA\KSTA_PIPE.INC,1.3,,2.2,,,,100,40.7048,15564,0,0,0,0,0,0,0,0,0,0,0,0,0,9930,,"""HRTGT-A0""",,762,0,0,0,0,,,17.15,16.93,HRTGT-A0,,NO_HRTGT_25_2_S,No,,,,,,,,,,10.614,27070,1988
T_HSKTT_WALHL_05_6,,,,,,,,,,COLEBROOK,NO_HSKTT_D,INPREP_INC\KSTA\KSTA_PIPE.INC,1.3,,2.2,,914.4,,100,16.5613,83,0,0,0,0,0,0,0,0,0,0,0,0,0,9930,,"""HSKTT-A0""",,762,0,0,0,0,,,13.27,13.26,HSKTT-A0,,NO_WALHL_05_6_S,No,,,,,,,,,,12.6668,19070,1988
T_HSTNL_01A_HSTNL_02A,,,,,,,,,,COLEBROOK,NO_HSTNL_01A_D,INPREP_INC\KSTD\KSTD_PIPE.INC,1.3,,2.2,,,,100,9.26149,193,0,0,0,0,0,0,0,0,0,0,0,0,0,9930,,"""HSTNL-B0""",,914.4,0,0,0,0,,,,,HSTNL-B0,,NO_HSTNL_02A_S,No,,,,,,,,,,14.2554,42582,6982
T_HSTNL_02A_HSTNL_03A_CKV,,,,,,,,,,COLEBROOK,NO_HSTNL_02A_D,INPREP_INC\KSTD\KSTD_PIPE.INC,1.3,,2.2,,,,100,10.4819,226,0,0,0,0,0,0,0,0,0,0,0,0,0,9930,,"""HSTNL-B0""",,914.4,0,0,0,0,,,,,HSTNL-B0,,NO_HSTNL_03A_CKV_S,No,,,,,,,,,,16.3745,42580,7478
T_HSTNL_03A_HSTNL_04A,,,,,,,,,,COLEBROOK,NO_HSTNL_03A_D,INPREP_INC\KSTD\KSTD_PIPE.INC,1.3,,2.2,,,,100,11.7278,98,0,0,0,0,0,0,0,0,0,0,0,0,0,9930,,"""HSTNL-B0""",,914.4,0,0,0,0,,,,,HSTNL-B0,,NO_HSTNL_04A_S,No,,,,,,,,,,13.3501,42980,7653
T_HSTNL_04A_HSTNL_05A,,,,,,,,,,COLEBROOK,NO_HSTNL_04A_D,INPREP_INC\KSTD\KSTD_PIPE.INC,1.3,,2.2,,,,100,15.6387,32,0,0,0,0,0,0,0,0,0,0,0,0,0,9930,,"""HSTNL-B0""",,914.4,0,0,0,0,,,,,HSTNL-B0,,NO_HSTNL_05A_S,No,,,,,,,,,,15.2818,42979,6991
T_HSTNL_05A_HSTNL_06A_CKV,,,,,,,,,,COLEBROOK,NO_HSTNL_05A_D,INPREP_INC\KSTD\KSTD_PIPE.INC,1.3,,2.2,,,,100,3.95122,3,0,0,0,0,0,0,0,0,0,0,0,0,0,9930,,"""HSTNL-B0""",,914.4,0,0,0,0,,,,,HSTNL-B0,,NO_HSTNL_06A_CKV_S,No,,,,,,,,,,16.469,42980,6453
T_HSTNL_06A_HSTNT,,,,,,,,,,COLEBROOK,NO_HSTNL_06A_D,INPREP_INC\KSTD\KSTD_PIPE.INC,1.3,,2.2,,,,100,7.18008,4464,0,0,0,0,0,0,0,0,0,0,0,0,0,9930,,"""HSTNL-B0""",,914.4,0,0,0,0,,,,,HSTNL-B0,,NO_HSTNT,No,,,,,,,,,,14.4159,43475,6058
T_KENDL_08_2_KENDL_32_8,,,,,,,,,,COLEBROOK,NO_KENDL_08_2_D,INPREP_INC\KSTA\KSTA_PIPE.INC,1.3,,2.2,,,,100,24.5508,5941,0,0,0,0,0,0,0,0,0,0,0,0,0,9930,,"""KENDL-A0""",,863.6,0,0,0,0,,,13.34,12.8,KENDL-A0,,NO_KENDL_32_8_S,No,,,,,,,,,,9.5436,11670,1388
T_KENDL_32_8_KENDL_41_1_CKV,,,,,,,,,,COLEBROOK,NO_KENDL_32_8_D,INPREP_INC\KSTA\KSTA_PIPE.INC,1.3,,2.2,,,,100,8.28528,6965,0,0,0,0,0,0,0,0,0,0,0,0,0,9930,,"""KENDL-A0""",,863.6,0,0,0,0,,,13.52,13.34,KENDL-A0,,NO_KENDL_41_1_CKV_S,No,,,,,,,,,,9.54088,11870,788
T_KENDL_41_1_GRNFL,,,,,,,,,,COLEBROOK,NO_KENDL_41_1_D,INPREP_INC\KSTA\KSTA_PIPE.INC,1.3,,2.2,,,,100,14.5703,7290,0,0,0,0,0,0,0,0,0,0,0,0,0,9930,,"""KENDL-A0""",,863.6,0,0,0,0,,,13.66,13.52,KENDL-A0,,NO_GRNFL_S,No,,,,,,,,,,9.66755,12070,1988
T_KENDL_KENDL_08_2,,,,,,,,,,COLEBROOK,NO_KENDL_D,INPREP_INC\KSTA\KSTA_PIPE.INC,1.3,,2.2,,,,100,8.12964,16401,0,0,0,0,0,0,0,0,0,0,0,0,0,9930,,"""KENDL-A0""",,863.6,0,0,0,0,,,12.8,12.63,KENDL-A0,,NO_KENDL_08_2_S,No,,,,,,,,,,9.50676,11670,1988
T_LBNTL_05_6_LBNTL_25_3,,,,,,,,,,COLEBROOK,NO_LBNTL_05_6_D,INPREP_INC\KSTA\KSTA_PIPE.INC,1.3,,2.2,,,,100,19.6259,969,0,0,0,0,0,0,0,0,0,0,0,0,0,9930,,"""LBNTL-A0""",,863.6,0,0,0,0,,,13.29,13.18,LBNTL-A0,,NO_LBNTL_25_3_S,No,,,,,,,,,,9.67803,5470,1388
T_LBNTL_25_3_CABRP,,,,,,,,,,COLEBROOK,NO_LBNTL_25_3_D,INPREP_INC\KSTA\KSTA_PIPE.INC,1.3,,2.2,,,,100,29.173,1022,0,0,0,0,0,0,0,0,0,0,0,0,0,9930,,"""LBNTL-A0""",,863.6,0,0,0,0,,,13.47,13.29,LBNTL-A0,,NO_CABRP_S,No,,,,,,,,,,9.65982,5670,1988
T_LBNTL_LBNTL_05_6,,,,,,,,,,COLEBROOK,NO_LBNTL_D,INPREP_INC\KSTA\KSTA_PIPE.INC,1.3,,2.2,,,,100,5.07804,15976,0,0,0,0,0,0,0,0,0,0,0,0,0,9930,,"""LBNTL-A0""",,863.6,0,0,0,0,,,13.18,13.15,LBNTL-A0,,NO_LBNTL_05_6_S,No,,,,,,,,,,10.4453,5270,1988
T_LIBRT_01A_LIBRT_02A,,,,,,,,,,COLEBROOK,NO_LIBRT_01A_D,INPREP_INC\KSTD\KSTD_PIPE.INC,1.3,,2.2,,,,100,9.70719,3282,0,0,0,0,0,0,0,0,0,0,0,0,0,9930,,"""LIBRT-01A-B0""",,914.4,0,0,0,0,,,21.39,21.93,LIBRT-B0,,NO_LIBRT_02A_S,No,,,,,,,,,,14.1654,42577,5013
T_LIBRT_02A_LIBRT_03A,,,,,,,,,,COLEBROOK,NO_LIBRT_02A_D,INPREP_INC\KSTD\KSTD_PIPE.INC,1.3,,2.2,,,,100,12.4081,3328,0,0,0,0,0,0,0,0,0,0,0,0,0,9930,,"""LIBRT-01A-B0""",,914.4,0,0,0,0,,,21.39,21.93,LIBRT-B0,,NO_LIBRT_03A_S,No,,,,,,,,,,14.0227,42577,4453
T_LIBRT_03A_LIBRT_04A,,,,,,,,,,COLEBROOK,NO_LIBRT_03A_D,INPREP_INC\KSTD\KSTD_PIPE.INC,1.3,,2.2,,,,100,14.6079,3401,0,0,0,0,0,0,0,0,0,0,0,0,0,9930,,"""LIBRT-01A-B0""",,914.4,0,0,0,0,,,21.39,21.93,LIBRT-B0,,NO_LIBRT_04A_S,No,,,,,,,,,,14.7792,42979,4453
T_LIBRT_04A_LUCAS,,,,,,,,,,COLEBROOK,NO_LIBRT_04A_D,INPREP_INC\KSTD\KSTD_PIPE.INC,1.3,,2.2,,,,100,9.92252,3503,0,0,0,0,0,0,0,0,0,0,0,0,0,9930,,"""LIBRT-01A-B0""",,914.4,0,0,0,0,,,21.39,21.93,LIBRT-B0,,NO_LUCAS_S,No,,,,,,,,,,14.9509,42978,4998
T_LIBRT_HSTNL_01A,,,,,,,,,,COLEBROOK,NO_HSTNL_D,INPREP_INC\KSTD\KSTD_PIPE.INC,1.3,,2.2,,,,100,19.5838,133,0,0,0,0,0,0,0,0,0,0,0,0,0,9930,,"""LIBRT-B0""",,914.4,0,0,0,0,,,,,LIBRT-B0,,NO_HSTNL_01A_S,No,,,,,,,,,,13.9005,42584,6508
T_LIBRT_LIBRT_01A,,,,,,,,,,COLEBROOK,NO_LIBRT_N3,INPREP_INC\KSTD\KSTD_PIPE.INC,1.3,,2.2,,,,100,21.4669,3235,0,0,0,0,0,0,0,0,0,0,0,0,0,9930,,"""LIBRT-B0""",,914.4,0,0,0,0,,,21.39,21.93,LIBRT-B0,,NO_LIBRT_01A_S,No,,,,,,,,,,13.1745,42175,5458
T_LKSND_05_8_LKSND_29_7,,,,,,,,,,COLEBROOK,NO_LKSND_05_8_D,INPREP_INC\KSTA\KSTA_PIPE.INC,1.3,,2.2,,,,100,23.7546,509,0,0,0,0,0,0,0,0,0,0,0,0,0,9930,,"""LKSND-A0""",,762,0,0,0,0,,,12.9,12.9,LKSND-A0,,NO_LKSND_29_7_S,No,,,,,,,,,,12.9163,2070,1188
T_LKSND_29_7_LKSND_36_8_CKV,,,,,,,,,,COLEBROOK,NO_LKSND_29_7_D,INPREP_INC\KSTA\KSTA_PIPE.INC,1.3,,2.2,,,,100,7.10396,588,0,0,0,0,0,0,0,0,0,0,0,0,0,9930,,"""LKSND-A0""",,762,0,0,0,0,,,12.9,12.9,LKSND-A0,,NO_LKSND_36_8_CKV_S,No,,,,,,,,,,12.8839,2270,788
T_LKSND_36_8_LKSND_51_4,,,,,,,,,,COLEBROOK,NO_LKSND_36_8_D,INPREP_INC\KSTA\KSTA_PIPE.INC,1.3,,2.2,,,,100,14.5443,621,0,0,0,0,0,0,0,0,0,0,0,0,0,9930,,"""LKSND-A0""",,762,0,0,0,0,,,12.9,12.9,LKSND-A0,,NO_LKSND_51_4_S,No,,,,,,,,,,12.8869,2470,1388
T_LKSND_51_4_MNTOR,,,,,,,,,,COLEBROOK,NO_LKSND_51_4_D,INPREP_INC\KSTA\KSTA_PIPE.INC,1.3,,2.2,,,,100,5.65362,665,0,0,0,0,0,0,0,0,0,0,0,0,0,9930,,"""LKSND-A0""",,762,0,0,0,0,,,12.9,12.9,LKSND-A0,,NO_MNTOR_S,No,,,,,,,,,,12.5756,2470,1988
T_LKSND_LKSND_05_8_CKV,,,,,,,,,,COLEBROOK,NO_LKSND_D,INPREP_INC\KSTA\KSTA_PIPE.INC,1.3,,2.2,,,,100,5.90033,15259,0,0,0,0,0,0,0,0,0,0,0,0,0,9930,,"""LKSND-A0""",,762,0,0,0,0,,,12.9,12.9,LKSND-A0,,NO_LKSND_05_8_CKV_S,No,,,,,,,,,,12.8717,2069,1988
T_LKTLR_01A_LKTLR_02A,,,,,,,,,,COLEBROOK,NO_LKTLR_01A_D,INPREP_INC\KSTD\KSTD_PIPE.INC,1.3,,2.2,,,,100,25.9332,2119,0,0,0,0,0,0,0,0,0,0,0,0,0,9930,,"""LKTLR-B0""",,914.4,0,0,0,0,,,21.39,21.93,LKTLR-B0,,NO_LKTLR_02A_S,No,,,,,,,,,,14.2225,39788,5053
T_LKTLR_02A_LKTLR_03A,,,,,,,,,,COLEBROOK,NO_LKTLR_02A_D,INPREP_INC\KSTD\KSTD_PIPE.INC,1.3,,2.2,,,,100,23.6408,2235,0,0,0,0,0,0,0,0,0,0,0,0,0,9930,,"""LKTLR-B0""",,914.4,0,0,0,0,,,21.39,21.93,LKTLR-B0,,NO_LKTLR_03A_S,No,,,,,,,,,,14.112,40180,5053
T_LKTLR_03A_LUFKN,,,,,,,,,,COLEBROOK,NO_LKTLR_03A_D,INPREP_INC\KSTD\KSTD_PIPE.INC,1.3,,2.2,,,,100,12.8178,2428,0,0,0,0,0,0,0,0,0,0,0,0,0,9930,,"""LKTLR-B0""",,914.4,0,0,0,0,,,21.39,21.93,LKTLR-B0,,NO_LUFKN_S,No,,,,,,,,,,14.6456,40180,5801
T_LKTLR_LKTLR_01A,,,,,,,,,,COLEBROOK,NO_LKTLR_D,INPREP_INC\KSTD\KSTD_PIPE.INC,1.3,,2.2,,,,100,25.0932,1981,0,0,0,0,0,0,0,0,0,0,0,0,0,9930,,"""LKTLR-B0""",,914.4,0,0,0,0,,,21.39,21.93,LKTLR-B0,,NO_LKTLR_01A_S,No,,,,,,,,,,13.7968,39788,5801
T_LUCAS_NDRLD,,,,,,,,,,COLEBROOK,NO_LUCAS_CKV_D,INPREP_INC\KSTD\KSTD_PIPE.INC,1.3,,2.2,,,,100,10.7766,3572,0,0,0,0,0,0,0,0,0,0,0,0,0,9930,,"""LUCAS-NDRLD-B0""",,914.4,0,0,0,0,,,21.39,21.93,LUCAS-B0,,NO_NDRLD_S,No,,,,,,,,,,15.2646,43643,5256
T_LUDDE_23_8_FERNY,,,,,,,,,,COLEBROOK,NO_LUDDE_23_8_D,INPREP_INC\KSTA\KSTA_PIPE.INC,1.3,,2.2,,,,100,37.0406,12220,0,0,0,0,0,0,0,0,0,0,0,0,0,9930,,"""LUDDE-A0""",,762,0,0,0,0,,,15.14,14.92,LUDDE-A0,,NO_FERNY_S,No,,,,,,,,,,11.664,23470,1988
T_LUDDE_LUDDE_23_8,,,,,,,,,,COLEBROOK,NO_LUDDE_D,INPREP_INC\KSTA\KSTA_PIPE.INC,1.3,,2.2,,,,100,38.2085,15151,0,0,0,0,0,0,0,0,0,0,0,0,0,9930,,"""LUDDE-A0""",,762,0,0,0,0,,,14.92,14.69,LUDDE-A0,,NO_LUDDE_23_8_S,No,,,,,,,,,,11.0789,23070,1988
T_LUFKN_01A_LUFKN_02A_CKV,,,,,,,,,,COLEBROOK,NO_LUFKN_01A_D,INPREP_INC\KSTD\KSTD_PIPE.INC,1.3,,2.2,,,,100,8.6299,2700,0,0,0,0,0,0,0,0,0,0,0,0,0,9930,,"""LUFKN-B0""",,914.4,0,0,0,0,,,21.39,21.93,LUFKN-B0,,NO_LUFKN_02A_CKV_S,No,,,,,,,,,,13.3923,40780,4753
T_LUFKN_01B_LUFKN_01A,,,,,,,,,,COLEBROOK,NO_LUFKN_01B_D,INPREP_INC\KSTD\KSTD_PIPE.INC,1.3,,2.2,,,,100,26.0133,2621,0,0,0,0,0,0,0,0,0,0,0,0,0,9930,,"""LUFKN-B0""",,914.4,0,0,0,0,,,21.39,21.93,LUFKN-B0,,NO_LUFKN_01A_S,No,,,,,,,,,,13.0947,40584,5253
T_LUFKN_02A_CORGN,,,,,,,,,,COLEBROOK,NO_LUFKN_02A_D,INPREP_INC\KSTD\KSTD_PIPE.INC,1.3,,2.2,,,,100,14.9622,2746,0,0,0,0,0,0,0,0,0,0,0,0,0,9930,,"""LUFKN-B0""",,914.4,0,0,0,0,,,21.39,21.93,LUFKN-B0,,NO_CORGN_S,No,,,,,,,,,,14.3778,40980,5801
T_LUFKN_LUFKN_01B,,,,,,,,,,COLEBROOK,NO_LUFKN_D,INPREP_INC\KSTD\KSTD_PIPE.INC,1.3,,2.2,,,,100,18.7735,2510,0,0,0,0,0,0,0,0,0,0,0,0,0,9930,,"""LUFKN-B0""",,914.4,0,0,0,0,,,21.39,21.93,LUFKN-B0,,NO_LUFKN_01B_S,No,,,,,,,,,,13.8848,40584,5801
T_LUVER_07_4_CKV_LUVER_44_2,,,,,,,,,,COLEBROOK,NO_LUVER_07_4_CKV_D,INPREP_INC\KSTA\KSTA_PIPE.INC,1.3,,2.2,,,,100,59.2604,11871,0,0,0,0,0,0,0,0,0,0,0,0,0,9930,,"""LUVER-A0""",,762,0,0,0,0,,,14.22,13.87,LUVER-A0,,NO_LUVER_44_2_S,No,,,,,,,,,,11.4413,21670,1488
T_LUVER_44_2_FTRSM,,,,,,,,,,COLEBROOK,NO_LUVER_44_2_D,INPREP_INC\KSTA\KSTA_PIPE.INC,1.3,,2.2,,,,100,5.36306,11823,0,0,0,0,0,0,0,0,0,0,0,0,0,9930,,"""LUVER-A0""",,762,0,0,0,0,,,14.25,14.22,LUVER-A0,,NO_FTRSM_S,No,,,,,,,,,,11.5306,21870,1988
T_LUVER_LUVER_07_4_CKV,,,,,,,,,,COLEBROOK,NO_LUVER_D,INPREP_INC\KSTA\KSTA_PIPE.INC,1.3,,2.2,,,,100,11.8741,15043,0,0,0,0,0,0,0,0,0,0,0,0,0,9930,,"""LUVER-A0""",,762,0,0,0,0,,,13.87,13.8,LUVER-A0,,NO_LUVER_07_4_CKV_S,No,,,,,,,,,,12.0652,21470,1988
T_MDLTP_23_6_MDLTP_28_3_CKV,,,,,,,,,,COLEBROOK,NO_MDLTP_23_6_D,INPREP_INC\KSTB\KSTB_PIPE.INC,1.3,,2.2,,,,100,5.80664,1049,0,0,0,0,0,0,0,0,0,0,0,0,0,9930,,"""MDLTP-A0""",,762,0,0,0,0,,,20.1,20.1,MDLTP-A0,,NO_MDLTP_28_3_CKV_S,No,,,,,,,,,,11.9223,35870,1228
T_MDLTP_28_3_SNTPL,,,,,,,,,,COLEBROOK,NO_MDLTP_28_3_D,INPREP_INC\KSTB\KSTB_PIPE.INC,1.3,,2.2,,,,100,10.1502,1095,0,0,0,0,0,0,0,0,0,0,0,0,0,9930,,"""MDLTP-A0""",,762,0,0,0,0,,,20.1,20.1,MDLTP-A0,,NO_SNTPL_S,No,,,,,,,,,,10.9572,36270,2028
T_MDLTP_MDLTP_23_6,,,,,,,,,,COLEBROOK,NO_MDLTP_D,INPREP_INC\KSTB\KSTB_PIPE.INC,1.3,,2.2,,,,100,40.079,2093,0,0,0,0,0,0,0,0,0,0,0,0,0,9930,,"""MDLTP-A0""",,762,0,0,0,0,,,20.1,20.1,MDLTP-A0,,NO_MDLTP_23_6_S,No,,,,,,,,,,11.2217,35870,2028
T_MNTOR_35_6_MNTOR_45_4_CKV,,,,,,,,,,COLEBROOK,NO_MNTOR_35_6_D,INPREP_INC\KSTA\KSTA_PIPE.INC,1.3,,2.2,,,,100,9.73314,698,0,0,0,0,0,0,0,0,0,0,0,0,0,9930,,"""MNTOR-A0""",,762,0,0,0,0,,,12.9,12.9,MNTOR-A0,,NO_MNTOR_45_4_CKV_S,No,,,,,,,,,,13.0264,2870,1488
T_MNTOR_45_4_OYENP,,,,,,,,,,COLEBROOK,NO_MNTOR_45_4_D,INPREP_INC\KSTA\KSTA_PIPE.INC,1.3,,2.2,,,,100,13.4303,727,0,0,0,0,0,0,0,0,0,0,0,0,0,9930,,"""MNTOR-A0""",,762,0,0,0,0,,,12.9,12.9,MNTOR-A0,,NO_OYENP_S,No,,,,,,,,,,12.9304,3270,1988
T_MNTOR_MNTOR_35_6,,,,,,,,,,COLEBROOK,NO_MNTOR_D,INPREP_INC\KSTA\KSTA_PIPE.INC,1.3,,2.2,,,,100,35.6743,15806,0,0,0,0,0,0,0,0,0,0,0,0,0,9930,,"""MNTOR-A0""",,762,0,0,0,0,,,12.9,12.9,MNTOR-A0,,NO_MNTOR_35_6_S,No,,,,,,,,,,12.9939,2869,1988
T_MOSMI_07_8_MOSMI_30_0,,,,,,,,,,COLEBROOK,NO_MOSMI_07_8_D,INPREP_INC\KSTA\KSTA_PIPE.INC,1.3,,2.2,,,,100,22.0117,10138,0,0,0,0,0,0,0,0,0,0,0,0,0,9930,,"""MOSMI-A0""",,863.6,0,0,0,0,,,12.82,12.96,MOSMI-A0,,NO_MOSMI_30_0_S,No,,,,,,,,,,9.87195,14070,1488
T_MOSMI_30_0_MOSMI_31_8,,,,,,,,,,COLEBROOK,NO_MOSMI_30_0_D,INPREP_INC\KSTA\KSTA_PIPE.INC,1.3,,2.2,,,,100,1.84337,10216,0,0,0,0,0,0,0,0,0,0,0,0,0,9930,,"""MOSMI-A0""",,863.6,0,0,0,0,,,12.81,12.82,MOSMI-A0,,NO_MOSMI_31_8_S,No,,,,,,,,,,11.7686,14070,888
T_MOSMI_31_8_MOSMI_42_5,,,,,,,,,,COLEBROOK,NO_MOSMI_31_8_D,INPREP_INC\KSTA\KSTA_PIPE.INC,1.3,,2.2,,,,100,9.87278,10241,0,0,0,0,0,0,0,0,0,0,0,0,0,9930,,"""MOSMI-A0""",,863.6,0,0,0,0,,,12.74,12.81,MOSMI-A0,,NO_MOSMI_42_5_S,No,,,,,,,,,,11.2064,14270,388
T_MOSMI_42_5_MOSMI_50_5_CKV,,,,,,,,,,COLEBROOK,NO_MOSMI_42_5_D,INPREP_INC\KSTA\KSTA_PIPE.INC,1.3,,2.2,,,,100,8.09754,10285,0,0,0,0,0,0,0,0,0,0,0,0,0,9930,,"""MOSMI-A0""",,863.6,0,0,0,0,,,12.69,12.74,MOSMI-A0,,NO_MOSMI_50_5_CKV_S,No,,,,,,,,,,10.4386,14470,988
T_MOSMI_50_5_CRNDL,,,,,,,,,,COLEBROOK,NO_MOSMI_50_5_D,INPREP_INC\KSTA\KSTA_PIPE.INC,1.3,,2.2,,,,100,6.84941,10316,0,0,0,0,0,0,0,0,0,0,0,0,0,9930,,"""MOSMI-A0""",,863.6,0,0,0,0,,,12.65,12.69,MOSMI-A0,,NO_CRNDL_S,No,,,,,,,,,,10.4411,14470,1988
T_MOSMI_MOSMI_07_8,,,,,,,,,,COLEBROOK,NO_MOSMI_D,INPREP_INC\KSTA\KSTA_PIPE.INC,1.3,,2.2,,,,100,8.077,20136,0,0,0,0,0,0,0,0,0,0,0,0,0,9930,,"""MOSMI-A0""",,863.6,0,0,0,0,,,12.96,13,MOSMI-A0,,NO_MOSMI_07_8_S,No,,,,,,,,,,9.79679,14070,1988
T_NAGRA_23_9_LUVER,,,,,,,,,,COLEBROOK,NO_NAGRA_23_9_D,INPREP_INC\KSTA\KSTA_PIPE.INC,1.3,,2.2,,,,100,37.7178,11736,0,0,0,0,0,0,0,0,0,0,0,0,0,9930,,"""NAGRA-A0""",,762,0,0,0,0,,,13.8,13.57,NAGRA-A0,,NO_LUVER_S,No,,,,,,,,,,10.9493,21070,1988
T_NAGRA_NAGRA_23_9,,,,,,,,,,COLEBROOK,NO_NAGRA_D,INPREP_INC\KSTA\KSTA_PIPE.INC,1.3,,2.2,,,,100,38.4552,14951,0,0,0,0,0,0,0,0,0,0,0,0,0,9930,,"""NAGRA-A0""",,762,0,0,0,0,,,13.57,13.39,NAGRA-A0,,NO_NAGRA_23_9_S,No,,,,,,,,,,11.8868,20670,1988
T_NDLPS_PNLPN,,,,,,,,,,COLEBROOK,NO_NDLPS_D,INPREP_INC\KSTD\KSTD_PIPE.INC,1.3,,2.2,,,,100,0.754202,3693,0,0,0,0,0,0,0,0,0,0,0,0,0,9930,,"""NDLPS-B0""",,914.4,0,0,0,0,,,21.39,21.93,NDLPS-B0,,NO_PNLPN_N1,No,,,,,,,,,,15.773,44683,4884
T_OYENP_25_9_OYENP_47_5,,,,,,,,,,COLEBROOK,NO_OYENP_25_9_D,INPREP_INC\KSTA\KSTA_PIPE.INC,1.3,,2.2,,,,100,21.4917,762,0,0,0,0,0,0,0,0,0,0,0,0,0,9930,,"""OYENP-A0""",,762,0,0,0,0,,,12.9,12.9,OYENP-A0,,NO_OYENP_47_5_S,No,,,,,,,,,,13.0245,3670,1288
T_OYENP_47_5_OYENP_57_7,,,,,,,,,,COLEBROOK,NO_OYENP_47_5_D,INPREP_INC\KSTA\KSTA_PIPE.INC,1.3,,2.2,,,,100,10.2791,787,0,0,0,0,0,0,0,0,0,0,0,0,0,9930,,"""OYENP-A0""",,762,0,0,0,0,,,12.9,12.9,OYENP-A0,,NO_OYENP_57_7_S,No,,,,,,,,,,12.9752,3870,788
T_OYENP_57_7_OYENP_63_5_CKV,,,,,,,,,,COLEBROOK,NO_OYENP_57_7_D,INPREP_INC\KSTA\KSTA_PIPE.INC,1.3,,2.2,,,,100,5.71642,815,0,0,0,0,0,0,0,0,0,0,0,0,0,9930,,"""OYENP-A0""",,762,0,0,0,0,,,12.9,12.9,OYENP-A0,,NO_OYENP_63_5_CKV_S,No,,,,,,,,,,13.165,4070,1288
T_OYENP_63_5_BNDLO,,,,,,,,,,COLEBROOK,NO_OYENP_63_5_D,INPREP_INC\KSTA\KSTA_PIPE.INC,1.3,,2.2,,,,100,6.0289,843,0,0,0,0,0,0,0,0,0,0,0,0,0,9930,,"""OYENP-A0""",,762,0,0,0,0,,,12.9,12.9,OYENP-A0,,NO_BNDLO_S,No,,,,,,,,,,12.8506,4070,1988
T_OYENP_OYENP_25_9_CKV,,,,,,,,,,COLEBROOK,NO_OYENP_D,INPREP_INC\KSTA\KSTA_PIPE.INC,1.3,,2.2,,,,100,25.9712,15879,0,0,0,0,0,0,0,0,0,0,0,0,0,9930,,"""OYENP-A0""",,762,0,0,0,0,,,12.9,12.9,OYENP-A0,,NO_OYENP_25_9_CKV_S,No,,,,,,,,,,13.5539,3670,1988
T_PEROP_15_8_PEROP_25_3_CKV,,,,,,,,,,COLEBROOK,NO_PEROP_15_8_D,INPREP_INC\KSTB\KSTB_PIPE.INC,1.3,,2.2,,,,100,15.1767,1512,0,0,0,0,0,0,0,0,0,0,0,0,0,9930,,"""PEROP-A0""",,762,0,0,0,0,,,20.1,20.1,PEROP-A0,,NO_PEROP_25_3_CKV_S,No,,,,,,,,,,11.4885,38713,1318
T_PEROP_25_3_PTOKA,,,,,,,,,,COLEBROOK,NO_PEROP_25_3_D,INPREP_INC\KSTB\KSTB_PIPE.INC,1.3,,2.2,,,,100,6.33911,1586,0,0,0,0,0,0,0,0,0,0,0,0,0,9930,,"""PEROP-A0""",,762,0,0,0,0,,,20.1,20.1,PEROP-A0,,NO_PTOKA_S,No,,,,,,,,,,10.7289,38913,2018
T_PEROP_PEROP_15_8,,,,,,,,,,COLEBROOK,NO_PEROP_D,INPREP_INC\KSTB\KSTB_PIPE.INC,1.3,,2.2,,,,100,25.3736,2526,0,0,0,0,0,0,0,0,0,0,0,0,0,9930,,"""PEROP-A0""",,762,0,0,0,0,,,20.1,20.1,PEROP-A0,,NO_PEROP_15_8_S,No,,,,,,,,,,11.0553,38513,2018
T_PNCCP_01A_PNCCP_02A,,,,,,,,,,COLEBROOK,NO_PNCCP_01A_D,INPREP_INC\KSTC\KSTC_PIPE.INC,1.3,,2.2,,,,100,34.8804,1341,0,0,0,0,0,0,0,0,0,0,0,0,0,9930,,"""PNCCP-B0""",,914.4,0,0,0,0,,,24.32,24.64,PNCCP-B0,,NO_PNCCP_02A_S,No,,,,,,,,,,13.3013,33225,4936
T_PNCCP_02A_PNCCP_03A_CKV,,,,,,,,,,COLEBROOK,NO_PNCCP_02A_D,INPREP_INC\KSTC\KSTC_PIPE.INC,1.3,,2.2,,,,100,11.6784,1499,0,0,0,0,0,0,0,0,0,0,0,0,0,9930,,"""PNCCP-B0""",,914.4,0,0,0,0,,,24.21,24.32,PNCCP-B0,,NO_PNCCP_03A_CKV_S,No,,,,,,,,,,13.3979,33625,4936
T_PNCCP_03A_CSHNG,,,,,,,,,,COLEBROOK,NO_PNCCP_03A_D,INPREP_INC\KSTC\KSTC_PIPE.INC,1.3,,2.2,,,,100,14.1072,1583,0,0,0,0,0,0,0,0,0,0,0,0,0,9930,,"""PNCCP-B0""",,914.4,0,0,0,0,,,24.09,24.21,PNCCP-B0,,NO_CSHNG_S,No,,,,,,,,,,13.1627,33625,5748
T_PNCCP_PNCCP_01A_CKV,,,,,,,,,,COLEBROOK,NO_PNCCP_D,INPREP_INC\KSTC\KSTC_PIPE.INC,1.3,,2.2,,,,100,25.1041,267,0,0,0,0,0,0,0,0,0,0,0,0,0,9930,,"""PNCCP-B0""",,914.4,0,0,0,0,,,24.64,24.87,PNCCP-B0,,NO_PNCCP_01A_CKV_S,No,,,,,,,,,,13.3195,33225,5736
T_PNLPN_PTNCI,,,,,,,,,,COLEBROOK,NO_PNLPN_D,INPREP_INC\KSTD\KSTD_PIPE.INC,1.3,,2.2,,,,100,5.04318,3748,0,0,0,0,0,0,0,0,0,0,0,0,0,9930,,"""PNLPN-B0""",,914.4,0,0,0,0,,,21.39,21.93,PNLPN-B0,,NO_PTNCI_S,No,,,,,,,,,,14.646,45373,4884
T_PRTLP_08_4_PRTLP_09_9,,,,,,,,,,COLEBROOK,NO_PRTLP_08_4_D,INPREP_INC\KSTA\KSTA_PIPE.INC,1.3,,2.2,,,,100,1.46692,11131,0,0,0,0,0,0,0,0,0,0,0,0,0,9930,,"""PRTLP-A0""",,863.6,0,0,0,0,,,11.64,11.61,PRTLP-A0,,NO_PRTLP_09_9_S,No,,,,,,,,,,11.1405,17270,1388
T_PRTLP_09_9_PRTLP_25_1,,,,,,,,,,COLEBROOK,NO_PRTLP_09_9_D,INPREP_INC\KSTA\KSTA_PIPE.INC,1.3,,2.2,,,,100,14.926,11159,0,0,0,0,0,0,0,0,0,0,0,0,0,9930,,"""PRTLP-A0""",,863.6,0,0,0,0,,,11.96,11.64,PRTLP-A0,,NO_PRTLP_25_1_S,No,,,,,,,,,,10.3128,17270,788
T_PRTLP_25_1_PRTLP_38_3,,,,,,,,,,COLEBROOK,NO_PRTLP_25_1_D,INPREP_INC\KSTA\KSTA_PIPE.INC,1.3,,2.2,,,,100,13.2041,11222,0,0,0,0,0,0,0,0,0,0,0,0,0,9930,,"""PRTLP-A0""",,863.6,0,0,0,0,,,12.24,11.96,PRTLP-A0,,NO_PRTLP_38_3_S,No,,,,,,,,,,10.3933,17669,705
T_PRTLP_38_3_ELMCK,,,,,,,,,,COLEBROOK,NO_PRTLP_38_3_D,INPREP_INC\KSTA\KSTA_PIPE.INC,1.3,,2.2,,,,100,10.395,11273,0,0,0,0,0,0,0,0,0,0,0,0,0,9930,,"""PRTLP-A0""",,863.6,0,0,0,0,,,12.46,12.24,PRTLP-A0,,NO_ELMCK_S,No,,,,,,,,,,11.8928,17669,1178
T_PRTLP_PRTLP_08_4,,,,,,,,,,COLEBROOK,NO_PRTLP_D,INPREP_INC\KSTA\KSTA_PIPE.INC,1.3,,2.2,,,,100,8.37589,20278,0,0,0,0,0,0,0,0,0,0,0,0,0,9930,,"""PRTLP-A0""",,863.6,0,0,0,0,,,11.61,11.65,PRTLP-A0,,NO_PRTLP_08_4_S,No,,,,,,,,,,11.0342,17270,1988
T_REGNA_26_4_KENDL,,,,,,,,,,COLEBROOK,NO_REGNA_26_4_D,INPREP_INC\KSTA\KSTA_PIPE.INC,1.3,,2.2,,,,100,23.1005,5109,0,0,0,0,0,0,0,0,0,0,0,0,0,9930,,"""REGNA-A0""",,863.6,0,0,0,0,,,12.63,12.13,REGNA-A0,,NO_KENDL_S,No,,,,,,,,,,9.50045,11270,1988
T_REGNA_REGNA_26_4,,,,,,,,,,COLEBROOK,NO_REGNA_D,INPREP_INC\KSTA\KSTA_PIPE.INC,1.3,,2.2,,,,100,26.2243,17794,0,0,0,0,0,0,0,0,0,0,0,0,0,9930,,"""REGNA-A0""",,863.6,0,0,0,0,,,12.13,11.56,REGNA-A0,,NO_REGNA_26_4_S,No,,,,,,,,,,9.57382,10868,1988
T_RILEY_01A_RILEY_02A,,,,,,,,,,COLEBROOK,NO_RILEY_01A_D,INPREP_INC\KSTC\KSTC_PIPE.INC,1.3,,2.2,,,,100,20.3683,499,0,0,0,0,0,0,0,0,0,0,0,0,0,9930,,"""RILEY-B0""",,914.4,0,0,0,0,,,24.11,23.95,RILEY-B0,,NO_RILEY_02A_S,No,,,,,,,,,,13.1698,30825,4936
T_RILEY_02A_RILEY_02B,,,,,,,,,,COLEBROOK,NO_RILEY_02A_D,INPREP_INC\KSTC\KSTC_PIPE.INC,1.3,,2.2,,,,100,11.4718,558,0,0,0,0,0,0,0,0,0,0,0,0,0,9930,,"""RILEY-B0""",,914.4,0,0,0,0,,,24.24,24.11,RILEY-B0,,NO_RILEY_02B_S,No,,,,,,,,,,13.819,31223,4836
T_RILEY_02B_RILEY_03A_CKV,,,,,,,,,,COLEBROOK,NO_RILEY_02B_D,INPREP_INC\KSTC\KSTC_PIPE.INC,1.3,,2.2,,,,100,4.16119,601,0,0,0,0,0,0,0,0,0,0,0,0,0,9930,,"""RILEY-B0""",,914.4,0,0,0,0,,,24.24,24.11,RILEY-B0,,NO_RILEY_03A_CKV_S,No,,,,,,,,,,13.819,31223,5050
T_RILEY_03A_HOPEP,,,,,,,,,,COLEBROOK,NO_RILEY_03A_D,INPREP_INC\KSTC\KSTC_PIPE.INC,1.3,,2.2,,,,100,28.8065,624,0,0,0,0,0,0,0,0,0,0,0,0,0,9930,,"""RILEY-B0""",,914.4,0,0,0,0,,,24.48,24.24,RILEY-B0,,NO_HOPEP_S,No,,,,,,,,,,14.3454,31225,5736
T_RILEY_RILEY_01A_CKV,,,,,,,,,,COLEBROOK,NO_RILEY_D,INPREP_INC\KSTC\KSTC_PIPE.INC,1.3,,2.2,,,,100,8.92068,3,0,0,0,0,0,0,0,0,0,0,0,0,0,9930,,"""RILEY-B0""",,914.4,0,0,0,0,,,23.95,23.88,RILEY-B0,,NO_RILEY_01A_CKV_S,No,,,,,,,,,,14.1607,30825,5736
T_ROCKP_01A_ROCKP_02A_CKV,,,,,,,,,,COLEBROOK,NO_ROCKP_01A_D,INPREP_INC\KSTC\KSTC_PIPE.INC,1.3,,2.2,,,,100,24.7796,1052,0,0,0,0,0,0,0,0,0,0,0,0,0,9930,,"""ROCKP-B0""",,914.4,0,0,0,0,,,25.34,25.57,ROCKP-B0,,NO_ROCKP_02A_CKV_S,No,,,,,,,,,,13.8173,32425,5136
T_ROCKP_02A_ROCKP_03A,,,,,,,,,,COLEBROOK,NO_ROCKP_02A_D,INPREP_INC\KSTC\KSTC_PIPE.INC,1.3,,2.2,,,,100,17.7743,1137,0,0,0,0,0,0,0,0,0,0,0,0,0,9930,,"""ROCKP-B0""",,914.4,0,0,0,0,,,25.18,25.34,ROCKP-B0,,NO_ROCKP_03A_S,No,,,,,,,,,,13.6092,32825,4436
T_ROCKP_03A_ROCKP_04A,,,,,,,,,,COLEBROOK,NO_ROCKP_03A_D,INPREP_INC\KSTC\KSTC_PIPE.INC,1.3,,2.2,,,,100,21.2533,1192,0,0,0,0,0,0,0,0,0,0,0,0,0,9930,,"""ROCKP-B0""",,914.4,0,0,0,0,,,24.98,25.18,ROCKP-B0,,NO_ROCKP_04A_S,No,,,,,,,,,,14.2475,32825,5136
T_ROCKP_04A_PNCCP,,,,,,,,,,COLEBROOK,NO_ROCKP_04A_D,INPREP_INC\KSTC\KSTC_PIPE.INC,1.3,,2.2,,,,100,12.4644,1268,0,0,0,0,0,0,0,0,0,0,0,0,0,9930,,"""ROCKP-B0""",,914.4,0,0,0,0,,,24.87,24.98,ROCKP-B0,,NO_PNCCP_S,No,,,,,,,,,,13.5346,32825,5736
T_ROCKP_ROCKP_01A,,,,,,,,,,COLEBROOK,NO_ROCKP_D,INPREP_INC\KSTC\KSTC_PIPE.INC,1.3,,2.2,,,,100,14.5105,215,0,0,0,0,0,0,0,0,0,0,0,0,0,9930,,"""ROCKP-B0""",,914.4,0,0,0,0,,,25.57,25.7,ROCKP-B0,,NO_ROCKP_01A_S,No,,,,,,,,,,13.349,32425,5736
T_ROSWL_15_9_ROSWL_31_4,,,,,,,,,,COLEBROOK,NO_ROSWL_15_9_D,INPREP_INC\KSTA\KSTA_PIPE.INC,1.3,,2.2,,,,100,25.0449,12615,0,0,0,0,0,0,0,0,0,0,0,0,0,9930,,"""ROSWL-A0""",,762,0,0,0,0,,,16.34,16.2,ROSWL-A0,,NO_ROSWL_31_4_S,No,,,,,,,,,,12.2088,25470,1388
T_ROSWL_31_4_ROSWL_36_8_CKV,,,,,,,,,,COLEBROOK,NO_ROSWL_31_4_D,INPREP_INC\KSTA\KSTA_PIPE.INC,1.3,,2.2,,,,100,8.67114,12687,0,0,0,0,0,0,0,0,0,0,0,0,0,9930,,"""ROSWL-A0""",,762,0,0,0,0,,,16.39,16.34,ROSWL-A0,,NO_ROSWL_36_8_CKV_S,No,,,,,,,,,,10.7467,25870,1188
T_ROSWL_36_8_FREMA,,,,,,,,,,COLEBROOK,NO_ROSWL_36_8_D,INPREP_INC\KSTA\KSTA_PIPE.INC,1.3,,2.2,,,,100,18.8971,12730,0,0,0,0,0,0,0,0,0,0,0,0,0,9930,,"""ROSWL-A0""",,762,0,0,0,0,,,16.49,16.39,ROSWL-A0,,NO_FREMA_S,No,,,,,,,,,,11.1906,25870,1988
T_ROSWL_ROSWL_15_9,,,,,,,,,,COLEBROOK,NO_ROSWL_D,INPREP_INC\KSTA\KSTA_PIPE.INC,1.3,,2.2,,,,100,25.5951,15422,0,0,0,0,0,0,0,0,0,0,0,0,0,9930,,"""ROSWL-A0""",,762,0,0,0,0,,,16.2,16.05,ROSWL-A0,,NO_ROSWL_15_9_S,No,,,,,,,,,,11.8097,25470,1988
T_RPDCT_11_6_RPDCT_25_1,,,,,,,,,,COLEBROOK,NO_RPDCT_11_6_D,INPREP_INC\KSTA\KSTA_PIPE.INC,1.3,,2.2,,,,100,13.428,10504,0,0,0,0,0,0,0,0,0,0,0,0,0,9930,,"""RPDCT-A0""",,863.6,0,0,0,0,,,12.17,12.26,RPDCT-A0,,NO_RPDCT_25_1_S,No,,,,,,,,,,9.8112,15870,1488
T_RPDCT_25_1_WELWD,,,,,,,,,,COLEBROOK,NO_RPDCT_25_1_D,INPREP_INC\KSTA\KSTA_PIPE.INC,1.3,,2.2,,,,100,21.604,10699,0,0,0,0,0,0,0,0,0,0,0,0,0,9930,,"""RPDCT-A0""",,863.6,0,0,0,0,,,12.04,12.17,RPDCT-A0,,NO_WELWD_S,No,,,,,,,,,,10.2372,16070,1988
T_RPDCT_RPDCT_11_6,,,,,,,,,,COLEBROOK,NO_RPDCT_D,INPREP_INC\KSTA\KSTA_PIPE.INC,1.3,,2.2,,,,100,11.5475,20192,0,0,0,0,0,0,0,0,0,0,0,0,0,9930,,"""RPDCT-A0""",,863.6,0,0,0,0,,,12.26,12.33,RPDCT-A0,,NO_RPDCT_11_6_S,No,,,,,,,,,,10.3192,15670,1988
T_SLBRY_19_1_CNTRL,,,,,,,,,,COLEBROOK,NO_SLBRY_19_1_D,INPREP_INC\KSTB\KSTB_PIPE.INC,1.3,,2.2,,,,100,24.541,827,0,0,0,0,0,0,0,0,0,0,0,0,0,9930,,"""SLBRY-A0""",,762,0,0,0,0,,,20.1,20.1,SLBRY-A0,,NO_CNTRL_S,No,,,,,,,,,,11.1155,34670,2028
T_SLBRY_SLBRY_19_1,,,,,,,,,,COLEBROOK,NO_SLBRY_D,INPREP_INC\KSTB\KSTB_PIPE.INC,1.3,,2.2,,,,100,31.0539,1873,0,0,0,0,0,0,0,0,0,0,0,0,0,9930,,"""SLBRY-A0""",,762,0,0,0,0,,,20.1,20.1,SLBRY-A0,,NO_SLBRY_19_1_S,No,,,,,,,,,,11.012,34270,2028
T_SNECA_09_8_SNECA_29_2_CKV,,,,,,,,,,COLEBROOK,NO_SNECA_09_8_D,INPREP_INC\KSTB\KSTB_PIPE.INC,1.3,,2.2,,,,100,32.045,3,0,0,0,0,0,0,0,0,0,0,0,0,0,9930,,"""SNECA-A0""",,762,0,0,0,0,,,19.56,19.43,SNECA-A0,,NO_SNECA_29_2_CKV_S,No,,,,,,,,,,11.3777,31270,1328
T_SNECA_29_2_SVRNC,,,,,,,,,,COLEBROOK,NO_SNECA_29_2_D,INPREP_INC\KSTB\KSTB_PIPE.INC,1.3,,2.2,,,,100,33.9325,153,0,0,0,0,0,0,0,0,0,0,0,0,0,9930,,"""SNECA-A0""",,762,0,0,0,0,,,19.69,19.56,SNECA-A0,,NO_SVRNC_S,No,,,,,,,,,,12.1969,31470,2028
T_SNECA_SNECA_09_8,,,,,,,,,,COLEBROOK,NO_SNECA_D,INPREP_INC\KSTB\KSTB_PIPE.INC,1.3,,2.2,,,,100,15.0358,1638,0,0,0,0,0,0,0,0,0,0,0,0,0,9930,,"""SNECA-A0""",,762,0,0,0,0,,,19.43,19.37,SNECA-A0,,NO_SNECA_09_8_S,No,,,,,,,,,,11.0662,31070,2028
T_SNTPL_04_8_SNTPL_20_9,,,,,,,,,,COLEBROOK,NO_SNTPL_04_8_D,INPREP_INC\KSTB\KSTB_PIPE.INC,1.3,,2.2,,,,100,26.0516,1137,0,0,0,0,0,0,0,0,0,0,0,0,0,9930,,"""SNTPL-A0""",,762,0,0,0,0,,,20.1,20.1,SNTPL-A0,,NO_SNTPL_20_9_S,No,,,,,,,,,,10.9639,36670,1228
T_SNTPL_20_9_SNTPL_36_1,,,,,,,,,,COLEBROOK,NO_SNTPL_20_9_D,INPREP_INC\KSTB\KSTB_PIPE.INC,1.3,,2.2,,,,100,22.1689,1315,0,0,0,0,0,0,0,0,0,0,0,0,0,9930,,"""SNTPL-A0""",,762,0,0,0,0,,,20.1,20.1,SNTPL-A0,,NO_SNTPL_36_1_S,No,,,,,,,,,,10.9712,37070,1228
T_SNTPL_36_1_HRTFD,,,,,,,,,,COLEBROOK,NO_SNTPL_36_1_D,INPREP_INC\KSTB\KSTB_PIPE.INC,1.3,,2.2,,,,100,16.0046,1403,0,0,0,0,0,0,0,0,0,0,0,0,0,9930,,"""SNTPL-A0""",,762,0,0,0,0,,,20.1,20.1,SNTPL-A0,,NO_HRTFD_S,No,,,,,,,,,,11.7195,37070,2028
T_SNTPL_SNTPL_04_8_CKV,,,,,,,,,,COLEBROOK,NO_SNTPL_D,INPREP_INC\KSTB\KSTB_PIPE.INC,1.3,,2.2,,914.4,,100,7.74477,2340,0,0,0,0,0,0,0,0,0,0,0,0,0,9930,,"""SNTPL-A0""",,762,0,0,0,0,,,20.1,20.1,SNTPL-A0,,NO_SNTPL_04_8_CKV_S,No,,,,,,,,,,11.5324,36670,2028
T_STLCB_01A_STLCB_02A,,,,,,,,,,COLEBROOK,NO_STLCB_01A_D,INPREP_INC\KSTC\KSTC_PIPE.INC,1.3,,2.2,,914.4,,100,34.1644,346,0,0,0,0,0,0,0,0,0,0,0,0,0,9930,,"""STLCB-B0""",,914.4,0,0,0,0,,,23.71,23.43,STLCB-B0,,NO_STLCB_02A_S,No,,,,,,,,,,13.5121,30425,4936
T_STLCB_02A_RILEY,,,,,,,,,,COLEBROOK,NO_STLCB_02A_D,INPREP_INC\KSTC\KSTC_PIPE.INC,1.3,,2.2,,914.4,,100,20.4419,439,0,0,0,0,0,0,0,0,0,0,0,0,0,9930,,"""STLCB-B0""",,914.4,0,0,0,0,,,23.88,23.71,STLCB-B0,,NO_RILEY_S,No,,,,,,,,,,12.8141,30425,5736
T_STLCB_STLCB_01A_CKV,,,,,,,,,,COLEBROOK,NO_STLCB_D,INPREP_INC\KSTC\KSTC_PIPE.INC,1.3,,2.2,,914.4,,100,25.6405,1715,0,0,0,0,0,0,0,0,0,0,0,0,0,9930,,"""STLCB-B0""",,914.4,0,0,0,0,,,23.43,23.22,STLCB-B0,,NO_STLCB_01A_CKV_S,No,,,,,,,,,,14.0639,30425,3365
T_STLCT_17_7_STLCT_30_3_CKV,,,,,,,,,,COLEBROOK,NO_STLCT_17_7_D,INPREP_INC\KSTA\KSTA_PIPE.INC,1.3,,2.2,,914.4,,100,20.2127,3,0,0,0,0,0,0,0,0,0,0,0,0,0,9930,,"""STLCA-A0""",,762,0,0,0,0,,,19.23,19.09,STLCA-A0,,NO_STLCT_30_3_CKV_S,No,,,,,,,,,,9.8,30270,828
T_STLCT_30_3_STLCT_44_8,,,,,,,,,,COLEBROOK,NO_STLCT_30_3_D,INPREP_INC\KSTA\KSTA_PIPE.INC,1.3,,2.2,,914.4,,100,23.2828,239,0,0,0,0,0,0,0,0,0,0,0,0,0,9930,,"""STLCA-A0""",,762,0,0,0,0,,,19.32,19.23,STLCA-A0,,NO_STLCT_44_8_S,No,,,,,,,,,,12.1422,30670,428
T_STLCT_44_8_SNECA,,,,,,,,,,COLEBROOK,NO_STLCT_44_8_D,INPREP_INC\KSTA\KSTA_PIPE.INC,1.3,,2.2,,914.4,,100,11.7332,376,0,0,0,0,0,0,0,0,0,0,0,0,0,9930,,"""STLCA-A0""",,762,0,0,0,0,,,19.37,19.32,STLCA-A0,,NO_SNECA_S,No,,,,,,,,,,11.1744,30670,1228
T_STLCT_STLCT_17_7,,,,,,,,,,COLEBROOK,NO_STLCA_D,INPREP_INC\KSTA\KSTA_PIPE.INC,1.3,,2.2,,914.4,,100,28.784,1192,0,0,0,0,0,0,0,0,0,0,0,0,0,9930,,"""STLCA-A0""",,762,0,0,0,0,,,19.09,18.86,STLCA-A0,,NO_STLCT_17_7_S,No,,,,,,,,,,11.4677,30270,1560
T_STNTO_00_5_STNTO_28_6,,,,,,,,,,COLEBROOK,NO_STNTO_00_5_D,INPREP_INC\KSTA\KSTA_PIPE.INC,1.3,,2.2,,914.4,,100,45.3093,13139,0,0,0,0,0,0,0,0,0,0,0,0,0,9930,,"""STNTO-A0""",,762,0,0,0,0,,,17.64,17.39,STNTO-A0,,NO_STNTO_28_6_S,No,,,,,,,,,,11.5639,27870,1188
T_STNTO_28_6_STNTO_32_8_CKV,,,,,,,,,,COLEBROOK,NO_STNTO_28_6_D,INPREP_INC\KSTA\KSTA_PIPE.INC,1.3,,2.2,,914.4,,100,6.84424,13261,0,0,0,0,0,0,0,0,0,0,0,0,0,9930,,"""STNTO-A0""",,762,0,0,0,0,,,17.68,17.64,STNTO-A0,,NO_STNTO_32_8_CKV_S,No,,,,,,,,,,12.1425,28070,688
T_STNTO_32_8_STNTO_37_6,,,,,,,,,,COLEBROOK,NO_STNTO_32_8_D,INPREP_INC\KSTA\KSTA_PIPE.INC,1.3,,2.2,,914.4,,100,8.9578,13291,0,0,0,0,0,0,0,0,0,0,0,0,0,9930,,"""STNTO-A0""",,762,0,0,0,0,,,17.74,17.68,STNTO-A0,,NO_STNTO_37_6_S,No,,,,,,,,,,11.4003,28269,1250
T_STNTO_37_6_STNTO_39_5_CKV,,,,,,,,,,COLEBROOK,NO_STNTO_37_6_D,INPREP_INC\KSTA\KSTA_PIPE.INC,1.3,,2.2,,914.4,,100,1.85958,13341,0,0,0,0,0,0,0,0,0,0,0,0,0,9930,,"""STNTO-A0""",,762,0,0,0,0,,,17.74,17.68,STNTO-A0,,NO_STNTO_39_5_CKV_S,No,,,,,,,,,,11.4003,28272,1508
T_STNTO_39_5_DVDCT,,,,,,,,,,COLEBROOK,NO_STNTO_39_5_D,INPREP_INC\KSTA\KSTA_PIPE.INC,1.3,,2.2,,914.4,,100,12.4411,13362,0,0,0,0,0,0,0,0,0,0,0,0,0,9930,,"""STNTO-A0""",,762,0,0,0,0,,,17.81,17.74,STNTO-A0,,NO_DVDCT_S,No,,,,,,,,,,10.7584,28270,1988
T_STNTO_STNTO_00_5_CKV,,,,,,,,,,COLEBROOK,NO_STNTO_D,INPREP_INC\KSTA\KSTA_PIPE.INC,1.3,,2.2,,914.4,,100,0.815527,15658,0,0,0,0,0,0,0,0,0,0,0,0,0,9930,,"""STNTO-A0""",,762,0,0,0,0,,,17.39,17.38,STNTO-A0,,NO_STNTO_00_5_CKV_S,No,,,,,,,,,,12.9928,27870,1988
T_STWTV_11_6_STWTV_31_2,,,,,,,,,,COLEBROOK,NO_STWTV_11_6_D,INPREP_INC\KSTA\KSTA_PIPE.INC,1.3,,2.2,,914.4,,100,19.6454,1354,0,0,0,0,0,0,0,0,0,0,0,0,0,9930,,"""STWTV-A0""",,863.6,0,0,0,0,,,13.53,13.79,STWTV-A0,,NO_STWTV_31_2_S,No,,,,,,,,,,9.95634,7070,1288
T_STWTV_31_2_HRBRT,,,,,,,,,,COLEBROOK,NO_STWTV_31_2_D,INPREP_INC\KSTA\KSTA_PIPE.INC,1.3,,2.2,,914.4,,100,26.2834,1426,0,0,0,0,0,0,0,0,0,0,0,0,0,9930,,"""STWTV-A0""",,863.6,0,0,0,0,,,13.15,13.53,STWTV-A0,,NO_HRBRT_S,No,,,,,,,,,,9.53441,7270,1990
T_STWTV_STWTV_11_6,,,,,,,,,,COLEBROOK,NO_STWTV_D,INPREP_INC\KSTA\KSTA_PIPE.INC,1.3,,2.2,,914.4,,100,11.5617,16015,0,0,0,0,0,0,0,0,0,0,0,0,0,9930,,"""STWTV-A0""",,863.6,0,0,0,0,,,13.79,13.72,STWTV-A0,,NO_STWTV_11_6_S,No,,,,,,,,,,9.52213,6870,1988
T_SVRNC_02_1_SVRNC_08_5,,,,,,,,,,COLEBROOK,NO_SVRNC_02_1_D,INPREP_INC\KSTB\KSTB_PIPE.INC,1.3,,2.2,,914.4,,100,10.185,262,0,0,0,0,0,0,0,0,0,0,0,0,0,9930,,"""SNECA-A0""",,762,0,0,0,0,,,19.75,19.71,SNECA-A0,,NO_SVRNC_08_5_S,No,,,,,,,,,,11.4848,31870,1428
T_SVRNC_08_5_SVRNC_10_5_CKV,,,,,,,,,,COLEBROOK,NO_SVRNC_08_5_D,INPREP_INC\KSTB\KSTB_PIPE.INC,1.3,,2.2,,914.4,,100,3.28471,320,0,0,0,0,0,0,0,0,0,0,0,0,0,9930,,"""SNECA-A0""",,762,0,0,0,0,,,19.76,19.75,SNECA-A0,,NO_SVRNC_10_5_CKV_S,No,,,,,,,,,,10.1014,31870,728
T_SVRNC_10_5_SVRNC_16_6,,,,,,,,,,COLEBROOK,NO_SVRNC_10_5_D,INPREP_INC\KSTB\KSTB_PIPE.INC,1.3,,2.2,,914.4,,100,10.033,357,0,0,0,0,0,0,0,0,0,0,0,0,0,9930,,"""SNECA-A0""",,762,0,0,0,0,,,19.8,19.76,SNECA-A0,,NO_SVRNC_16_6_S,No,,,,,,,,,,12.0331,32270,528
T_SVRNC_16_6_SVRNC_24_5_CKV,,,,,,,,,,COLEBROOK,NO_SVRNC_16_6_D,INPREP_INC\KSTB\KSTB_PIPE.INC,1.3,,2.2,,914.4,,100,12.7857,398,0,0,0,0,0,0,0,0,0,0,0,0,0,9930,,"""SNECA-A0""",,762,0,0,0,0,,,19.85,19.8,SNECA-A0,,NO_SVRNC_24_5_CKV_S,No,,,,,,,,,,11.9683,32270,1128
T_SVRNC_24_5_TRNEY,,,,,,,,,,COLEBROOK,NO_SVRNC_24_5_D,INPREP_INC\KSTB\KSTB_PIPE.INC,1.3,,2.2,,914.4,,100,32.7337,445,0,0,0,0,0,0,0,0,0,0,0,0,0,9930,,"""SNECA-A0""",,762,0,0,0,0,,,19.98,19.85,SNECA-A0,,NO_TRNEY_S,No,,,,,,,,,,11.2399,32270,2028
T_SVRNC_SVRNC_02_1,,,,,,,,,,COLEBROOK,NO_SVRNC_D,INPREP_INC\KSTB\KSTB_PIPE.INC,1.3,,2.2,,914.4,,100,3.38892,1689,0,0,0,0,0,0,0,0,0,0,0,0,0,9930,,"""SNECA-A0""",,762,0,0,0,0,,,19.71,19.69,SNECA-A0,,NO_SVRNC_02_1_S,No,,,,,,,,,,10.144,31870,2028
T_TINAP_10_3_TINAP_17_9_CKV,,,,,,,,,,COLEBROOK,NO_TINAP_10_3_D,INPREP_INC\KSTB\KSTB_PIPE.INC,1.3,,2.2,,914.4,,100,12.0851,660,0,0,0,0,0,0,0,0,0,0,0,0,0,9930,,"""TINAP-A0""",,762,0,0,0,0,,,20.1,20.1,TINAP-A0,,NO_TINAP_17_9_CKV_S,No,,,,,,,,,,11.2091,33470,1428
T_TINAP_17_9_TINAP_30_5,,,,,,,,,,COLEBROOK,NO_TINAP_17_9_D,INPREP_INC\KSTB\KSTB_PIPE.INC,1.3,,2.2,,914.4,,100,20.6077,722,0,0,0,0,0,0,0,0,0,0,0,0,0,9930,,"""TINAP-A0""",,762,0,0,0,0,,,20.1,20.1,TINAP-A0,,NO_TINAP_30_5_S,No,,,,,,,,,,10.7094,33870,1428
T_TINAP_30_5_SLBRY,,,,,,,,,,COLEBROOK,NO_TINAP_30_5_D,INPREP_INC\KSTB\KSTB_PIPE.INC,1.3,,2.2,,914.4,,100,7.95165,788,0,0,0,0,0,0,0,0,0,0,0,0,0,9930,,"""TINAP-A0""",,762,0,0,0,0,,,20.1,20.1,TINAP-A0,,NO_SLBRY_S,No,,,,,,,,,,11.1079,33870,2028
T_TINAP_TINAP_10_3,,,,,,,,,,COLEBROOK,NO_TINAP_D,INPREP_INC\KSTB\KSTB_PIPE.INC,1.3,,2.2,,914.4,,100,16.6084,1809,0,0,0,0,0,0,0,0,0,0,0,0,0,9930,,"""TINAP-A0""",,762,0,0,0,0,,,20.1,20.1,TINAP-A0,,NO_TINAP_10_3_S,No,,,,,,,,,,11.2074,33470,2028
T_TPELO_01A_TPELO_02A,,,,,,,,,,COLEBROOK,NO_TPELO_01A_D,INPREP_INC\KSTD\KSTD_PIPE.INC,1.3,,2.2,,914.4,,100,30.7055,4158,0,0,0,0,0,0,0,0,0,0,0,0,0,9930,,"""TPELO-B0""",,914.4,0,0,0,0,,,21.39,21.93,TPELO-B0,,NO_TPELO_02A_S,No,,,,,,,,,,14.5623,36581,5153
T_TPELO_02A_TPELO_03A_CKV,,,,,,,,,,COLEBROOK,NO_TPELO_02A_D,INPREP_INC\KSTD\KSTD_PIPE.INC,1.3,,2.2,,914.4,,100,5.46785,428,0,0,0,0,0,0,0,0,0,0,0,0,0,9930,,"""TPELO-B0""",,914.4,0,0,0,0,,,21.39,21.93,TPELO-B0,,NO_TPELO_03A_CKV_S,No,,,,,,,,,,16.1025,36980,5053
T_TPELO_03A_BRYAN,,,,,,,,,,COLEBROOK,NO_TPELO_03A_D,INPREP_INC\KSTD\KSTD_PIPE.INC,1.3,,2.2,,914.4,,100,30.0859,482,0,0,0,0,0,0,0,0,0,0,0,0,0,9930,,"""TPELO-B0""",,914.4,0,0,0,0,,,21.39,21.93,TPELO-B0,,NO_BRYAN_S,No,,,,,,,,,,13.626,36980,5801
T_TPELO_TPELO_01A,,,,,,,,,,COLEBROOK,NO_TPELO_D,INPREP_INC\KSTD\KSTD_PIPE.INC,1.3,,2.2,,914.4,,100,17.681,580,0,0,0,0,0,0,0,0,0,0,0,0,0,9930,,"""TPELO-B0""",,914.4,0,0,0,0,,,21.39,21.93,TPELO-B0,,NO_TPELO_01A_S,No,,,,,,,,,,14.376,36582,5801
T_TRNEY_22_5_TINAP,,,,,,,,,,COLEBROOK,NO_TRNEY_22_5_D,INPREP_INC\KSTB\KSTB_PIPE.INC,1.3,,2.2,,914.4,,100,36.918,549,0,0,0,0,0,0,0,0,0,0,0,0,0,9930,,"""TRNEY-A0""",,762,0,0,0,0,,,20.1,20.1,TRNEY-A0,,NO_TINAP_S,No,,,,,,,,,,11.2944,33070,2028
T_TRNEY_TRNEY_22_5,,,,,,,,,,COLEBROOK,NO_TRNEY_D,INPREP_INC\KSTB\KSTB_PIPE.INC,1.3,,2.2,,914.4,,100,36.1694,1709,0,0,0,0,0,0,0,0,0,0,0,0,0,9930,,"""TRNEY-A0""",,762,0,0,0,0,,,20.1,19.98,TRNEY-A0,,NO_TRNEY_22_5_S,No,,,,,,,,,,11.3717,32670,2028
T_WALHL_05_6_WALHL_08_2_CKV,,,,,,,,,,COLEBROOK,NO_WALHL_05_6_D,INPREP_INC\KSTA\KSTA_PIPE.INC,1.3,,2.2,,914.4,,100,4.96281,11439,0,0,0,0,0,0,0,0,0,0,0,0,0,9930,,"""WALHL-A0""",,762,0,0,0,0,,,13.27,13.27,WALHL-A0,,NO_WALHL_08_2_CKV_S,No,,,,,,,,,,13.1859,19070,988
T_WALHL_08_2_WALHL_15_7,,,,,,,,,,COLEBROOK,NO_WALHL_08_2_D,INPREP_INC\KSTA\KSTA_PIPE.INC,1.3,,2.2,,914.4,,100,9.77437,11469,0,0,0,0,0,0,0,0,0,0,0,0,0,9930,,"""WALHL-A0""",,762,0,0,0,0,,,13.28,13.27,WALHL-A0,,NO_WALHL_15_7_S,No,,,,,,,,,,12.5702,19270,328
T_WALHL_15_7_WALHL_19_8_CKV,,,,,,,,,,COLEBROOK,NO_WALHL_15_7_D,INPREP_INC\KSTA\KSTA_PIPE.INC,1.3,,2.2,,914.4,,100,8.07809,11502,0,0,0,0,0,0,0,0,0,0,0,0,0,9930,,"""WALHL-A0""",,762,0,0,0,0,,,13.29,13.28,WALHL-A0,,NO_WALHL_19_8_CKV_S,No,,,,,,,,,,12.71,19470,1088
T_WALHL_19_8_EDNBG,,,,,,,,,,COLEBROOK,NO_WALHL_19_8_D,INPREP_INC\KSTA\KSTA_PIPE.INC,1.3,,2.2,,914.4,,100,23.2761,11543,0,0,0,0,0,0,0,0,0,0,0,0,0,9930,,"""WALHL-A0""",,762,0,0,0,0,,,13.32,13.29,WALHL-A0,,NO_EDNBG_S,No,,,,,,,,,,10.8477,19470,1988
T_WELWD_08_1_WELWD_23_2,,,,,,,,,,COLEBROOK,NO_WELWD_08_1_D,INPREP_INC\KSTA\KSTA_PIPE.INC,1.3,,2.2,,914.4,,100,14.9538,10961,0,0,0,0,0,0,0,0,0,0,0,0,0,9930,,"""WELWD-A0""",,863.6,0,0,0,0,,,11.89,11.99,WELWD-A0,,NO_WELWD_23_2_S,No,,,,,,,,,,10.1686,16470,1388
T_WELWD_23_2_WELWD_35_2,,,,,,,,,,COLEBROOK,NO_WELWD_23_2_D,INPREP_INC\KSTA\KSTA_PIPE.INC,1.3,,2.2,,914.4,,100,12.0172,11011,0,0,0,0,0,0,0,0,0,0,0,0,0,9930,,"""WELWD-A0""",,863.6,0,0,0,0,,,11.82,11.89,WELWD-A0,,NO_WELWD_35_2_S,No,,,,,,,,,,10.3396,16870,1388
T_WELWD_35_2_PRTLP,,,,,,,,,,COLEBROOK,NO_WELWD_35_2_D,INPREP_INC\KSTA\KSTA_PIPE.INC,1.3,,2.2,,914.4,,100,26.823,11066,0,0,0,0,0,0,0,0,0,0,0,0,0,9930,,"""WELWD-A0""",,863.6,0,0,0,0,,,11.65,11.82,WELWD-A0,,NO_PRTLP_S,No,,,,,,,,,,10.4441,16870,1988
T_WELWD_WELWD_08_1,,,,,,,,,,COLEBROOK,NO_WELWD_D,INPREP_INC\KSTA\KSTA_PIPE.INC,1.3,,2.2,,914.4,,100,8.07318,14718,0,0,0,0,0,0,0,0,0,0,0,0,0,9930,,"""WELWD-A0""",,863.6,0,0,0,0,,,11.99,12.04,WELWD-A0,,NO_WELWD_08_1_S,No,,,,,,,,,,10.2886,16470,1988
T_WLBER_09_9_STLCT,,,,,,,,,,COLEBROOK,NO_WLBER_09_9_D,INPREP_INC\KSTA\KSTA_PIPE.INC,1.3,,2.2,,914.4,,100,40.8804,13580,0,0,0,0,0,0,0,0,0,0,0,0,0,9930,,"""WLBER-A0""",,762,0,0,0,0,,,18.86,18.53,WLBER-A0,,NO_STLCT_S,No,,,,,,,,,,13.0826,29870,1988
T_WLBER_WLBER_09_9,,,,,,,,,,COLEBROOK,NO_WLBER_D,INPREP_INC\KSTA\KSTA_PIPE.INC,1.3,,2.2,,914.4,,100,16.1517,15762,0,0,0,0,0,0,0,0,0,0,0,0,0,9930,,"""WLBER-A0""",,762,0,0,0,0,,,18.53,18.4,WLBER-A0,,NO_WLBER_09_9_S,No,,,,,,,,,,12.4993,29470,1988
T_WNSBR_01A_WNSBR_02A_CKV,,,,,,,,,,COLEBROOK,NO_WNSBR_01A_D,INPREP_INC\KSTD\KSTD_PIPE.INC,1.3,,2.2,,914.4,,100,8.57841,1839,0,0,0,0,0,0,0,0,0,0,0,0,0,9930,,"""WNSBR-B0""",,914.4,0,0,0,0,,,21.39,21.93,WNSBR-B0,,NO_WNSBR_02A_CKV_S,No,,,,,,,,,,14.1608,38980,4653
T_WNSBR_01B_WNSBR_01A,,,,,,,,,,COLEBROOK,NO_WNSBR_01B_D,INPREP_INC\KSTD\KSTD_PIPE.INC,1.3,,2.2,,914.4,,100,16.1986,1748,0,0,0,0,0,0,0,0,0,0,0,0,0,9930,,"""WNSBR-B0""",,914.4,0,0,0,0,,,21.39,21.93,WNSBR-B0,,NO_WNSBR_01A_S,No,,,,,,,,,,14.0563,38980,5253
T_WNSBR_02A_WNSBR_03A,,,,,,,,,,COLEBROOK,NO_WNSBR_02A_D,INPREP_INC\KSTD\KSTD_PIPE.INC,1.3,,2.2,,914.4,,100,16.1446,1903,0,0,0,0,0,0,0,0,0,0,0,0,0,9930,,"""WNSBR-B0""",,914.4,0,0,0,0,,,21.39,21.93,WNSBR-B0,,NO_WNSBR_03A_S,No,,,,,,,,,,14.6565,39380,4953
T_WNSBR_03A_LKTLR,,,,,,,,,,COLEBROOK,NO_WNSBR_03A_D,INPREP_INC\KSTD\KSTD_PIPE.INC,1.3,,2.2,,914.4,,100,10.6103,2349,0,0,0,0,0,0,0,0,0,0,0,0,0,9930,,"""WNSBR-B0""",,914.4,0,0,0,0,,,21.39,21.93,WNSBR-B0,,NO_LKTLR_S,No,,,,,,,,,,13.7618,39380,5801
T_WNSBR_WNSBR_01B,,,,,,,,,,COLEBROOK,NO_WNSBR_D,INPREP_INC\KSTD\KSTD_PIPE.INC,1.3,,2.2,,914.4,,100,22.3491,1656,0,0,0,0,0,0,0,0,0,0,0,0,0,9930,,"""WNSBR-B0""",,914.4,0,0,0,0,,,21.39,21.93,WNSBR-B0,,NO_WNSBR_01B_S,No,,,,,,,,,,14.0721,38980,5801
T_WTWOD_24_7_MOSMI,,,,,,,,,,COLEBROOK,NO_WTWOD_24_7_D,INPREP_INC\KSTA\KSTA_PIPE.INC,1.3,,2.2,,914.4,,100,27.4424,8967,0,0,0,0,0,0,0,0,0,0,0,0,0,9930,,"""WTWOD-A0""",,863.6,0,0,0,0,,,13,13.18,WTWOD-A0,,NO_MOSMI_S,No,,,,,,,,,,9.60572,13670,1988
T_WTWOD_WTWOD_24_7,,,,,,,,,,COLEBROOK,NO_WTWOD_D,INPREP_INC\KSTA\KSTA_PIPE.INC,1.3,,2.2,,914.4,,100,24.5913,13686,0,0,0,0,0,0,0,0,0,0,0,0,0,9930,,"""WTWOD-A0""",,863.6,0,0,0,0,,,13.18,13.33,WTWOD-A0,,NO_WTWOD_24_7_S,No,,,,,,,,,,9.54956,13270,1988
